STT,Team,Median of Age,Mean of Age,Std of Age,Median of G,Mean of G,Std of G,Median of GS,Mean of GS,Std of GS,Median of MP,Mean of MP,Std of MP,Median of MP/G,Mean of MP/G,Std of MP/G,Median of Weight,Mean of Weight,Std of Weight,Median of PTS,Mean of PTS,Std of PTS,Median of TRB,Mean of TRB,Std of TRB,Median of ORB,Mean of ORB,Std of ORB,Median of DRB,Mean of DRB,Std of DRB,Median of AST,Mean of AST,Std of AST,Median of STL,Mean of STL,Std of STL,Median of BLK,Mean of BLK,Std of BLK,Median of TOV,Mean of TOV,Std of TOV,Median of PF,Mean of PF,Std of PF,Median of FG,Mean of FG,Std of FG,Median of FGA,Mean of FGA,Std of FGA,Median of FG%,Mean of FG%,Std of FG%,Median of 3P,Mean of 3P,Std of 3P,Median of 3PA,Mean of 3PA,Std of 3PA,Median of 3P%,Mean of 3P%,Std of 3P%,Median of 2P,Mean of 2P,Std of 2P,Median of 2PA,Mean of 2PA,Std of 2PA,Median of 2P%,Mean of 2P%,Std of 2P%,Median of FT,Mean of FT,Std of FT,Median of FTA,Mean of FTA,Std of FTA,Median of FT%,Mean of FT%,Std of FT%,Median of eFG%,Mean of eFG%,Std of eFG%,Median of PTS_per100,Mean of PTS_per100,Std of PTS_per100,Median of TRB_per100,Mean of TRB_per100,Std of TRB_per100,Median of AST_per100,Mean of AST_per100,Std of AST_per100,Median of STL_per100,Mean of STL_per100,Std of STL_per100,Median of BLK_per100,Mean of BLK_per100,Std of BLK_per100,Median of TOV_per100,Mean of TOV_per100,Std of TOV_per100,Median of ORtg,Mean of ORtg,Std of ORtg,Median of DRtg,Mean of DRtg,Std of DRtg,Median of PER,Mean of PER,Std of PER,Median of TS%,Mean of TS%,Std of TS%,Median of 3PAr,Mean of 3PAr,Std of 3PAr,Median of FTr,Mean of FTr,Std of FTr,Median of USG%,Mean of USG%,Std of USG%,Median of ORB%,Mean of ORB%,Std of ORB%,Median of DRB%,Mean of DRB%,Std of DRB%,Median of TRB%,Mean of TRB%,Std of TRB%,Median of AST%,Mean of AST%,Std of AST%,Median of STL%,Mean of STL%,Std of STL%,Median of BLK%,Mean of BLK%,Std of BLK%,Median of TOV%,Mean of TOV%,Std of TOV%,Median of OWS,Mean of OWS,Std of OWS,Median of DWS,Mean of DWS,Std of DWS,Median of WS,Mean of WS,Std of WS,Median of WS/48,Mean of WS/48,Std of WS/48,Median of OBPM,Mean of OBPM,Std of OBPM,Median of DBPM,Mean of DBPM,Std of DBPM,Median of BPM,Mean of BPM,Std of BPM,Median of VORP,Mean of VORP,Std of VORP,Median of AvgDist,Mean of AvgDist,Std of AvgDist,Median of %FGA_2P,Mean of %FGA_2P,Std of %FGA_2P,Median of %FGA_0-3ft,Mean of %FGA_0-3ft,Std of %FGA_0-3ft,Median of %FGA_3-10ft,Mean of %FGA_3-10ft,Std of %FGA_3-10ft,Median of %FGA_10-16ft,Mean of %FGA_10-16ft,Std of %FGA_10-16ft,Median of %FGA_16ft-3P,Mean of %FGA_16ft-3P,Std of %FGA_16ft-3P,Median of %FGA_3P,Mean of %FGA_3P,Std of %FGA_3P,Median of FG%_2P,Mean of FG%_2P,Std of FG%_2P,Median of FG%_0-3ft,Mean of FG%_0-3ft,Std of FG%_0-3ft,Median of FG%_3-10ft,Mean of FG%_3-10ft,Std of FG%_3-10ft,Median of FG%_10-16ft,Mean of FG%_10-16ft,Std of FG%_10-16ft,Median of FG%_16ft-3P,Mean of FG%_16ft-3P,Std of FG%_16ft-3P,Median of FG%_3P,Mean of FG%_3P,Std of FG%_3P,Median of %Assisted_2P,Mean of %Assisted_2P,Std of %Assisted_2P,Median of %Assisted_3P,Mean of %Assisted_3P,Std of %Assisted_3P,Median of Dunks_%FGA,Mean of Dunks_%FGA,Std of Dunks_%FGA,Median of Dunks,Mean of Dunks,Std of Dunks,Median of Corner3_%3PA,Mean of Corner3_%3PA,Std of Corner3_%3PA,Median of Corner3_3P%,Mean of Corner3_3P%,Std of Corner3_3P%,Median of %Time_PG,Mean of %Time_PG,Std of %Time_PG,Median of %Time_SG,Mean of %Time_SG,Std of %Time_SG,Median of %Time_SF,Mean of %Time_SF,Std of %Time_SF,Median of %Time_PF,Mean of %Time_PF,Std of %Time_PF,Median of %Time_C,Mean of %Time_C,Std of %Time_C,Median of OnCourt_per100,Mean of OnCourt_per100,Std of OnCourt_per100,Median of OnOff_per100,Mean of OnOff_per100,Std of OnOff_per100,Median of BadPass,Mean of BadPass,Std of BadPass,Median of LostBall,Mean of LostBall,Std of LostBall,Median of Foul_Shooting,Mean of Foul_Shooting,Std of Foul_Shooting,Median of Foul_Offensive,Mean of Foul_Offensive,Std of Foul_Offensive,Median of Drawn_Shooting,Mean of Drawn_Shooting,Std of Drawn_Shooting,Median of Drawn_Offensive,Mean of Drawn_Offensive,Std of Drawn_Offensive,Median of PGA,Mean of PGA,Std of PGA,Median of And1,Mean of And1,Std of And1,Median of Blkd,Mean of Blkd,Std of Blkd
0,all,25.0,26.102844638949673,4.286905373315041,58.0,55.00437636761488,18.277106236610642,16.0,26.835886214442013,26.45314839924801,1234.0,1280.5229759299782,721.7102738062141,22.0,22.173522975929977,8.165434425654785,N/a,N/a,N/a,8.9,10.380087527352298,6.390780914260521,3.5,4.0929978118161925,2.3554051282056885,0.8,1.0442013129102845,0.7617603307402537,2.7,3.0518599562363233,1.7595983138087987,1.8,2.4120350109409197,1.8439587273703357,0.7,0.7663019693654268,0.38508671365756875,0.4,0.461706783369803,0.41204418917813096,1.0,1.2531728665207875,0.8221413783096101,1.7,1.7297592997811817,0.6315798791053568,187.0,222.05032822757113,165.97933607944844,411.0,474.44201312910286,344.75604365193493,0.456,0.4662144420131291,0.0737465280878087,58.0,72.06126914660831,63.97604891168759,163.0,199.5098468271335,167.3823900120939,0.35,0.33008352144469527,0.09137013767177773,113.0,149.9890590809628,128.79509894251694,212.0,274.93216630196935,229.09718355166558,0.534,0.5392407002188183,0.07416629493760475,60.0,90.13129102844638,91.81641821966939,78.0,115.44201312910285,112.35240526071637,0.776,0.7621575492341357,0.10358660941512139,0.539,0.5403654266958424,0.06084287308776689,20.4,21.332166301969362,6.728011155804802,8.1,9.075492341356673,4.009578858048625,4.4,4.951859956236324,2.587936300633038,1.6,1.7008752735229757,0.6523904255152182,0.8,1.0404814004376368,0.8553509258438288,2.4,2.6102844638949674,1.0603103474633853,115.0,114.66958424507659,9.813067194581185,115.0,114.75492341356674,4.071335243256369,13.6,14.197592997811817,4.245500030552884,0.571,0.5688862144420131,0.05754308231837714,0.448,0.42,0.20614602642429544,0.225,0.23475929978118165,0.10938634174755149,17.6,18.74967177242888,5.46180165369552,4.4,5.4792122538293215,3.8038624519734867,13.5,14.962582056892778,5.9422495137173295,9.1,10.210722100656454,4.512545247308453,12.8,14.876148796498905,8.256370483254642,1.6,1.700437636761488,0.6524580924779896,1.5,2.007439824945296,1.642015973565904,12.0,12.323851203501095,3.9560441271181235,1.0,1.4542669584245074,1.8356688748384324,1.0,1.2956236323851202,0.9930804980366081,2.0,2.75164113785558,2.591459179295151,0.093,0.09415098468271335,0.057224292896401824,-0.8,-0.6409190371991247,2.4683455704728123,0.0,0.026695842450765866,1.2620075126994572,-0.8,-0.6168490153172868,2.894527603862511,0.3,0.6695842450765864,1.294681445787738,14.7,13.994967177242888,4.817183793760384,0.552,0.58,0.20614602642429544,0.215,0.2507483588621444,0.15373862860008813,0.202,0.21394310722100654,0.09488285160155809,0.066,0.07758424507658644,0.05507628295573788,0.028,0.03777899343544858,0.03689852961272439,0.448,0.42,0.20614602642429544,0.534,0.5392407002188183,0.07416629493760475,0.686,0.6818555798687089,0.08592653517955583,0.441,0.44265864332603944,0.09122620752494029,0.412,0.39675446428571426,0.16344320135603982,0.375,0.3558585131894485,0.2156345324106888,0.35,0.33008352144469527,0.09137013767177773,0.593,0.5740547045951859,0.1684408352606359,0.935,0.8791011764705883,0.14374859022616152,0.04,0.0763019693654267,0.09997368434694485,11.0,25.542669584245075,34.70727898852803,0.268,0.2951738148984199,0.17090494841939824,0.375,0.35904337899543387,0.13007931197763375,0.0,19.573304157549234,33.75497995457918,3.0,19.297592997811815,25.3772210743571,4.0,18.62800875273523,23.761458984827517,2.0,19.800875273522976,27.9627289397607,0.0,22.798687089715536,37.3557306488252,-1.0,-1.1008752735229759,7.223466213979054,-0.2,-0.39431072210065643,6.084919020904006,26.0,36.24945295404814,33.55884993099902,16.0,21.24288840262582,18.234945688715754,50.0,51.72210065645514,28.156973318429635,6.0,7.409190371991247,7.288010070686881,35.0,52.15098468271335,51.292217999592765,4.0,7.387308533916849,9.14724174578948,241.0,342.8249452954048,315.17774154012284,8.0,12.045951859956237,12.604304734137886,21.0,25.925601750547045,19.847857194625384
1,ATL,25.0,26.102844638949673,4.286905373315041,58.0,55.00437636761488,18.277106236610642,16.0,26.835886214442013,26.45314839924801,1234.0,1280.5229759299782,721.7102738062141,22.0,22.173522975929977,8.165434425654785,N/a,N/a,N/a,8.9,10.380087527352298,6.390780914260521,3.5,4.0929978118161925,2.3554051282056885,0.8,1.0442013129102845,0.7617603307402537,2.7,3.0518599562363233,1.7595983138087987,1.8,2.4120350109409197,1.8439587273703357,0.7,0.7663019693654268,0.38508671365756875,0.4,0.461706783369803,0.41204418917813096,1.0,1.2531728665207875,0.8221413783096101,1.7,1.7297592997811817,0.6315798791053568,187.0,222.05032822757113,165.97933607944844,411.0,474.44201312910286,344.75604365193493,0.456,0.4662144420131291,0.0737465280878087,58.0,72.06126914660831,63.97604891168759,163.0,199.5098468271335,167.3823900120939,0.35,0.33008352144469527,0.09137013767177773,113.0,149.9890590809628,128.79509894251694,212.0,274.93216630196935,229.09718355166558,0.534,0.5392407002188183,0.07416629493760475,60.0,90.13129102844638,91.81641821966939,78.0,115.44201312910285,112.35240526071637,0.776,0.7621575492341357,0.10358660941512139,0.539,0.5403654266958424,0.06084287308776689,20.4,21.332166301969362,6.728011155804802,8.1,9.075492341356673,4.009578858048625,4.4,4.951859956236324,2.587936300633038,1.6,1.7008752735229757,0.6523904255152182,0.8,1.0404814004376368,0.8553509258438288,2.4,2.6102844638949674,1.0603103474633853,115.0,114.66958424507659,9.813067194581185,115.0,114.75492341356674,4.071335243256369,13.6,14.197592997811817,4.245500030552884,0.571,0.5688862144420131,0.05754308231837714,0.448,0.42,0.20614602642429544,0.225,0.23475929978118165,0.10938634174755149,17.6,18.74967177242888,5.46180165369552,4.4,5.4792122538293215,3.8038624519734867,13.5,14.962582056892778,5.9422495137173295,9.1,10.210722100656454,4.512545247308453,12.8,14.876148796498905,8.256370483254642,1.6,1.700437636761488,0.6524580924779896,1.5,2.007439824945296,1.642015973565904,12.0,12.323851203501095,3.9560441271181235,1.0,1.4542669584245074,1.8356688748384324,1.0,1.2956236323851202,0.9930804980366081,2.0,2.75164113785558,2.591459179295151,0.093,0.09415098468271335,0.057224292896401824,-0.8,-0.6409190371991247,2.4683455704728123,0.0,0.026695842450765866,1.2620075126994572,-0.8,-0.6168490153172868,2.894527603862511,0.3,0.6695842450765864,1.294681445787738,14.7,13.994967177242888,4.817183793760384,0.552,0.58,0.20614602642429544,0.215,0.2507483588621444,0.15373862860008813,0.202,0.21394310722100654,0.09488285160155809,0.066,0.07758424507658644,0.05507628295573788,0.028,0.03777899343544858,0.03689852961272439,0.448,0.42,0.20614602642429544,0.534,0.5392407002188183,0.07416629493760475,0.686,0.6818555798687089,0.08592653517955583,0.441,0.44265864332603944,0.09122620752494029,0.412,0.39675446428571426,0.16344320135603982,0.375,0.3558585131894485,0.2156345324106888,0.35,0.33008352144469527,0.09137013767177773,0.593,0.5740547045951859,0.1684408352606359,0.935,0.8791011764705883,0.14374859022616152,0.04,0.0763019693654267,0.09997368434694485,11.0,25.542669584245075,34.70727898852803,0.268,0.2951738148984199,0.17090494841939824,0.375,0.35904337899543387,0.13007931197763375,0.0,19.573304157549234,33.75497995457918,3.0,19.297592997811815,25.3772210743571,4.0,18.62800875273523,23.761458984827517,2.0,19.800875273522976,27.9627289397607,0.0,22.798687089715536,37.3557306488252,-1.0,-1.1008752735229759,7.223466213979054,-0.2,-0.39431072210065643,6.084919020904006,26.0,36.24945295404814,33.55884993099902,16.0,21.24288840262582,18.234945688715754,50.0,51.72210065645514,28.156973318429635,6.0,7.409190371991247,7.288010070686881,35.0,52.15098468271335,51.292217999592765,4.0,7.387308533916849,9.14724174578948,241.0,342.8249452954048,315.17774154012284,8.0,12.045951859956237,12.604304734137886,21.0,25.925601750547045,19.847857194625384
2,BOS,25.0,26.102844638949673,4.286905373315041,58.0,55.00437636761488,18.277106236610642,16.0,26.835886214442013,26.45314839924801,1234.0,1280.5229759299782,721.7102738062141,22.0,22.173522975929977,8.165434425654785,N/a,N/a,N/a,8.9,10.380087527352298,6.390780914260521,3.5,4.0929978118161925,2.3554051282056885,0.8,1.0442013129102845,0.7617603307402537,2.7,3.0518599562363233,1.7595983138087987,1.8,2.4120350109409197,1.8439587273703357,0.7,0.7663019693654268,0.38508671365756875,0.4,0.461706783369803,0.41204418917813096,1.0,1.2531728665207875,0.8221413783096101,1.7,1.7297592997811817,0.6315798791053568,187.0,222.05032822757113,165.97933607944844,411.0,474.44201312910286,344.75604365193493,0.456,0.4662144420131291,0.0737465280878087,58.0,72.06126914660831,63.97604891168759,163.0,199.5098468271335,167.3823900120939,0.35,0.33008352144469527,0.09137013767177773,113.0,149.9890590809628,128.79509894251694,212.0,274.93216630196935,229.09718355166558,0.534,0.5392407002188183,0.07416629493760475,60.0,90.13129102844638,91.81641821966939,78.0,115.44201312910285,112.35240526071637,0.776,0.7621575492341357,0.10358660941512139,0.539,0.5403654266958424,0.06084287308776689,20.4,21.332166301969362,6.728011155804802,8.1,9.075492341356673,4.009578858048625,4.4,4.951859956236324,2.587936300633038,1.6,1.7008752735229757,0.6523904255152182,0.8,1.0404814004376368,0.8553509258438288,2.4,2.6102844638949674,1.0603103474633853,115.0,114.66958424507659,9.813067194581185,115.0,114.75492341356674,4.071335243256369,13.6,14.197592997811817,4.245500030552884,0.571,0.5688862144420131,0.05754308231837714,0.448,0.42,0.20614602642429544,0.225,0.23475929978118165,0.10938634174755149,17.6,18.74967177242888,5.46180165369552,4.4,5.4792122538293215,3.8038624519734867,13.5,14.962582056892778,5.9422495137173295,9.1,10.210722100656454,4.512545247308453,12.8,14.876148796498905,8.256370483254642,1.6,1.700437636761488,0.6524580924779896,1.5,2.007439824945296,1.642015973565904,12.0,12.323851203501095,3.9560441271181235,1.0,1.4542669584245074,1.8356688748384324,1.0,1.2956236323851202,0.9930804980366081,2.0,2.75164113785558,2.591459179295151,0.093,0.09415098468271335,0.057224292896401824,-0.8,-0.6409190371991247,2.4683455704728123,0.0,0.026695842450765866,1.2620075126994572,-0.8,-0.6168490153172868,2.894527603862511,0.3,0.6695842450765864,1.294681445787738,14.7,13.994967177242888,4.817183793760384,0.552,0.58,0.20614602642429544,0.215,0.2507483588621444,0.15373862860008813,0.202,0.21394310722100654,0.09488285160155809,0.066,0.07758424507658644,0.05507628295573788,0.028,0.03777899343544858,0.03689852961272439,0.448,0.42,0.20614602642429544,0.534,0.5392407002188183,0.07416629493760475,0.686,0.6818555798687089,0.08592653517955583,0.441,0.44265864332603944,0.09122620752494029,0.412,0.39675446428571426,0.16344320135603982,0.375,0.3558585131894485,0.2156345324106888,0.35,0.33008352144469527,0.09137013767177773,0.593,0.5740547045951859,0.1684408352606359,0.935,0.8791011764705883,0.14374859022616152,0.04,0.0763019693654267,0.09997368434694485,11.0,25.542669584245075,34.70727898852803,0.268,0.2951738148984199,0.17090494841939824,0.375,0.35904337899543387,0.13007931197763375,0.0,19.573304157549234,33.75497995457918,3.0,19.297592997811815,25.3772210743571,4.0,18.62800875273523,23.761458984827517,2.0,19.800875273522976,27.9627289397607,0.0,22.798687089715536,37.3557306488252,-1.0,-1.1008752735229759,7.223466213979054,-0.2,-0.39431072210065643,6.084919020904006,26.0,36.24945295404814,33.55884993099902,16.0,21.24288840262582,18.234945688715754,50.0,51.72210065645514,28.156973318429635,6.0,7.409190371991247,7.288010070686881,35.0,52.15098468271335,51.292217999592765,4.0,7.387308533916849,9.14724174578948,241.0,342.8249452954048,315.17774154012284,8.0,12.045951859956237,12.604304734137886,21.0,25.925601750547045,19.847857194625384
3,BRK,25.0,26.102844638949673,4.286905373315041,58.0,55.00437636761488,18.277106236610642,16.0,26.835886214442013,26.45314839924801,1234.0,1280.5229759299782,721.7102738062141,22.0,22.173522975929977,8.165434425654785,N/a,N/a,N/a,8.9,10.380087527352298,6.390780914260521,3.5,4.0929978118161925,2.3554051282056885,0.8,1.0442013129102845,0.7617603307402537,2.7,3.0518599562363233,1.7595983138087987,1.8,2.4120350109409197,1.8439587273703357,0.7,0.7663019693654268,0.38508671365756875,0.4,0.461706783369803,0.41204418917813096,1.0,1.2531728665207875,0.8221413783096101,1.7,1.7297592997811817,0.6315798791053568,187.0,222.05032822757113,165.97933607944844,411.0,474.44201312910286,344.75604365193493,0.456,0.4662144420131291,0.0737465280878087,58.0,72.06126914660831,63.97604891168759,163.0,199.5098468271335,167.3823900120939,0.35,0.33008352144469527,0.09137013767177773,113.0,149.9890590809628,128.79509894251694,212.0,274.93216630196935,229.09718355166558,0.534,0.5392407002188183,0.07416629493760475,60.0,90.13129102844638,91.81641821966939,78.0,115.44201312910285,112.35240526071637,0.776,0.7621575492341357,0.10358660941512139,0.539,0.5403654266958424,0.06084287308776689,20.4,21.332166301969362,6.728011155804802,8.1,9.075492341356673,4.009578858048625,4.4,4.951859956236324,2.587936300633038,1.6,1.7008752735229757,0.6523904255152182,0.8,1.0404814004376368,0.8553509258438288,2.4,2.6102844638949674,1.0603103474633853,115.0,114.66958424507659,9.813067194581185,115.0,114.75492341356674,4.071335243256369,13.6,14.197592997811817,4.245500030552884,0.571,0.5688862144420131,0.05754308231837714,0.448,0.42,0.20614602642429544,0.225,0.23475929978118165,0.10938634174755149,17.6,18.74967177242888,5.46180165369552,4.4,5.4792122538293215,3.8038624519734867,13.5,14.962582056892778,5.9422495137173295,9.1,10.210722100656454,4.512545247308453,12.8,14.876148796498905,8.256370483254642,1.6,1.700437636761488,0.6524580924779896,1.5,2.007439824945296,1.642015973565904,12.0,12.323851203501095,3.9560441271181235,1.0,1.4542669584245074,1.8356688748384324,1.0,1.2956236323851202,0.9930804980366081,2.0,2.75164113785558,2.591459179295151,0.093,0.09415098468271335,0.057224292896401824,-0.8,-0.6409190371991247,2.4683455704728123,0.0,0.026695842450765866,1.2620075126994572,-0.8,-0.6168490153172868,2.894527603862511,0.3,0.6695842450765864,1.294681445787738,14.7,13.994967177242888,4.817183793760384,0.552,0.58,0.20614602642429544,0.215,0.2507483588621444,0.15373862860008813,0.202,0.21394310722100654,0.09488285160155809,0.066,0.07758424507658644,0.05507628295573788,0.028,0.03777899343544858,0.03689852961272439,0.448,0.42,0.20614602642429544,0.534,0.5392407002188183,0.07416629493760475,0.686,0.6818555798687089,0.08592653517955583,0.441,0.44265864332603944,0.09122620752494029,0.412,0.39675446428571426,0.16344320135603982,0.375,0.3558585131894485,0.2156345324106888,0.35,0.33008352144469527,0.09137013767177773,0.593,0.5740547045951859,0.1684408352606359,0.935,0.8791011764705883,0.14374859022616152,0.04,0.0763019693654267,0.09997368434694485,11.0,25.542669584245075,34.70727898852803,0.268,0.2951738148984199,0.17090494841939824,0.375,0.35904337899543387,0.13007931197763375,0.0,19.573304157549234,33.75497995457918,3.0,19.297592997811815,25.3772210743571,4.0,18.62800875273523,23.761458984827517,2.0,19.800875273522976,27.9627289397607,0.0,22.798687089715536,37.3557306488252,-1.0,-1.1008752735229759,7.223466213979054,-0.2,-0.39431072210065643,6.084919020904006,26.0,36.24945295404814,33.55884993099902,16.0,21.24288840262582,18.234945688715754,50.0,51.72210065645514,28.156973318429635,6.0,7.409190371991247,7.288010070686881,35.0,52.15098468271335,51.292217999592765,4.0,7.387308533916849,9.14724174578948,241.0,342.8249452954048,315.17774154012284,8.0,12.045951859956237,12.604304734137886,21.0,25.925601750547045,19.847857194625384
4,CHI,25.0,26.102844638949673,4.286905373315041,58.0,55.00437636761488,18.277106236610642,16.0,26.835886214442013,26.45314839924801,1234.0,1280.5229759299782,721.7102738062141,22.0,22.173522975929977,8.165434425654785,N/a,N/a,N/a,8.9,10.380087527352298,6.390780914260521,3.5,4.0929978118161925,2.3554051282056885,0.8,1.0442013129102845,0.7617603307402537,2.7,3.0518599562363233,1.7595983138087987,1.8,2.4120350109409197,1.8439587273703357,0.7,0.7663019693654268,0.38508671365756875,0.4,0.461706783369803,0.41204418917813096,1.0,1.2531728665207875,0.8221413783096101,1.7,1.7297592997811817,0.6315798791053568,187.0,222.05032822757113,165.97933607944844,411.0,474.44201312910286,344.75604365193493,0.456,0.4662144420131291,0.0737465280878087,58.0,72.06126914660831,63.97604891168759,163.0,199.5098468271335,167.3823900120939,0.35,0.33008352144469527,0.09137013767177773,113.0,149.9890590809628,128.79509894251694,212.0,274.93216630196935,229.09718355166558,0.534,0.5392407002188183,0.07416629493760475,60.0,90.13129102844638,91.81641821966939,78.0,115.44201312910285,112.35240526071637,0.776,0.7621575492341357,0.10358660941512139,0.539,0.5403654266958424,0.06084287308776689,20.4,21.332166301969362,6.728011155804802,8.1,9.075492341356673,4.009578858048625,4.4,4.951859956236324,2.587936300633038,1.6,1.7008752735229757,0.6523904255152182,0.8,1.0404814004376368,0.8553509258438288,2.4,2.6102844638949674,1.0603103474633853,115.0,114.66958424507659,9.813067194581185,115.0,114.75492341356674,4.071335243256369,13.6,14.197592997811817,4.245500030552884,0.571,0.5688862144420131,0.05754308231837714,0.448,0.42,0.20614602642429544,0.225,0.23475929978118165,0.10938634174755149,17.6,18.74967177242888,5.46180165369552,4.4,5.4792122538293215,3.8038624519734867,13.5,14.962582056892778,5.9422495137173295,9.1,10.210722100656454,4.512545247308453,12.8,14.876148796498905,8.256370483254642,1.6,1.700437636761488,0.6524580924779896,1.5,2.007439824945296,1.642015973565904,12.0,12.323851203501095,3.9560441271181235,1.0,1.4542669584245074,1.8356688748384324,1.0,1.2956236323851202,0.9930804980366081,2.0,2.75164113785558,2.591459179295151,0.093,0.09415098468271335,0.057224292896401824,-0.8,-0.6409190371991247,2.4683455704728123,0.0,0.026695842450765866,1.2620075126994572,-0.8,-0.6168490153172868,2.894527603862511,0.3,0.6695842450765864,1.294681445787738,14.7,13.994967177242888,4.817183793760384,0.552,0.58,0.20614602642429544,0.215,0.2507483588621444,0.15373862860008813,0.202,0.21394310722100654,0.09488285160155809,0.066,0.07758424507658644,0.05507628295573788,0.028,0.03777899343544858,0.03689852961272439,0.448,0.42,0.20614602642429544,0.534,0.5392407002188183,0.07416629493760475,0.686,0.6818555798687089,0.08592653517955583,0.441,0.44265864332603944,0.09122620752494029,0.412,0.39675446428571426,0.16344320135603982,0.375,0.3558585131894485,0.2156345324106888,0.35,0.33008352144469527,0.09137013767177773,0.593,0.5740547045951859,0.1684408352606359,0.935,0.8791011764705883,0.14374859022616152,0.04,0.0763019693654267,0.09997368434694485,11.0,25.542669584245075,34.70727898852803,0.268,0.2951738148984199,0.17090494841939824,0.375,0.35904337899543387,0.13007931197763375,0.0,19.573304157549234,33.75497995457918,3.0,19.297592997811815,25.3772210743571,4.0,18.62800875273523,23.761458984827517,2.0,19.800875273522976,27.9627289397607,0.0,22.798687089715536,37.3557306488252,-1.0,-1.1008752735229759,7.223466213979054,-0.2,-0.39431072210065643,6.084919020904006,26.0,36.24945295404814,33.55884993099902,16.0,21.24288840262582,18.234945688715754,50.0,51.72210065645514,28.156973318429635,6.0,7.409190371991247,7.288010070686881,35.0,52.15098468271335,51.292217999592765,4.0,7.387308533916849,9.14724174578948,241.0,342.8249452954048,315.17774154012284,8.0,12.045951859956237,12.604304734137886,21.0,25.925601750547045,19.847857194625384
5,CHO,25.0,26.102844638949673,4.286905373315041,58.0,55.00437636761488,18.277106236610642,16.0,26.835886214442013,26.45314839924801,1234.0,1280.5229759299782,721.7102738062141,22.0,22.173522975929977,8.165434425654785,N/a,N/a,N/a,8.9,10.380087527352298,6.390780914260521,3.5,4.0929978118161925,2.3554051282056885,0.8,1.0442013129102845,0.7617603307402537,2.7,3.0518599562363233,1.7595983138087987,1.8,2.4120350109409197,1.8439587273703357,0.7,0.7663019693654268,0.38508671365756875,0.4,0.461706783369803,0.41204418917813096,1.0,1.2531728665207875,0.8221413783096101,1.7,1.7297592997811817,0.6315798791053568,187.0,222.05032822757113,165.97933607944844,411.0,474.44201312910286,344.75604365193493,0.456,0.4662144420131291,0.0737465280878087,58.0,72.06126914660831,63.97604891168759,163.0,199.5098468271335,167.3823900120939,0.35,0.33008352144469527,0.09137013767177773,113.0,149.9890590809628,128.79509894251694,212.0,274.93216630196935,229.09718355166558,0.534,0.5392407002188183,0.07416629493760475,60.0,90.13129102844638,91.81641821966939,78.0,115.44201312910285,112.35240526071637,0.776,0.7621575492341357,0.10358660941512139,0.539,0.5403654266958424,0.06084287308776689,20.4,21.332166301969362,6.728011155804802,8.1,9.075492341356673,4.009578858048625,4.4,4.951859956236324,2.587936300633038,1.6,1.7008752735229757,0.6523904255152182,0.8,1.0404814004376368,0.8553509258438288,2.4,2.6102844638949674,1.0603103474633853,115.0,114.66958424507659,9.813067194581185,115.0,114.75492341356674,4.071335243256369,13.6,14.197592997811817,4.245500030552884,0.571,0.5688862144420131,0.05754308231837714,0.448,0.42,0.20614602642429544,0.225,0.23475929978118165,0.10938634174755149,17.6,18.74967177242888,5.46180165369552,4.4,5.4792122538293215,3.8038624519734867,13.5,14.962582056892778,5.9422495137173295,9.1,10.210722100656454,4.512545247308453,12.8,14.876148796498905,8.256370483254642,1.6,1.700437636761488,0.6524580924779896,1.5,2.007439824945296,1.642015973565904,12.0,12.323851203501095,3.9560441271181235,1.0,1.4542669584245074,1.8356688748384324,1.0,1.2956236323851202,0.9930804980366081,2.0,2.75164113785558,2.591459179295151,0.093,0.09415098468271335,0.057224292896401824,-0.8,-0.6409190371991247,2.4683455704728123,0.0,0.026695842450765866,1.2620075126994572,-0.8,-0.6168490153172868,2.894527603862511,0.3,0.6695842450765864,1.294681445787738,14.7,13.994967177242888,4.817183793760384,0.552,0.58,0.20614602642429544,0.215,0.2507483588621444,0.15373862860008813,0.202,0.21394310722100654,0.09488285160155809,0.066,0.07758424507658644,0.05507628295573788,0.028,0.03777899343544858,0.03689852961272439,0.448,0.42,0.20614602642429544,0.534,0.5392407002188183,0.07416629493760475,0.686,0.6818555798687089,0.08592653517955583,0.441,0.44265864332603944,0.09122620752494029,0.412,0.39675446428571426,0.16344320135603982,0.375,0.3558585131894485,0.2156345324106888,0.35,0.33008352144469527,0.09137013767177773,0.593,0.5740547045951859,0.1684408352606359,0.935,0.8791011764705883,0.14374859022616152,0.04,0.0763019693654267,0.09997368434694485,11.0,25.542669584245075,34.70727898852803,0.268,0.2951738148984199,0.17090494841939824,0.375,0.35904337899543387,0.13007931197763375,0.0,19.573304157549234,33.75497995457918,3.0,19.297592997811815,25.3772210743571,4.0,18.62800875273523,23.761458984827517,2.0,19.800875273522976,27.9627289397607,0.0,22.798687089715536,37.3557306488252,-1.0,-1.1008752735229759,7.223466213979054,-0.2,-0.39431072210065643,6.084919020904006,26.0,36.24945295404814,33.55884993099902,16.0,21.24288840262582,18.234945688715754,50.0,51.72210065645514,28.156973318429635,6.0,7.409190371991247,7.288010070686881,35.0,52.15098468271335,51.292217999592765,4.0,7.387308533916849,9.14724174578948,241.0,342.8249452954048,315.17774154012284,8.0,12.045951859956237,12.604304734137886,21.0,25.925601750547045,19.847857194625384
6,CLE,25.0,26.102844638949673,4.286905373315041,58.0,55.00437636761488,18.277106236610642,16.0,26.835886214442013,26.45314839924801,1234.0,1280.5229759299782,721.7102738062141,22.0,22.173522975929977,8.165434425654785,N/a,N/a,N/a,8.9,10.380087527352298,6.390780914260521,3.5,4.0929978118161925,2.3554051282056885,0.8,1.0442013129102845,0.7617603307402537,2.7,3.0518599562363233,1.7595983138087987,1.8,2.4120350109409197,1.8439587273703357,0.7,0.7663019693654268,0.38508671365756875,0.4,0.461706783369803,0.41204418917813096,1.0,1.2531728665207875,0.8221413783096101,1.7,1.7297592997811817,0.6315798791053568,187.0,222.05032822757113,165.97933607944844,411.0,474.44201312910286,344.75604365193493,0.456,0.4662144420131291,0.0737465280878087,58.0,72.06126914660831,63.97604891168759,163.0,199.5098468271335,167.3823900120939,0.35,0.33008352144469527,0.09137013767177773,113.0,149.9890590809628,128.79509894251694,212.0,274.93216630196935,229.09718355166558,0.534,0.5392407002188183,0.07416629493760475,60.0,90.13129102844638,91.81641821966939,78.0,115.44201312910285,112.35240526071637,0.776,0.7621575492341357,0.10358660941512139,0.539,0.5403654266958424,0.06084287308776689,20.4,21.332166301969362,6.728011155804802,8.1,9.075492341356673,4.009578858048625,4.4,4.951859956236324,2.587936300633038,1.6,1.7008752735229757,0.6523904255152182,0.8,1.0404814004376368,0.8553509258438288,2.4,2.6102844638949674,1.0603103474633853,115.0,114.66958424507659,9.813067194581185,115.0,114.75492341356674,4.071335243256369,13.6,14.197592997811817,4.245500030552884,0.571,0.5688862144420131,0.05754308231837714,0.448,0.42,0.20614602642429544,0.225,0.23475929978118165,0.10938634174755149,17.6,18.74967177242888,5.46180165369552,4.4,5.4792122538293215,3.8038624519734867,13.5,14.962582056892778,5.9422495137173295,9.1,10.210722100656454,4.512545247308453,12.8,14.876148796498905,8.256370483254642,1.6,1.700437636761488,0.6524580924779896,1.5,2.007439824945296,1.642015973565904,12.0,12.323851203501095,3.9560441271181235,1.0,1.4542669584245074,1.8356688748384324,1.0,1.2956236323851202,0.9930804980366081,2.0,2.75164113785558,2.591459179295151,0.093,0.09415098468271335,0.057224292896401824,-0.8,-0.6409190371991247,2.4683455704728123,0.0,0.026695842450765866,1.2620075126994572,-0.8,-0.6168490153172868,2.894527603862511,0.3,0.6695842450765864,1.294681445787738,14.7,13.994967177242888,4.817183793760384,0.552,0.58,0.20614602642429544,0.215,0.2507483588621444,0.15373862860008813,0.202,0.21394310722100654,0.09488285160155809,0.066,0.07758424507658644,0.05507628295573788,0.028,0.03777899343544858,0.03689852961272439,0.448,0.42,0.20614602642429544,0.534,0.5392407002188183,0.07416629493760475,0.686,0.6818555798687089,0.08592653517955583,0.441,0.44265864332603944,0.09122620752494029,0.412,0.39675446428571426,0.16344320135603982,0.375,0.3558585131894485,0.2156345324106888,0.35,0.33008352144469527,0.09137013767177773,0.593,0.5740547045951859,0.1684408352606359,0.935,0.8791011764705883,0.14374859022616152,0.04,0.0763019693654267,0.09997368434694485,11.0,25.542669584245075,34.70727898852803,0.268,0.2951738148984199,0.17090494841939824,0.375,0.35904337899543387,0.13007931197763375,0.0,19.573304157549234,33.75497995457918,3.0,19.297592997811815,25.3772210743571,4.0,18.62800875273523,23.761458984827517,2.0,19.800875273522976,27.9627289397607,0.0,22.798687089715536,37.3557306488252,-1.0,-1.1008752735229759,7.223466213979054,-0.2,-0.39431072210065643,6.084919020904006,26.0,36.24945295404814,33.55884993099902,16.0,21.24288840262582,18.234945688715754,50.0,51.72210065645514,28.156973318429635,6.0,7.409190371991247,7.288010070686881,35.0,52.15098468271335,51.292217999592765,4.0,7.387308533916849,9.14724174578948,241.0,342.8249452954048,315.17774154012284,8.0,12.045951859956237,12.604304734137886,21.0,25.925601750547045,19.847857194625384
7,DAL,25.0,26.102844638949673,4.286905373315041,58.0,55.00437636761488,18.277106236610642,16.0,26.835886214442013,26.45314839924801,1234.0,1280.5229759299782,721.7102738062141,22.0,22.173522975929977,8.165434425654785,N/a,N/a,N/a,8.9,10.380087527352298,6.390780914260521,3.5,4.0929978118161925,2.3554051282056885,0.8,1.0442013129102845,0.7617603307402537,2.7,3.0518599562363233,1.7595983138087987,1.8,2.4120350109409197,1.8439587273703357,0.7,0.7663019693654268,0.38508671365756875,0.4,0.461706783369803,0.41204418917813096,1.0,1.2531728665207875,0.8221413783096101,1.7,1.7297592997811817,0.6315798791053568,187.0,222.05032822757113,165.97933607944844,411.0,474.44201312910286,344.75604365193493,0.456,0.4662144420131291,0.0737465280878087,58.0,72.06126914660831,63.97604891168759,163.0,199.5098468271335,167.3823900120939,0.35,0.33008352144469527,0.09137013767177773,113.0,149.9890590809628,128.79509894251694,212.0,274.93216630196935,229.09718355166558,0.534,0.5392407002188183,0.07416629493760475,60.0,90.13129102844638,91.81641821966939,78.0,115.44201312910285,112.35240526071637,0.776,0.7621575492341357,0.10358660941512139,0.539,0.5403654266958424,0.06084287308776689,20.4,21.332166301969362,6.728011155804802,8.1,9.075492341356673,4.009578858048625,4.4,4.951859956236324,2.587936300633038,1.6,1.7008752735229757,0.6523904255152182,0.8,1.0404814004376368,0.8553509258438288,2.4,2.6102844638949674,1.0603103474633853,115.0,114.66958424507659,9.813067194581185,115.0,114.75492341356674,4.071335243256369,13.6,14.197592997811817,4.245500030552884,0.571,0.5688862144420131,0.05754308231837714,0.448,0.42,0.20614602642429544,0.225,0.23475929978118165,0.10938634174755149,17.6,18.74967177242888,5.46180165369552,4.4,5.4792122538293215,3.8038624519734867,13.5,14.962582056892778,5.9422495137173295,9.1,10.210722100656454,4.512545247308453,12.8,14.876148796498905,8.256370483254642,1.6,1.700437636761488,0.6524580924779896,1.5,2.007439824945296,1.642015973565904,12.0,12.323851203501095,3.9560441271181235,1.0,1.4542669584245074,1.8356688748384324,1.0,1.2956236323851202,0.9930804980366081,2.0,2.75164113785558,2.591459179295151,0.093,0.09415098468271335,0.057224292896401824,-0.8,-0.6409190371991247,2.4683455704728123,0.0,0.026695842450765866,1.2620075126994572,-0.8,-0.6168490153172868,2.894527603862511,0.3,0.6695842450765864,1.294681445787738,14.7,13.994967177242888,4.817183793760384,0.552,0.58,0.20614602642429544,0.215,0.2507483588621444,0.15373862860008813,0.202,0.21394310722100654,0.09488285160155809,0.066,0.07758424507658644,0.05507628295573788,0.028,0.03777899343544858,0.03689852961272439,0.448,0.42,0.20614602642429544,0.534,0.5392407002188183,0.07416629493760475,0.686,0.6818555798687089,0.08592653517955583,0.441,0.44265864332603944,0.09122620752494029,0.412,0.39675446428571426,0.16344320135603982,0.375,0.3558585131894485,0.2156345324106888,0.35,0.33008352144469527,0.09137013767177773,0.593,0.5740547045951859,0.1684408352606359,0.935,0.8791011764705883,0.14374859022616152,0.04,0.0763019693654267,0.09997368434694485,11.0,25.542669584245075,34.70727898852803,0.268,0.2951738148984199,0.17090494841939824,0.375,0.35904337899543387,0.13007931197763375,0.0,19.573304157549234,33.75497995457918,3.0,19.297592997811815,25.3772210743571,4.0,18.62800875273523,23.761458984827517,2.0,19.800875273522976,27.9627289397607,0.0,22.798687089715536,37.3557306488252,-1.0,-1.1008752735229759,7.223466213979054,-0.2,-0.39431072210065643,6.084919020904006,26.0,36.24945295404814,33.55884993099902,16.0,21.24288840262582,18.234945688715754,50.0,51.72210065645514,28.156973318429635,6.0,7.409190371991247,7.288010070686881,35.0,52.15098468271335,51.292217999592765,4.0,7.387308533916849,9.14724174578948,241.0,342.8249452954048,315.17774154012284,8.0,12.045951859956237,12.604304734137886,21.0,25.925601750547045,19.847857194625384
8,DEN,25.0,26.102844638949673,4.286905373315041,58.0,55.00437636761488,18.277106236610642,16.0,26.835886214442013,26.45314839924801,1234.0,1280.5229759299782,721.7102738062141,22.0,22.173522975929977,8.165434425654785,N/a,N/a,N/a,8.9,10.380087527352298,6.390780914260521,3.5,4.0929978118161925,2.3554051282056885,0.8,1.0442013129102845,0.7617603307402537,2.7,3.0518599562363233,1.7595983138087987,1.8,2.4120350109409197,1.8439587273703357,0.7,0.7663019693654268,0.38508671365756875,0.4,0.461706783369803,0.41204418917813096,1.0,1.2531728665207875,0.8221413783096101,1.7,1.7297592997811817,0.6315798791053568,187.0,222.05032822757113,165.97933607944844,411.0,474.44201312910286,344.75604365193493,0.456,0.4662144420131291,0.0737465280878087,58.0,72.06126914660831,63.97604891168759,163.0,199.5098468271335,167.3823900120939,0.35,0.33008352144469527,0.09137013767177773,113.0,149.9890590809628,128.79509894251694,212.0,274.93216630196935,229.09718355166558,0.534,0.5392407002188183,0.07416629493760475,60.0,90.13129102844638,91.81641821966939,78.0,115.44201312910285,112.35240526071637,0.776,0.7621575492341357,0.10358660941512139,0.539,0.5403654266958424,0.06084287308776689,20.4,21.332166301969362,6.728011155804802,8.1,9.075492341356673,4.009578858048625,4.4,4.951859956236324,2.587936300633038,1.6,1.7008752735229757,0.6523904255152182,0.8,1.0404814004376368,0.8553509258438288,2.4,2.6102844638949674,1.0603103474633853,115.0,114.66958424507659,9.813067194581185,115.0,114.75492341356674,4.071335243256369,13.6,14.197592997811817,4.245500030552884,0.571,0.5688862144420131,0.05754308231837714,0.448,0.42,0.20614602642429544,0.225,0.23475929978118165,0.10938634174755149,17.6,18.74967177242888,5.46180165369552,4.4,5.4792122538293215,3.8038624519734867,13.5,14.962582056892778,5.9422495137173295,9.1,10.210722100656454,4.512545247308453,12.8,14.876148796498905,8.256370483254642,1.6,1.700437636761488,0.6524580924779896,1.5,2.007439824945296,1.642015973565904,12.0,12.323851203501095,3.9560441271181235,1.0,1.4542669584245074,1.8356688748384324,1.0,1.2956236323851202,0.9930804980366081,2.0,2.75164113785558,2.591459179295151,0.093,0.09415098468271335,0.057224292896401824,-0.8,-0.6409190371991247,2.4683455704728123,0.0,0.026695842450765866,1.2620075126994572,-0.8,-0.6168490153172868,2.894527603862511,0.3,0.6695842450765864,1.294681445787738,14.7,13.994967177242888,4.817183793760384,0.552,0.58,0.20614602642429544,0.215,0.2507483588621444,0.15373862860008813,0.202,0.21394310722100654,0.09488285160155809,0.066,0.07758424507658644,0.05507628295573788,0.028,0.03777899343544858,0.03689852961272439,0.448,0.42,0.20614602642429544,0.534,0.5392407002188183,0.07416629493760475,0.686,0.6818555798687089,0.08592653517955583,0.441,0.44265864332603944,0.09122620752494029,0.412,0.39675446428571426,0.16344320135603982,0.375,0.3558585131894485,0.2156345324106888,0.35,0.33008352144469527,0.09137013767177773,0.593,0.5740547045951859,0.1684408352606359,0.935,0.8791011764705883,0.14374859022616152,0.04,0.0763019693654267,0.09997368434694485,11.0,25.542669584245075,34.70727898852803,0.268,0.2951738148984199,0.17090494841939824,0.375,0.35904337899543387,0.13007931197763375,0.0,19.573304157549234,33.75497995457918,3.0,19.297592997811815,25.3772210743571,4.0,18.62800875273523,23.761458984827517,2.0,19.800875273522976,27.9627289397607,0.0,22.798687089715536,37.3557306488252,-1.0,-1.1008752735229759,7.223466213979054,-0.2,-0.39431072210065643,6.084919020904006,26.0,36.24945295404814,33.55884993099902,16.0,21.24288840262582,18.234945688715754,50.0,51.72210065645514,28.156973318429635,6.0,7.409190371991247,7.288010070686881,35.0,52.15098468271335,51.292217999592765,4.0,7.387308533916849,9.14724174578948,241.0,342.8249452954048,315.17774154012284,8.0,12.045951859956237,12.604304734137886,21.0,25.925601750547045,19.847857194625384
9,DET,25.0,26.102844638949673,4.286905373315041,58.0,55.00437636761488,18.277106236610642,16.0,26.835886214442013,26.45314839924801,1234.0,1280.5229759299782,721.7102738062141,22.0,22.173522975929977,8.165434425654785,N/a,N/a,N/a,8.9,10.380087527352298,6.390780914260521,3.5,4.0929978118161925,2.3554051282056885,0.8,1.0442013129102845,0.7617603307402537,2.7,3.0518599562363233,1.7595983138087987,1.8,2.4120350109409197,1.8439587273703357,0.7,0.7663019693654268,0.38508671365756875,0.4,0.461706783369803,0.41204418917813096,1.0,1.2531728665207875,0.8221413783096101,1.7,1.7297592997811817,0.6315798791053568,187.0,222.05032822757113,165.97933607944844,411.0,474.44201312910286,344.75604365193493,0.456,0.4662144420131291,0.0737465280878087,58.0,72.06126914660831,63.97604891168759,163.0,199.5098468271335,167.3823900120939,0.35,0.33008352144469527,0.09137013767177773,113.0,149.9890590809628,128.79509894251694,212.0,274.93216630196935,229.09718355166558,0.534,0.5392407002188183,0.07416629493760475,60.0,90.13129102844638,91.81641821966939,78.0,115.44201312910285,112.35240526071637,0.776,0.7621575492341357,0.10358660941512139,0.539,0.5403654266958424,0.06084287308776689,20.4,21.332166301969362,6.728011155804802,8.1,9.075492341356673,4.009578858048625,4.4,4.951859956236324,2.587936300633038,1.6,1.7008752735229757,0.6523904255152182,0.8,1.0404814004376368,0.8553509258438288,2.4,2.6102844638949674,1.0603103474633853,115.0,114.66958424507659,9.813067194581185,115.0,114.75492341356674,4.071335243256369,13.6,14.197592997811817,4.245500030552884,0.571,0.5688862144420131,0.05754308231837714,0.448,0.42,0.20614602642429544,0.225,0.23475929978118165,0.10938634174755149,17.6,18.74967177242888,5.46180165369552,4.4,5.4792122538293215,3.8038624519734867,13.5,14.962582056892778,5.9422495137173295,9.1,10.210722100656454,4.512545247308453,12.8,14.876148796498905,8.256370483254642,1.6,1.700437636761488,0.6524580924779896,1.5,2.007439824945296,1.642015973565904,12.0,12.323851203501095,3.9560441271181235,1.0,1.4542669584245074,1.8356688748384324,1.0,1.2956236323851202,0.9930804980366081,2.0,2.75164113785558,2.591459179295151,0.093,0.09415098468271335,0.057224292896401824,-0.8,-0.6409190371991247,2.4683455704728123,0.0,0.026695842450765866,1.2620075126994572,-0.8,-0.6168490153172868,2.894527603862511,0.3,0.6695842450765864,1.294681445787738,14.7,13.994967177242888,4.817183793760384,0.552,0.58,0.20614602642429544,0.215,0.2507483588621444,0.15373862860008813,0.202,0.21394310722100654,0.09488285160155809,0.066,0.07758424507658644,0.05507628295573788,0.028,0.03777899343544858,0.03689852961272439,0.448,0.42,0.20614602642429544,0.534,0.5392407002188183,0.07416629493760475,0.686,0.6818555798687089,0.08592653517955583,0.441,0.44265864332603944,0.09122620752494029,0.412,0.39675446428571426,0.16344320135603982,0.375,0.3558585131894485,0.2156345324106888,0.35,0.33008352144469527,0.09137013767177773,0.593,0.5740547045951859,0.1684408352606359,0.935,0.8791011764705883,0.14374859022616152,0.04,0.0763019693654267,0.09997368434694485,11.0,25.542669584245075,34.70727898852803,0.268,0.2951738148984199,0.17090494841939824,0.375,0.35904337899543387,0.13007931197763375,0.0,19.573304157549234,33.75497995457918,3.0,19.297592997811815,25.3772210743571,4.0,18.62800875273523,23.761458984827517,2.0,19.800875273522976,27.9627289397607,0.0,22.798687089715536,37.3557306488252,-1.0,-1.1008752735229759,7.223466213979054,-0.2,-0.39431072210065643,6.084919020904006,26.0,36.24945295404814,33.55884993099902,16.0,21.24288840262582,18.234945688715754,50.0,51.72210065645514,28.156973318429635,6.0,7.409190371991247,7.288010070686881,35.0,52.15098468271335,51.292217999592765,4.0,7.387308533916849,9.14724174578948,241.0,342.8249452954048,315.17774154012284,8.0,12.045951859956237,12.604304734137886,21.0,25.925601750547045,19.847857194625384
10,GSW,25.0,26.102844638949673,4.286905373315041,58.0,55.00437636761488,18.277106236610642,16.0,26.835886214442013,26.45314839924801,1234.0,1280.5229759299782,721.7102738062141,22.0,22.173522975929977,8.165434425654785,N/a,N/a,N/a,8.9,10.380087527352298,6.390780914260521,3.5,4.0929978118161925,2.3554051282056885,0.8,1.0442013129102845,0.7617603307402537,2.7,3.0518599562363233,1.7595983138087987,1.8,2.4120350109409197,1.8439587273703357,0.7,0.7663019693654268,0.38508671365756875,0.4,0.461706783369803,0.41204418917813096,1.0,1.2531728665207875,0.8221413783096101,1.7,1.7297592997811817,0.6315798791053568,187.0,222.05032822757113,165.97933607944844,411.0,474.44201312910286,344.75604365193493,0.456,0.4662144420131291,0.0737465280878087,58.0,72.06126914660831,63.97604891168759,163.0,199.5098468271335,167.3823900120939,0.35,0.33008352144469527,0.09137013767177773,113.0,149.9890590809628,128.79509894251694,212.0,274.93216630196935,229.09718355166558,0.534,0.5392407002188183,0.07416629493760475,60.0,90.13129102844638,91.81641821966939,78.0,115.44201312910285,112.35240526071637,0.776,0.7621575492341357,0.10358660941512139,0.539,0.5403654266958424,0.06084287308776689,20.4,21.332166301969362,6.728011155804802,8.1,9.075492341356673,4.009578858048625,4.4,4.951859956236324,2.587936300633038,1.6,1.7008752735229757,0.6523904255152182,0.8,1.0404814004376368,0.8553509258438288,2.4,2.6102844638949674,1.0603103474633853,115.0,114.66958424507659,9.813067194581185,115.0,114.75492341356674,4.071335243256369,13.6,14.197592997811817,4.245500030552884,0.571,0.5688862144420131,0.05754308231837714,0.448,0.42,0.20614602642429544,0.225,0.23475929978118165,0.10938634174755149,17.6,18.74967177242888,5.46180165369552,4.4,5.4792122538293215,3.8038624519734867,13.5,14.962582056892778,5.9422495137173295,9.1,10.210722100656454,4.512545247308453,12.8,14.876148796498905,8.256370483254642,1.6,1.700437636761488,0.6524580924779896,1.5,2.007439824945296,1.642015973565904,12.0,12.323851203501095,3.9560441271181235,1.0,1.4542669584245074,1.8356688748384324,1.0,1.2956236323851202,0.9930804980366081,2.0,2.75164113785558,2.591459179295151,0.093,0.09415098468271335,0.057224292896401824,-0.8,-0.6409190371991247,2.4683455704728123,0.0,0.026695842450765866,1.2620075126994572,-0.8,-0.6168490153172868,2.894527603862511,0.3,0.6695842450765864,1.294681445787738,14.7,13.994967177242888,4.817183793760384,0.552,0.58,0.20614602642429544,0.215,0.2507483588621444,0.15373862860008813,0.202,0.21394310722100654,0.09488285160155809,0.066,0.07758424507658644,0.05507628295573788,0.028,0.03777899343544858,0.03689852961272439,0.448,0.42,0.20614602642429544,0.534,0.5392407002188183,0.07416629493760475,0.686,0.6818555798687089,0.08592653517955583,0.441,0.44265864332603944,0.09122620752494029,0.412,0.39675446428571426,0.16344320135603982,0.375,0.3558585131894485,0.2156345324106888,0.35,0.33008352144469527,0.09137013767177773,0.593,0.5740547045951859,0.1684408352606359,0.935,0.8791011764705883,0.14374859022616152,0.04,0.0763019693654267,0.09997368434694485,11.0,25.542669584245075,34.70727898852803,0.268,0.2951738148984199,0.17090494841939824,0.375,0.35904337899543387,0.13007931197763375,0.0,19.573304157549234,33.75497995457918,3.0,19.297592997811815,25.3772210743571,4.0,18.62800875273523,23.761458984827517,2.0,19.800875273522976,27.9627289397607,0.0,22.798687089715536,37.3557306488252,-1.0,-1.1008752735229759,7.223466213979054,-0.2,-0.39431072210065643,6.084919020904006,26.0,36.24945295404814,33.55884993099902,16.0,21.24288840262582,18.234945688715754,50.0,51.72210065645514,28.156973318429635,6.0,7.409190371991247,7.288010070686881,35.0,52.15098468271335,51.292217999592765,4.0,7.387308533916849,9.14724174578948,241.0,342.8249452954048,315.17774154012284,8.0,12.045951859956237,12.604304734137886,21.0,25.925601750547045,19.847857194625384
11,HOU,25.0,26.102844638949673,4.286905373315041,58.0,55.00437636761488,18.277106236610642,16.0,26.835886214442013,26.45314839924801,1234.0,1280.5229759299782,721.7102738062141,22.0,22.173522975929977,8.165434425654785,N/a,N/a,N/a,8.9,10.380087527352298,6.390780914260521,3.5,4.0929978118161925,2.3554051282056885,0.8,1.0442013129102845,0.7617603307402537,2.7,3.0518599562363233,1.7595983138087987,1.8,2.4120350109409197,1.8439587273703357,0.7,0.7663019693654268,0.38508671365756875,0.4,0.461706783369803,0.41204418917813096,1.0,1.2531728665207875,0.8221413783096101,1.7,1.7297592997811817,0.6315798791053568,187.0,222.05032822757113,165.97933607944844,411.0,474.44201312910286,344.75604365193493,0.456,0.4662144420131291,0.0737465280878087,58.0,72.06126914660831,63.97604891168759,163.0,199.5098468271335,167.3823900120939,0.35,0.33008352144469527,0.09137013767177773,113.0,149.9890590809628,128.79509894251694,212.0,274.93216630196935,229.09718355166558,0.534,0.5392407002188183,0.07416629493760475,60.0,90.13129102844638,91.81641821966939,78.0,115.44201312910285,112.35240526071637,0.776,0.7621575492341357,0.10358660941512139,0.539,0.5403654266958424,0.06084287308776689,20.4,21.332166301969362,6.728011155804802,8.1,9.075492341356673,4.009578858048625,4.4,4.951859956236324,2.587936300633038,1.6,1.7008752735229757,0.6523904255152182,0.8,1.0404814004376368,0.8553509258438288,2.4,2.6102844638949674,1.0603103474633853,115.0,114.66958424507659,9.813067194581185,115.0,114.75492341356674,4.071335243256369,13.6,14.197592997811817,4.245500030552884,0.571,0.5688862144420131,0.05754308231837714,0.448,0.42,0.20614602642429544,0.225,0.23475929978118165,0.10938634174755149,17.6,18.74967177242888,5.46180165369552,4.4,5.4792122538293215,3.8038624519734867,13.5,14.962582056892778,5.9422495137173295,9.1,10.210722100656454,4.512545247308453,12.8,14.876148796498905,8.256370483254642,1.6,1.700437636761488,0.6524580924779896,1.5,2.007439824945296,1.642015973565904,12.0,12.323851203501095,3.9560441271181235,1.0,1.4542669584245074,1.8356688748384324,1.0,1.2956236323851202,0.9930804980366081,2.0,2.75164113785558,2.591459179295151,0.093,0.09415098468271335,0.057224292896401824,-0.8,-0.6409190371991247,2.4683455704728123,0.0,0.026695842450765866,1.2620075126994572,-0.8,-0.6168490153172868,2.894527603862511,0.3,0.6695842450765864,1.294681445787738,14.7,13.994967177242888,4.817183793760384,0.552,0.58,0.20614602642429544,0.215,0.2507483588621444,0.15373862860008813,0.202,0.21394310722100654,0.09488285160155809,0.066,0.07758424507658644,0.05507628295573788,0.028,0.03777899343544858,0.03689852961272439,0.448,0.42,0.20614602642429544,0.534,0.5392407002188183,0.07416629493760475,0.686,0.6818555798687089,0.08592653517955583,0.441,0.44265864332603944,0.09122620752494029,0.412,0.39675446428571426,0.16344320135603982,0.375,0.3558585131894485,0.2156345324106888,0.35,0.33008352144469527,0.09137013767177773,0.593,0.5740547045951859,0.1684408352606359,0.935,0.8791011764705883,0.14374859022616152,0.04,0.0763019693654267,0.09997368434694485,11.0,25.542669584245075,34.70727898852803,0.268,0.2951738148984199,0.17090494841939824,0.375,0.35904337899543387,0.13007931197763375,0.0,19.573304157549234,33.75497995457918,3.0,19.297592997811815,25.3772210743571,4.0,18.62800875273523,23.761458984827517,2.0,19.800875273522976,27.9627289397607,0.0,22.798687089715536,37.3557306488252,-1.0,-1.1008752735229759,7.223466213979054,-0.2,-0.39431072210065643,6.084919020904006,26.0,36.24945295404814,33.55884993099902,16.0,21.24288840262582,18.234945688715754,50.0,51.72210065645514,28.156973318429635,6.0,7.409190371991247,7.288010070686881,35.0,52.15098468271335,51.292217999592765,4.0,7.387308533916849,9.14724174578948,241.0,342.8249452954048,315.17774154012284,8.0,12.045951859956237,12.604304734137886,21.0,25.925601750547045,19.847857194625384
12,IND,25.0,26.102844638949673,4.286905373315041,58.0,55.00437636761488,18.277106236610642,16.0,26.835886214442013,26.45314839924801,1234.0,1280.5229759299782,721.7102738062141,22.0,22.173522975929977,8.165434425654785,N/a,N/a,N/a,8.9,10.380087527352298,6.390780914260521,3.5,4.0929978118161925,2.3554051282056885,0.8,1.0442013129102845,0.7617603307402537,2.7,3.0518599562363233,1.7595983138087987,1.8,2.4120350109409197,1.8439587273703357,0.7,0.7663019693654268,0.38508671365756875,0.4,0.461706783369803,0.41204418917813096,1.0,1.2531728665207875,0.8221413783096101,1.7,1.7297592997811817,0.6315798791053568,187.0,222.05032822757113,165.97933607944844,411.0,474.44201312910286,344.75604365193493,0.456,0.4662144420131291,0.0737465280878087,58.0,72.06126914660831,63.97604891168759,163.0,199.5098468271335,167.3823900120939,0.35,0.33008352144469527,0.09137013767177773,113.0,149.9890590809628,128.79509894251694,212.0,274.93216630196935,229.09718355166558,0.534,0.5392407002188183,0.07416629493760475,60.0,90.13129102844638,91.81641821966939,78.0,115.44201312910285,112.35240526071637,0.776,0.7621575492341357,0.10358660941512139,0.539,0.5403654266958424,0.06084287308776689,20.4,21.332166301969362,6.728011155804802,8.1,9.075492341356673,4.009578858048625,4.4,4.951859956236324,2.587936300633038,1.6,1.7008752735229757,0.6523904255152182,0.8,1.0404814004376368,0.8553509258438288,2.4,2.6102844638949674,1.0603103474633853,115.0,114.66958424507659,9.813067194581185,115.0,114.75492341356674,4.071335243256369,13.6,14.197592997811817,4.245500030552884,0.571,0.5688862144420131,0.05754308231837714,0.448,0.42,0.20614602642429544,0.225,0.23475929978118165,0.10938634174755149,17.6,18.74967177242888,5.46180165369552,4.4,5.4792122538293215,3.8038624519734867,13.5,14.962582056892778,5.9422495137173295,9.1,10.210722100656454,4.512545247308453,12.8,14.876148796498905,8.256370483254642,1.6,1.700437636761488,0.6524580924779896,1.5,2.007439824945296,1.642015973565904,12.0,12.323851203501095,3.9560441271181235,1.0,1.4542669584245074,1.8356688748384324,1.0,1.2956236323851202,0.9930804980366081,2.0,2.75164113785558,2.591459179295151,0.093,0.09415098468271335,0.057224292896401824,-0.8,-0.6409190371991247,2.4683455704728123,0.0,0.026695842450765866,1.2620075126994572,-0.8,-0.6168490153172868,2.894527603862511,0.3,0.6695842450765864,1.294681445787738,14.7,13.994967177242888,4.817183793760384,0.552,0.58,0.20614602642429544,0.215,0.2507483588621444,0.15373862860008813,0.202,0.21394310722100654,0.09488285160155809,0.066,0.07758424507658644,0.05507628295573788,0.028,0.03777899343544858,0.03689852961272439,0.448,0.42,0.20614602642429544,0.534,0.5392407002188183,0.07416629493760475,0.686,0.6818555798687089,0.08592653517955583,0.441,0.44265864332603944,0.09122620752494029,0.412,0.39675446428571426,0.16344320135603982,0.375,0.3558585131894485,0.2156345324106888,0.35,0.33008352144469527,0.09137013767177773,0.593,0.5740547045951859,0.1684408352606359,0.935,0.8791011764705883,0.14374859022616152,0.04,0.0763019693654267,0.09997368434694485,11.0,25.542669584245075,34.70727898852803,0.268,0.2951738148984199,0.17090494841939824,0.375,0.35904337899543387,0.13007931197763375,0.0,19.573304157549234,33.75497995457918,3.0,19.297592997811815,25.3772210743571,4.0,18.62800875273523,23.761458984827517,2.0,19.800875273522976,27.9627289397607,0.0,22.798687089715536,37.3557306488252,-1.0,-1.1008752735229759,7.223466213979054,-0.2,-0.39431072210065643,6.084919020904006,26.0,36.24945295404814,33.55884993099902,16.0,21.24288840262582,18.234945688715754,50.0,51.72210065645514,28.156973318429635,6.0,7.409190371991247,7.288010070686881,35.0,52.15098468271335,51.292217999592765,4.0,7.387308533916849,9.14724174578948,241.0,342.8249452954048,315.17774154012284,8.0,12.045951859956237,12.604304734137886,21.0,25.925601750547045,19.847857194625384
13,LAC,25.0,26.102844638949673,4.286905373315041,58.0,55.00437636761488,18.277106236610642,16.0,26.835886214442013,26.45314839924801,1234.0,1280.5229759299782,721.7102738062141,22.0,22.173522975929977,8.165434425654785,N/a,N/a,N/a,8.9,10.380087527352298,6.390780914260521,3.5,4.0929978118161925,2.3554051282056885,0.8,1.0442013129102845,0.7617603307402537,2.7,3.0518599562363233,1.7595983138087987,1.8,2.4120350109409197,1.8439587273703357,0.7,0.7663019693654268,0.38508671365756875,0.4,0.461706783369803,0.41204418917813096,1.0,1.2531728665207875,0.8221413783096101,1.7,1.7297592997811817,0.6315798791053568,187.0,222.05032822757113,165.97933607944844,411.0,474.44201312910286,344.75604365193493,0.456,0.4662144420131291,0.0737465280878087,58.0,72.06126914660831,63.97604891168759,163.0,199.5098468271335,167.3823900120939,0.35,0.33008352144469527,0.09137013767177773,113.0,149.9890590809628,128.79509894251694,212.0,274.93216630196935,229.09718355166558,0.534,0.5392407002188183,0.07416629493760475,60.0,90.13129102844638,91.81641821966939,78.0,115.44201312910285,112.35240526071637,0.776,0.7621575492341357,0.10358660941512139,0.539,0.5403654266958424,0.06084287308776689,20.4,21.332166301969362,6.728011155804802,8.1,9.075492341356673,4.009578858048625,4.4,4.951859956236324,2.587936300633038,1.6,1.7008752735229757,0.6523904255152182,0.8,1.0404814004376368,0.8553509258438288,2.4,2.6102844638949674,1.0603103474633853,115.0,114.66958424507659,9.813067194581185,115.0,114.75492341356674,4.071335243256369,13.6,14.197592997811817,4.245500030552884,0.571,0.5688862144420131,0.05754308231837714,0.448,0.42,0.20614602642429544,0.225,0.23475929978118165,0.10938634174755149,17.6,18.74967177242888,5.46180165369552,4.4,5.4792122538293215,3.8038624519734867,13.5,14.962582056892778,5.9422495137173295,9.1,10.210722100656454,4.512545247308453,12.8,14.876148796498905,8.256370483254642,1.6,1.700437636761488,0.6524580924779896,1.5,2.007439824945296,1.642015973565904,12.0,12.323851203501095,3.9560441271181235,1.0,1.4542669584245074,1.8356688748384324,1.0,1.2956236323851202,0.9930804980366081,2.0,2.75164113785558,2.591459179295151,0.093,0.09415098468271335,0.057224292896401824,-0.8,-0.6409190371991247,2.4683455704728123,0.0,0.026695842450765866,1.2620075126994572,-0.8,-0.6168490153172868,2.894527603862511,0.3,0.6695842450765864,1.294681445787738,14.7,13.994967177242888,4.817183793760384,0.552,0.58,0.20614602642429544,0.215,0.2507483588621444,0.15373862860008813,0.202,0.21394310722100654,0.09488285160155809,0.066,0.07758424507658644,0.05507628295573788,0.028,0.03777899343544858,0.03689852961272439,0.448,0.42,0.20614602642429544,0.534,0.5392407002188183,0.07416629493760475,0.686,0.6818555798687089,0.08592653517955583,0.441,0.44265864332603944,0.09122620752494029,0.412,0.39675446428571426,0.16344320135603982,0.375,0.3558585131894485,0.2156345324106888,0.35,0.33008352144469527,0.09137013767177773,0.593,0.5740547045951859,0.1684408352606359,0.935,0.8791011764705883,0.14374859022616152,0.04,0.0763019693654267,0.09997368434694485,11.0,25.542669584245075,34.70727898852803,0.268,0.2951738148984199,0.17090494841939824,0.375,0.35904337899543387,0.13007931197763375,0.0,19.573304157549234,33.75497995457918,3.0,19.297592997811815,25.3772210743571,4.0,18.62800875273523,23.761458984827517,2.0,19.800875273522976,27.9627289397607,0.0,22.798687089715536,37.3557306488252,-1.0,-1.1008752735229759,7.223466213979054,-0.2,-0.39431072210065643,6.084919020904006,26.0,36.24945295404814,33.55884993099902,16.0,21.24288840262582,18.234945688715754,50.0,51.72210065645514,28.156973318429635,6.0,7.409190371991247,7.288010070686881,35.0,52.15098468271335,51.292217999592765,4.0,7.387308533916849,9.14724174578948,241.0,342.8249452954048,315.17774154012284,8.0,12.045951859956237,12.604304734137886,21.0,25.925601750547045,19.847857194625384
14,LAL,25.0,26.102844638949673,4.286905373315041,58.0,55.00437636761488,18.277106236610642,16.0,26.835886214442013,26.45314839924801,1234.0,1280.5229759299782,721.7102738062141,22.0,22.173522975929977,8.165434425654785,N/a,N/a,N/a,8.9,10.380087527352298,6.390780914260521,3.5,4.0929978118161925,2.3554051282056885,0.8,1.0442013129102845,0.7617603307402537,2.7,3.0518599562363233,1.7595983138087987,1.8,2.4120350109409197,1.8439587273703357,0.7,0.7663019693654268,0.38508671365756875,0.4,0.461706783369803,0.41204418917813096,1.0,1.2531728665207875,0.8221413783096101,1.7,1.7297592997811817,0.6315798791053568,187.0,222.05032822757113,165.97933607944844,411.0,474.44201312910286,344.75604365193493,0.456,0.4662144420131291,0.0737465280878087,58.0,72.06126914660831,63.97604891168759,163.0,199.5098468271335,167.3823900120939,0.35,0.33008352144469527,0.09137013767177773,113.0,149.9890590809628,128.79509894251694,212.0,274.93216630196935,229.09718355166558,0.534,0.5392407002188183,0.07416629493760475,60.0,90.13129102844638,91.81641821966939,78.0,115.44201312910285,112.35240526071637,0.776,0.7621575492341357,0.10358660941512139,0.539,0.5403654266958424,0.06084287308776689,20.4,21.332166301969362,6.728011155804802,8.1,9.075492341356673,4.009578858048625,4.4,4.951859956236324,2.587936300633038,1.6,1.7008752735229757,0.6523904255152182,0.8,1.0404814004376368,0.8553509258438288,2.4,2.6102844638949674,1.0603103474633853,115.0,114.66958424507659,9.813067194581185,115.0,114.75492341356674,4.071335243256369,13.6,14.197592997811817,4.245500030552884,0.571,0.5688862144420131,0.05754308231837714,0.448,0.42,0.20614602642429544,0.225,0.23475929978118165,0.10938634174755149,17.6,18.74967177242888,5.46180165369552,4.4,5.4792122538293215,3.8038624519734867,13.5,14.962582056892778,5.9422495137173295,9.1,10.210722100656454,4.512545247308453,12.8,14.876148796498905,8.256370483254642,1.6,1.700437636761488,0.6524580924779896,1.5,2.007439824945296,1.642015973565904,12.0,12.323851203501095,3.9560441271181235,1.0,1.4542669584245074,1.8356688748384324,1.0,1.2956236323851202,0.9930804980366081,2.0,2.75164113785558,2.591459179295151,0.093,0.09415098468271335,0.057224292896401824,-0.8,-0.6409190371991247,2.4683455704728123,0.0,0.026695842450765866,1.2620075126994572,-0.8,-0.6168490153172868,2.894527603862511,0.3,0.6695842450765864,1.294681445787738,14.7,13.994967177242888,4.817183793760384,0.552,0.58,0.20614602642429544,0.215,0.2507483588621444,0.15373862860008813,0.202,0.21394310722100654,0.09488285160155809,0.066,0.07758424507658644,0.05507628295573788,0.028,0.03777899343544858,0.03689852961272439,0.448,0.42,0.20614602642429544,0.534,0.5392407002188183,0.07416629493760475,0.686,0.6818555798687089,0.08592653517955583,0.441,0.44265864332603944,0.09122620752494029,0.412,0.39675446428571426,0.16344320135603982,0.375,0.3558585131894485,0.2156345324106888,0.35,0.33008352144469527,0.09137013767177773,0.593,0.5740547045951859,0.1684408352606359,0.935,0.8791011764705883,0.14374859022616152,0.04,0.0763019693654267,0.09997368434694485,11.0,25.542669584245075,34.70727898852803,0.268,0.2951738148984199,0.17090494841939824,0.375,0.35904337899543387,0.13007931197763375,0.0,19.573304157549234,33.75497995457918,3.0,19.297592997811815,25.3772210743571,4.0,18.62800875273523,23.761458984827517,2.0,19.800875273522976,27.9627289397607,0.0,22.798687089715536,37.3557306488252,-1.0,-1.1008752735229759,7.223466213979054,-0.2,-0.39431072210065643,6.084919020904006,26.0,36.24945295404814,33.55884993099902,16.0,21.24288840262582,18.234945688715754,50.0,51.72210065645514,28.156973318429635,6.0,7.409190371991247,7.288010070686881,35.0,52.15098468271335,51.292217999592765,4.0,7.387308533916849,9.14724174578948,241.0,342.8249452954048,315.17774154012284,8.0,12.045951859956237,12.604304734137886,21.0,25.925601750547045,19.847857194625384
15,MEM,25.0,26.102844638949673,4.286905373315041,58.0,55.00437636761488,18.277106236610642,16.0,26.835886214442013,26.45314839924801,1234.0,1280.5229759299782,721.7102738062141,22.0,22.173522975929977,8.165434425654785,N/a,N/a,N/a,8.9,10.380087527352298,6.390780914260521,3.5,4.0929978118161925,2.3554051282056885,0.8,1.0442013129102845,0.7617603307402537,2.7,3.0518599562363233,1.7595983138087987,1.8,2.4120350109409197,1.8439587273703357,0.7,0.7663019693654268,0.38508671365756875,0.4,0.461706783369803,0.41204418917813096,1.0,1.2531728665207875,0.8221413783096101,1.7,1.7297592997811817,0.6315798791053568,187.0,222.05032822757113,165.97933607944844,411.0,474.44201312910286,344.75604365193493,0.456,0.4662144420131291,0.0737465280878087,58.0,72.06126914660831,63.97604891168759,163.0,199.5098468271335,167.3823900120939,0.35,0.33008352144469527,0.09137013767177773,113.0,149.9890590809628,128.79509894251694,212.0,274.93216630196935,229.09718355166558,0.534,0.5392407002188183,0.07416629493760475,60.0,90.13129102844638,91.81641821966939,78.0,115.44201312910285,112.35240526071637,0.776,0.7621575492341357,0.10358660941512139,0.539,0.5403654266958424,0.06084287308776689,20.4,21.332166301969362,6.728011155804802,8.1,9.075492341356673,4.009578858048625,4.4,4.951859956236324,2.587936300633038,1.6,1.7008752735229757,0.6523904255152182,0.8,1.0404814004376368,0.8553509258438288,2.4,2.6102844638949674,1.0603103474633853,115.0,114.66958424507659,9.813067194581185,115.0,114.75492341356674,4.071335243256369,13.6,14.197592997811817,4.245500030552884,0.571,0.5688862144420131,0.05754308231837714,0.448,0.42,0.20614602642429544,0.225,0.23475929978118165,0.10938634174755149,17.6,18.74967177242888,5.46180165369552,4.4,5.4792122538293215,3.8038624519734867,13.5,14.962582056892778,5.9422495137173295,9.1,10.210722100656454,4.512545247308453,12.8,14.876148796498905,8.256370483254642,1.6,1.700437636761488,0.6524580924779896,1.5,2.007439824945296,1.642015973565904,12.0,12.323851203501095,3.9560441271181235,1.0,1.4542669584245074,1.8356688748384324,1.0,1.2956236323851202,0.9930804980366081,2.0,2.75164113785558,2.591459179295151,0.093,0.09415098468271335,0.057224292896401824,-0.8,-0.6409190371991247,2.4683455704728123,0.0,0.026695842450765866,1.2620075126994572,-0.8,-0.6168490153172868,2.894527603862511,0.3,0.6695842450765864,1.294681445787738,14.7,13.994967177242888,4.817183793760384,0.552,0.58,0.20614602642429544,0.215,0.2507483588621444,0.15373862860008813,0.202,0.21394310722100654,0.09488285160155809,0.066,0.07758424507658644,0.05507628295573788,0.028,0.03777899343544858,0.03689852961272439,0.448,0.42,0.20614602642429544,0.534,0.5392407002188183,0.07416629493760475,0.686,0.6818555798687089,0.08592653517955583,0.441,0.44265864332603944,0.09122620752494029,0.412,0.39675446428571426,0.16344320135603982,0.375,0.3558585131894485,0.2156345324106888,0.35,0.33008352144469527,0.09137013767177773,0.593,0.5740547045951859,0.1684408352606359,0.935,0.8791011764705883,0.14374859022616152,0.04,0.0763019693654267,0.09997368434694485,11.0,25.542669584245075,34.70727898852803,0.268,0.2951738148984199,0.17090494841939824,0.375,0.35904337899543387,0.13007931197763375,0.0,19.573304157549234,33.75497995457918,3.0,19.297592997811815,25.3772210743571,4.0,18.62800875273523,23.761458984827517,2.0,19.800875273522976,27.9627289397607,0.0,22.798687089715536,37.3557306488252,-1.0,-1.1008752735229759,7.223466213979054,-0.2,-0.39431072210065643,6.084919020904006,26.0,36.24945295404814,33.55884993099902,16.0,21.24288840262582,18.234945688715754,50.0,51.72210065645514,28.156973318429635,6.0,7.409190371991247,7.288010070686881,35.0,52.15098468271335,51.292217999592765,4.0,7.387308533916849,9.14724174578948,241.0,342.8249452954048,315.17774154012284,8.0,12.045951859956237,12.604304734137886,21.0,25.925601750547045,19.847857194625384
16,MIA,25.0,26.102844638949673,4.286905373315041,58.0,55.00437636761488,18.277106236610642,16.0,26.835886214442013,26.45314839924801,1234.0,1280.5229759299782,721.7102738062141,22.0,22.173522975929977,8.165434425654785,N/a,N/a,N/a,8.9,10.380087527352298,6.390780914260521,3.5,4.0929978118161925,2.3554051282056885,0.8,1.0442013129102845,0.7617603307402537,2.7,3.0518599562363233,1.7595983138087987,1.8,2.4120350109409197,1.8439587273703357,0.7,0.7663019693654268,0.38508671365756875,0.4,0.461706783369803,0.41204418917813096,1.0,1.2531728665207875,0.8221413783096101,1.7,1.7297592997811817,0.6315798791053568,187.0,222.05032822757113,165.97933607944844,411.0,474.44201312910286,344.75604365193493,0.456,0.4662144420131291,0.0737465280878087,58.0,72.06126914660831,63.97604891168759,163.0,199.5098468271335,167.3823900120939,0.35,0.33008352144469527,0.09137013767177773,113.0,149.9890590809628,128.79509894251694,212.0,274.93216630196935,229.09718355166558,0.534,0.5392407002188183,0.07416629493760475,60.0,90.13129102844638,91.81641821966939,78.0,115.44201312910285,112.35240526071637,0.776,0.7621575492341357,0.10358660941512139,0.539,0.5403654266958424,0.06084287308776689,20.4,21.332166301969362,6.728011155804802,8.1,9.075492341356673,4.009578858048625,4.4,4.951859956236324,2.587936300633038,1.6,1.7008752735229757,0.6523904255152182,0.8,1.0404814004376368,0.8553509258438288,2.4,2.6102844638949674,1.0603103474633853,115.0,114.66958424507659,9.813067194581185,115.0,114.75492341356674,4.071335243256369,13.6,14.197592997811817,4.245500030552884,0.571,0.5688862144420131,0.05754308231837714,0.448,0.42,0.20614602642429544,0.225,0.23475929978118165,0.10938634174755149,17.6,18.74967177242888,5.46180165369552,4.4,5.4792122538293215,3.8038624519734867,13.5,14.962582056892778,5.9422495137173295,9.1,10.210722100656454,4.512545247308453,12.8,14.876148796498905,8.256370483254642,1.6,1.700437636761488,0.6524580924779896,1.5,2.007439824945296,1.642015973565904,12.0,12.323851203501095,3.9560441271181235,1.0,1.4542669584245074,1.8356688748384324,1.0,1.2956236323851202,0.9930804980366081,2.0,2.75164113785558,2.591459179295151,0.093,0.09415098468271335,0.057224292896401824,-0.8,-0.6409190371991247,2.4683455704728123,0.0,0.026695842450765866,1.2620075126994572,-0.8,-0.6168490153172868,2.894527603862511,0.3,0.6695842450765864,1.294681445787738,14.7,13.994967177242888,4.817183793760384,0.552,0.58,0.20614602642429544,0.215,0.2507483588621444,0.15373862860008813,0.202,0.21394310722100654,0.09488285160155809,0.066,0.07758424507658644,0.05507628295573788,0.028,0.03777899343544858,0.03689852961272439,0.448,0.42,0.20614602642429544,0.534,0.5392407002188183,0.07416629493760475,0.686,0.6818555798687089,0.08592653517955583,0.441,0.44265864332603944,0.09122620752494029,0.412,0.39675446428571426,0.16344320135603982,0.375,0.3558585131894485,0.2156345324106888,0.35,0.33008352144469527,0.09137013767177773,0.593,0.5740547045951859,0.1684408352606359,0.935,0.8791011764705883,0.14374859022616152,0.04,0.0763019693654267,0.09997368434694485,11.0,25.542669584245075,34.70727898852803,0.268,0.2951738148984199,0.17090494841939824,0.375,0.35904337899543387,0.13007931197763375,0.0,19.573304157549234,33.75497995457918,3.0,19.297592997811815,25.3772210743571,4.0,18.62800875273523,23.761458984827517,2.0,19.800875273522976,27.9627289397607,0.0,22.798687089715536,37.3557306488252,-1.0,-1.1008752735229759,7.223466213979054,-0.2,-0.39431072210065643,6.084919020904006,26.0,36.24945295404814,33.55884993099902,16.0,21.24288840262582,18.234945688715754,50.0,51.72210065645514,28.156973318429635,6.0,7.409190371991247,7.288010070686881,35.0,52.15098468271335,51.292217999592765,4.0,7.387308533916849,9.14724174578948,241.0,342.8249452954048,315.17774154012284,8.0,12.045951859956237,12.604304734137886,21.0,25.925601750547045,19.847857194625384
17,MIL,25.0,26.102844638949673,4.286905373315041,58.0,55.00437636761488,18.277106236610642,16.0,26.835886214442013,26.45314839924801,1234.0,1280.5229759299782,721.7102738062141,22.0,22.173522975929977,8.165434425654785,N/a,N/a,N/a,8.9,10.380087527352298,6.390780914260521,3.5,4.0929978118161925,2.3554051282056885,0.8,1.0442013129102845,0.7617603307402537,2.7,3.0518599562363233,1.7595983138087987,1.8,2.4120350109409197,1.8439587273703357,0.7,0.7663019693654268,0.38508671365756875,0.4,0.461706783369803,0.41204418917813096,1.0,1.2531728665207875,0.8221413783096101,1.7,1.7297592997811817,0.6315798791053568,187.0,222.05032822757113,165.97933607944844,411.0,474.44201312910286,344.75604365193493,0.456,0.4662144420131291,0.0737465280878087,58.0,72.06126914660831,63.97604891168759,163.0,199.5098468271335,167.3823900120939,0.35,0.33008352144469527,0.09137013767177773,113.0,149.9890590809628,128.79509894251694,212.0,274.93216630196935,229.09718355166558,0.534,0.5392407002188183,0.07416629493760475,60.0,90.13129102844638,91.81641821966939,78.0,115.44201312910285,112.35240526071637,0.776,0.7621575492341357,0.10358660941512139,0.539,0.5403654266958424,0.06084287308776689,20.4,21.332166301969362,6.728011155804802,8.1,9.075492341356673,4.009578858048625,4.4,4.951859956236324,2.587936300633038,1.6,1.7008752735229757,0.6523904255152182,0.8,1.0404814004376368,0.8553509258438288,2.4,2.6102844638949674,1.0603103474633853,115.0,114.66958424507659,9.813067194581185,115.0,114.75492341356674,4.071335243256369,13.6,14.197592997811817,4.245500030552884,0.571,0.5688862144420131,0.05754308231837714,0.448,0.42,0.20614602642429544,0.225,0.23475929978118165,0.10938634174755149,17.6,18.74967177242888,5.46180165369552,4.4,5.4792122538293215,3.8038624519734867,13.5,14.962582056892778,5.9422495137173295,9.1,10.210722100656454,4.512545247308453,12.8,14.876148796498905,8.256370483254642,1.6,1.700437636761488,0.6524580924779896,1.5,2.007439824945296,1.642015973565904,12.0,12.323851203501095,3.9560441271181235,1.0,1.4542669584245074,1.8356688748384324,1.0,1.2956236323851202,0.9930804980366081,2.0,2.75164113785558,2.591459179295151,0.093,0.09415098468271335,0.057224292896401824,-0.8,-0.6409190371991247,2.4683455704728123,0.0,0.026695842450765866,1.2620075126994572,-0.8,-0.6168490153172868,2.894527603862511,0.3,0.6695842450765864,1.294681445787738,14.7,13.994967177242888,4.817183793760384,0.552,0.58,0.20614602642429544,0.215,0.2507483588621444,0.15373862860008813,0.202,0.21394310722100654,0.09488285160155809,0.066,0.07758424507658644,0.05507628295573788,0.028,0.03777899343544858,0.03689852961272439,0.448,0.42,0.20614602642429544,0.534,0.5392407002188183,0.07416629493760475,0.686,0.6818555798687089,0.08592653517955583,0.441,0.44265864332603944,0.09122620752494029,0.412,0.39675446428571426,0.16344320135603982,0.375,0.3558585131894485,0.2156345324106888,0.35,0.33008352144469527,0.09137013767177773,0.593,0.5740547045951859,0.1684408352606359,0.935,0.8791011764705883,0.14374859022616152,0.04,0.0763019693654267,0.09997368434694485,11.0,25.542669584245075,34.70727898852803,0.268,0.2951738148984199,0.17090494841939824,0.375,0.35904337899543387,0.13007931197763375,0.0,19.573304157549234,33.75497995457918,3.0,19.297592997811815,25.3772210743571,4.0,18.62800875273523,23.761458984827517,2.0,19.800875273522976,27.9627289397607,0.0,22.798687089715536,37.3557306488252,-1.0,-1.1008752735229759,7.223466213979054,-0.2,-0.39431072210065643,6.084919020904006,26.0,36.24945295404814,33.55884993099902,16.0,21.24288840262582,18.234945688715754,50.0,51.72210065645514,28.156973318429635,6.0,7.409190371991247,7.288010070686881,35.0,52.15098468271335,51.292217999592765,4.0,7.387308533916849,9.14724174578948,241.0,342.8249452954048,315.17774154012284,8.0,12.045951859956237,12.604304734137886,21.0,25.925601750547045,19.847857194625384
18,MIN,25.0,26.102844638949673,4.286905373315041,58.0,55.00437636761488,18.277106236610642,16.0,26.835886214442013,26.45314839924801,1234.0,1280.5229759299782,721.7102738062141,22.0,22.173522975929977,8.165434425654785,N/a,N/a,N/a,8.9,10.380087527352298,6.390780914260521,3.5,4.0929978118161925,2.3554051282056885,0.8,1.0442013129102845,0.7617603307402537,2.7,3.0518599562363233,1.7595983138087987,1.8,2.4120350109409197,1.8439587273703357,0.7,0.7663019693654268,0.38508671365756875,0.4,0.461706783369803,0.41204418917813096,1.0,1.2531728665207875,0.8221413783096101,1.7,1.7297592997811817,0.6315798791053568,187.0,222.05032822757113,165.97933607944844,411.0,474.44201312910286,344.75604365193493,0.456,0.4662144420131291,0.0737465280878087,58.0,72.06126914660831,63.97604891168759,163.0,199.5098468271335,167.3823900120939,0.35,0.33008352144469527,0.09137013767177773,113.0,149.9890590809628,128.79509894251694,212.0,274.93216630196935,229.09718355166558,0.534,0.5392407002188183,0.07416629493760475,60.0,90.13129102844638,91.81641821966939,78.0,115.44201312910285,112.35240526071637,0.776,0.7621575492341357,0.10358660941512139,0.539,0.5403654266958424,0.06084287308776689,20.4,21.332166301969362,6.728011155804802,8.1,9.075492341356673,4.009578858048625,4.4,4.951859956236324,2.587936300633038,1.6,1.7008752735229757,0.6523904255152182,0.8,1.0404814004376368,0.8553509258438288,2.4,2.6102844638949674,1.0603103474633853,115.0,114.66958424507659,9.813067194581185,115.0,114.75492341356674,4.071335243256369,13.6,14.197592997811817,4.245500030552884,0.571,0.5688862144420131,0.05754308231837714,0.448,0.42,0.20614602642429544,0.225,0.23475929978118165,0.10938634174755149,17.6,18.74967177242888,5.46180165369552,4.4,5.4792122538293215,3.8038624519734867,13.5,14.962582056892778,5.9422495137173295,9.1,10.210722100656454,4.512545247308453,12.8,14.876148796498905,8.256370483254642,1.6,1.700437636761488,0.6524580924779896,1.5,2.007439824945296,1.642015973565904,12.0,12.323851203501095,3.9560441271181235,1.0,1.4542669584245074,1.8356688748384324,1.0,1.2956236323851202,0.9930804980366081,2.0,2.75164113785558,2.591459179295151,0.093,0.09415098468271335,0.057224292896401824,-0.8,-0.6409190371991247,2.4683455704728123,0.0,0.026695842450765866,1.2620075126994572,-0.8,-0.6168490153172868,2.894527603862511,0.3,0.6695842450765864,1.294681445787738,14.7,13.994967177242888,4.817183793760384,0.552,0.58,0.20614602642429544,0.215,0.2507483588621444,0.15373862860008813,0.202,0.21394310722100654,0.09488285160155809,0.066,0.07758424507658644,0.05507628295573788,0.028,0.03777899343544858,0.03689852961272439,0.448,0.42,0.20614602642429544,0.534,0.5392407002188183,0.07416629493760475,0.686,0.6818555798687089,0.08592653517955583,0.441,0.44265864332603944,0.09122620752494029,0.412,0.39675446428571426,0.16344320135603982,0.375,0.3558585131894485,0.2156345324106888,0.35,0.33008352144469527,0.09137013767177773,0.593,0.5740547045951859,0.1684408352606359,0.935,0.8791011764705883,0.14374859022616152,0.04,0.0763019693654267,0.09997368434694485,11.0,25.542669584245075,34.70727898852803,0.268,0.2951738148984199,0.17090494841939824,0.375,0.35904337899543387,0.13007931197763375,0.0,19.573304157549234,33.75497995457918,3.0,19.297592997811815,25.3772210743571,4.0,18.62800875273523,23.761458984827517,2.0,19.800875273522976,27.9627289397607,0.0,22.798687089715536,37.3557306488252,-1.0,-1.1008752735229759,7.223466213979054,-0.2,-0.39431072210065643,6.084919020904006,26.0,36.24945295404814,33.55884993099902,16.0,21.24288840262582,18.234945688715754,50.0,51.72210065645514,28.156973318429635,6.0,7.409190371991247,7.288010070686881,35.0,52.15098468271335,51.292217999592765,4.0,7.387308533916849,9.14724174578948,241.0,342.8249452954048,315.17774154012284,8.0,12.045951859956237,12.604304734137886,21.0,25.925601750547045,19.847857194625384
19,NOP,25.0,26.102844638949673,4.286905373315041,58.0,55.00437636761488,18.277106236610642,16.0,26.835886214442013,26.45314839924801,1234.0,1280.5229759299782,721.7102738062141,22.0,22.173522975929977,8.165434425654785,N/a,N/a,N/a,8.9,10.380087527352298,6.390780914260521,3.5,4.0929978118161925,2.3554051282056885,0.8,1.0442013129102845,0.7617603307402537,2.7,3.0518599562363233,1.7595983138087987,1.8,2.4120350109409197,1.8439587273703357,0.7,0.7663019693654268,0.38508671365756875,0.4,0.461706783369803,0.41204418917813096,1.0,1.2531728665207875,0.8221413783096101,1.7,1.7297592997811817,0.6315798791053568,187.0,222.05032822757113,165.97933607944844,411.0,474.44201312910286,344.75604365193493,0.456,0.4662144420131291,0.0737465280878087,58.0,72.06126914660831,63.97604891168759,163.0,199.5098468271335,167.3823900120939,0.35,0.33008352144469527,0.09137013767177773,113.0,149.9890590809628,128.79509894251694,212.0,274.93216630196935,229.09718355166558,0.534,0.5392407002188183,0.07416629493760475,60.0,90.13129102844638,91.81641821966939,78.0,115.44201312910285,112.35240526071637,0.776,0.7621575492341357,0.10358660941512139,0.539,0.5403654266958424,0.06084287308776689,20.4,21.332166301969362,6.728011155804802,8.1,9.075492341356673,4.009578858048625,4.4,4.951859956236324,2.587936300633038,1.6,1.7008752735229757,0.6523904255152182,0.8,1.0404814004376368,0.8553509258438288,2.4,2.6102844638949674,1.0603103474633853,115.0,114.66958424507659,9.813067194581185,115.0,114.75492341356674,4.071335243256369,13.6,14.197592997811817,4.245500030552884,0.571,0.5688862144420131,0.05754308231837714,0.448,0.42,0.20614602642429544,0.225,0.23475929978118165,0.10938634174755149,17.6,18.74967177242888,5.46180165369552,4.4,5.4792122538293215,3.8038624519734867,13.5,14.962582056892778,5.9422495137173295,9.1,10.210722100656454,4.512545247308453,12.8,14.876148796498905,8.256370483254642,1.6,1.700437636761488,0.6524580924779896,1.5,2.007439824945296,1.642015973565904,12.0,12.323851203501095,3.9560441271181235,1.0,1.4542669584245074,1.8356688748384324,1.0,1.2956236323851202,0.9930804980366081,2.0,2.75164113785558,2.591459179295151,0.093,0.09415098468271335,0.057224292896401824,-0.8,-0.6409190371991247,2.4683455704728123,0.0,0.026695842450765866,1.2620075126994572,-0.8,-0.6168490153172868,2.894527603862511,0.3,0.6695842450765864,1.294681445787738,14.7,13.994967177242888,4.817183793760384,0.552,0.58,0.20614602642429544,0.215,0.2507483588621444,0.15373862860008813,0.202,0.21394310722100654,0.09488285160155809,0.066,0.07758424507658644,0.05507628295573788,0.028,0.03777899343544858,0.03689852961272439,0.448,0.42,0.20614602642429544,0.534,0.5392407002188183,0.07416629493760475,0.686,0.6818555798687089,0.08592653517955583,0.441,0.44265864332603944,0.09122620752494029,0.412,0.39675446428571426,0.16344320135603982,0.375,0.3558585131894485,0.2156345324106888,0.35,0.33008352144469527,0.09137013767177773,0.593,0.5740547045951859,0.1684408352606359,0.935,0.8791011764705883,0.14374859022616152,0.04,0.0763019693654267,0.09997368434694485,11.0,25.542669584245075,34.70727898852803,0.268,0.2951738148984199,0.17090494841939824,0.375,0.35904337899543387,0.13007931197763375,0.0,19.573304157549234,33.75497995457918,3.0,19.297592997811815,25.3772210743571,4.0,18.62800875273523,23.761458984827517,2.0,19.800875273522976,27.9627289397607,0.0,22.798687089715536,37.3557306488252,-1.0,-1.1008752735229759,7.223466213979054,-0.2,-0.39431072210065643,6.084919020904006,26.0,36.24945295404814,33.55884993099902,16.0,21.24288840262582,18.234945688715754,50.0,51.72210065645514,28.156973318429635,6.0,7.409190371991247,7.288010070686881,35.0,52.15098468271335,51.292217999592765,4.0,7.387308533916849,9.14724174578948,241.0,342.8249452954048,315.17774154012284,8.0,12.045951859956237,12.604304734137886,21.0,25.925601750547045,19.847857194625384
20,NYK,25.0,26.102844638949673,4.286905373315041,58.0,55.00437636761488,18.277106236610642,16.0,26.835886214442013,26.45314839924801,1234.0,1280.5229759299782,721.7102738062141,22.0,22.173522975929977,8.165434425654785,N/a,N/a,N/a,8.9,10.380087527352298,6.390780914260521,3.5,4.0929978118161925,2.3554051282056885,0.8,1.0442013129102845,0.7617603307402537,2.7,3.0518599562363233,1.7595983138087987,1.8,2.4120350109409197,1.8439587273703357,0.7,0.7663019693654268,0.38508671365756875,0.4,0.461706783369803,0.41204418917813096,1.0,1.2531728665207875,0.8221413783096101,1.7,1.7297592997811817,0.6315798791053568,187.0,222.05032822757113,165.97933607944844,411.0,474.44201312910286,344.75604365193493,0.456,0.4662144420131291,0.0737465280878087,58.0,72.06126914660831,63.97604891168759,163.0,199.5098468271335,167.3823900120939,0.35,0.33008352144469527,0.09137013767177773,113.0,149.9890590809628,128.79509894251694,212.0,274.93216630196935,229.09718355166558,0.534,0.5392407002188183,0.07416629493760475,60.0,90.13129102844638,91.81641821966939,78.0,115.44201312910285,112.35240526071637,0.776,0.7621575492341357,0.10358660941512139,0.539,0.5403654266958424,0.06084287308776689,20.4,21.332166301969362,6.728011155804802,8.1,9.075492341356673,4.009578858048625,4.4,4.951859956236324,2.587936300633038,1.6,1.7008752735229757,0.6523904255152182,0.8,1.0404814004376368,0.8553509258438288,2.4,2.6102844638949674,1.0603103474633853,115.0,114.66958424507659,9.813067194581185,115.0,114.75492341356674,4.071335243256369,13.6,14.197592997811817,4.245500030552884,0.571,0.5688862144420131,0.05754308231837714,0.448,0.42,0.20614602642429544,0.225,0.23475929978118165,0.10938634174755149,17.6,18.74967177242888,5.46180165369552,4.4,5.4792122538293215,3.8038624519734867,13.5,14.962582056892778,5.9422495137173295,9.1,10.210722100656454,4.512545247308453,12.8,14.876148796498905,8.256370483254642,1.6,1.700437636761488,0.6524580924779896,1.5,2.007439824945296,1.642015973565904,12.0,12.323851203501095,3.9560441271181235,1.0,1.4542669584245074,1.8356688748384324,1.0,1.2956236323851202,0.9930804980366081,2.0,2.75164113785558,2.591459179295151,0.093,0.09415098468271335,0.057224292896401824,-0.8,-0.6409190371991247,2.4683455704728123,0.0,0.026695842450765866,1.2620075126994572,-0.8,-0.6168490153172868,2.894527603862511,0.3,0.6695842450765864,1.294681445787738,14.7,13.994967177242888,4.817183793760384,0.552,0.58,0.20614602642429544,0.215,0.2507483588621444,0.15373862860008813,0.202,0.21394310722100654,0.09488285160155809,0.066,0.07758424507658644,0.05507628295573788,0.028,0.03777899343544858,0.03689852961272439,0.448,0.42,0.20614602642429544,0.534,0.5392407002188183,0.07416629493760475,0.686,0.6818555798687089,0.08592653517955583,0.441,0.44265864332603944,0.09122620752494029,0.412,0.39675446428571426,0.16344320135603982,0.375,0.3558585131894485,0.2156345324106888,0.35,0.33008352144469527,0.09137013767177773,0.593,0.5740547045951859,0.1684408352606359,0.935,0.8791011764705883,0.14374859022616152,0.04,0.0763019693654267,0.09997368434694485,11.0,25.542669584245075,34.70727898852803,0.268,0.2951738148984199,0.17090494841939824,0.375,0.35904337899543387,0.13007931197763375,0.0,19.573304157549234,33.75497995457918,3.0,19.297592997811815,25.3772210743571,4.0,18.62800875273523,23.761458984827517,2.0,19.800875273522976,27.9627289397607,0.0,22.798687089715536,37.3557306488252,-1.0,-1.1008752735229759,7.223466213979054,-0.2,-0.39431072210065643,6.084919020904006,26.0,36.24945295404814,33.55884993099902,16.0,21.24288840262582,18.234945688715754,50.0,51.72210065645514,28.156973318429635,6.0,7.409190371991247,7.288010070686881,35.0,52.15098468271335,51.292217999592765,4.0,7.387308533916849,9.14724174578948,241.0,342.8249452954048,315.17774154012284,8.0,12.045951859956237,12.604304734137886,21.0,25.925601750547045,19.847857194625384
21,OKC,25.0,26.102844638949673,4.286905373315041,58.0,55.00437636761488,18.277106236610642,16.0,26.835886214442013,26.45314839924801,1234.0,1280.5229759299782,721.7102738062141,22.0,22.173522975929977,8.165434425654785,N/a,N/a,N/a,8.9,10.380087527352298,6.390780914260521,3.5,4.0929978118161925,2.3554051282056885,0.8,1.0442013129102845,0.7617603307402537,2.7,3.0518599562363233,1.7595983138087987,1.8,2.4120350109409197,1.8439587273703357,0.7,0.7663019693654268,0.38508671365756875,0.4,0.461706783369803,0.41204418917813096,1.0,1.2531728665207875,0.8221413783096101,1.7,1.7297592997811817,0.6315798791053568,187.0,222.05032822757113,165.97933607944844,411.0,474.44201312910286,344.75604365193493,0.456,0.4662144420131291,0.0737465280878087,58.0,72.06126914660831,63.97604891168759,163.0,199.5098468271335,167.3823900120939,0.35,0.33008352144469527,0.09137013767177773,113.0,149.9890590809628,128.79509894251694,212.0,274.93216630196935,229.09718355166558,0.534,0.5392407002188183,0.07416629493760475,60.0,90.13129102844638,91.81641821966939,78.0,115.44201312910285,112.35240526071637,0.776,0.7621575492341357,0.10358660941512139,0.539,0.5403654266958424,0.06084287308776689,20.4,21.332166301969362,6.728011155804802,8.1,9.075492341356673,4.009578858048625,4.4,4.951859956236324,2.587936300633038,1.6,1.7008752735229757,0.6523904255152182,0.8,1.0404814004376368,0.8553509258438288,2.4,2.6102844638949674,1.0603103474633853,115.0,114.66958424507659,9.813067194581185,115.0,114.75492341356674,4.071335243256369,13.6,14.197592997811817,4.245500030552884,0.571,0.5688862144420131,0.05754308231837714,0.448,0.42,0.20614602642429544,0.225,0.23475929978118165,0.10938634174755149,17.6,18.74967177242888,5.46180165369552,4.4,5.4792122538293215,3.8038624519734867,13.5,14.962582056892778,5.9422495137173295,9.1,10.210722100656454,4.512545247308453,12.8,14.876148796498905,8.256370483254642,1.6,1.700437636761488,0.6524580924779896,1.5,2.007439824945296,1.642015973565904,12.0,12.323851203501095,3.9560441271181235,1.0,1.4542669584245074,1.8356688748384324,1.0,1.2956236323851202,0.9930804980366081,2.0,2.75164113785558,2.591459179295151,0.093,0.09415098468271335,0.057224292896401824,-0.8,-0.6409190371991247,2.4683455704728123,0.0,0.026695842450765866,1.2620075126994572,-0.8,-0.6168490153172868,2.894527603862511,0.3,0.6695842450765864,1.294681445787738,14.7,13.994967177242888,4.817183793760384,0.552,0.58,0.20614602642429544,0.215,0.2507483588621444,0.15373862860008813,0.202,0.21394310722100654,0.09488285160155809,0.066,0.07758424507658644,0.05507628295573788,0.028,0.03777899343544858,0.03689852961272439,0.448,0.42,0.20614602642429544,0.534,0.5392407002188183,0.07416629493760475,0.686,0.6818555798687089,0.08592653517955583,0.441,0.44265864332603944,0.09122620752494029,0.412,0.39675446428571426,0.16344320135603982,0.375,0.3558585131894485,0.2156345324106888,0.35,0.33008352144469527,0.09137013767177773,0.593,0.5740547045951859,0.1684408352606359,0.935,0.8791011764705883,0.14374859022616152,0.04,0.0763019693654267,0.09997368434694485,11.0,25.542669584245075,34.70727898852803,0.268,0.2951738148984199,0.17090494841939824,0.375,0.35904337899543387,0.13007931197763375,0.0,19.573304157549234,33.75497995457918,3.0,19.297592997811815,25.3772210743571,4.0,18.62800875273523,23.761458984827517,2.0,19.800875273522976,27.9627289397607,0.0,22.798687089715536,37.3557306488252,-1.0,-1.1008752735229759,7.223466213979054,-0.2,-0.39431072210065643,6.084919020904006,26.0,36.24945295404814,33.55884993099902,16.0,21.24288840262582,18.234945688715754,50.0,51.72210065645514,28.156973318429635,6.0,7.409190371991247,7.288010070686881,35.0,52.15098468271335,51.292217999592765,4.0,7.387308533916849,9.14724174578948,241.0,342.8249452954048,315.17774154012284,8.0,12.045951859956237,12.604304734137886,21.0,25.925601750547045,19.847857194625384
22,ORL,25.0,26.102844638949673,4.286905373315041,58.0,55.00437636761488,18.277106236610642,16.0,26.835886214442013,26.45314839924801,1234.0,1280.5229759299782,721.7102738062141,22.0,22.173522975929977,8.165434425654785,N/a,N/a,N/a,8.9,10.380087527352298,6.390780914260521,3.5,4.0929978118161925,2.3554051282056885,0.8,1.0442013129102845,0.7617603307402537,2.7,3.0518599562363233,1.7595983138087987,1.8,2.4120350109409197,1.8439587273703357,0.7,0.7663019693654268,0.38508671365756875,0.4,0.461706783369803,0.41204418917813096,1.0,1.2531728665207875,0.8221413783096101,1.7,1.7297592997811817,0.6315798791053568,187.0,222.05032822757113,165.97933607944844,411.0,474.44201312910286,344.75604365193493,0.456,0.4662144420131291,0.0737465280878087,58.0,72.06126914660831,63.97604891168759,163.0,199.5098468271335,167.3823900120939,0.35,0.33008352144469527,0.09137013767177773,113.0,149.9890590809628,128.79509894251694,212.0,274.93216630196935,229.09718355166558,0.534,0.5392407002188183,0.07416629493760475,60.0,90.13129102844638,91.81641821966939,78.0,115.44201312910285,112.35240526071637,0.776,0.7621575492341357,0.10358660941512139,0.539,0.5403654266958424,0.06084287308776689,20.4,21.332166301969362,6.728011155804802,8.1,9.075492341356673,4.009578858048625,4.4,4.951859956236324,2.587936300633038,1.6,1.7008752735229757,0.6523904255152182,0.8,1.0404814004376368,0.8553509258438288,2.4,2.6102844638949674,1.0603103474633853,115.0,114.66958424507659,9.813067194581185,115.0,114.75492341356674,4.071335243256369,13.6,14.197592997811817,4.245500030552884,0.571,0.5688862144420131,0.05754308231837714,0.448,0.42,0.20614602642429544,0.225,0.23475929978118165,0.10938634174755149,17.6,18.74967177242888,5.46180165369552,4.4,5.4792122538293215,3.8038624519734867,13.5,14.962582056892778,5.9422495137173295,9.1,10.210722100656454,4.512545247308453,12.8,14.876148796498905,8.256370483254642,1.6,1.700437636761488,0.6524580924779896,1.5,2.007439824945296,1.642015973565904,12.0,12.323851203501095,3.9560441271181235,1.0,1.4542669584245074,1.8356688748384324,1.0,1.2956236323851202,0.9930804980366081,2.0,2.75164113785558,2.591459179295151,0.093,0.09415098468271335,0.057224292896401824,-0.8,-0.6409190371991247,2.4683455704728123,0.0,0.026695842450765866,1.2620075126994572,-0.8,-0.6168490153172868,2.894527603862511,0.3,0.6695842450765864,1.294681445787738,14.7,13.994967177242888,4.817183793760384,0.552,0.58,0.20614602642429544,0.215,0.2507483588621444,0.15373862860008813,0.202,0.21394310722100654,0.09488285160155809,0.066,0.07758424507658644,0.05507628295573788,0.028,0.03777899343544858,0.03689852961272439,0.448,0.42,0.20614602642429544,0.534,0.5392407002188183,0.07416629493760475,0.686,0.6818555798687089,0.08592653517955583,0.441,0.44265864332603944,0.09122620752494029,0.412,0.39675446428571426,0.16344320135603982,0.375,0.3558585131894485,0.2156345324106888,0.35,0.33008352144469527,0.09137013767177773,0.593,0.5740547045951859,0.1684408352606359,0.935,0.8791011764705883,0.14374859022616152,0.04,0.0763019693654267,0.09997368434694485,11.0,25.542669584245075,34.70727898852803,0.268,0.2951738148984199,0.17090494841939824,0.375,0.35904337899543387,0.13007931197763375,0.0,19.573304157549234,33.75497995457918,3.0,19.297592997811815,25.3772210743571,4.0,18.62800875273523,23.761458984827517,2.0,19.800875273522976,27.9627289397607,0.0,22.798687089715536,37.3557306488252,-1.0,-1.1008752735229759,7.223466213979054,-0.2,-0.39431072210065643,6.084919020904006,26.0,36.24945295404814,33.55884993099902,16.0,21.24288840262582,18.234945688715754,50.0,51.72210065645514,28.156973318429635,6.0,7.409190371991247,7.288010070686881,35.0,52.15098468271335,51.292217999592765,4.0,7.387308533916849,9.14724174578948,241.0,342.8249452954048,315.17774154012284,8.0,12.045951859956237,12.604304734137886,21.0,25.925601750547045,19.847857194625384
23,PHI,25.0,26.102844638949673,4.286905373315041,58.0,55.00437636761488,18.277106236610642,16.0,26.835886214442013,26.45314839924801,1234.0,1280.5229759299782,721.7102738062141,22.0,22.173522975929977,8.165434425654785,N/a,N/a,N/a,8.9,10.380087527352298,6.390780914260521,3.5,4.0929978118161925,2.3554051282056885,0.8,1.0442013129102845,0.7617603307402537,2.7,3.0518599562363233,1.7595983138087987,1.8,2.4120350109409197,1.8439587273703357,0.7,0.7663019693654268,0.38508671365756875,0.4,0.461706783369803,0.41204418917813096,1.0,1.2531728665207875,0.8221413783096101,1.7,1.7297592997811817,0.6315798791053568,187.0,222.05032822757113,165.97933607944844,411.0,474.44201312910286,344.75604365193493,0.456,0.4662144420131291,0.0737465280878087,58.0,72.06126914660831,63.97604891168759,163.0,199.5098468271335,167.3823900120939,0.35,0.33008352144469527,0.09137013767177773,113.0,149.9890590809628,128.79509894251694,212.0,274.93216630196935,229.09718355166558,0.534,0.5392407002188183,0.07416629493760475,60.0,90.13129102844638,91.81641821966939,78.0,115.44201312910285,112.35240526071637,0.776,0.7621575492341357,0.10358660941512139,0.539,0.5403654266958424,0.06084287308776689,20.4,21.332166301969362,6.728011155804802,8.1,9.075492341356673,4.009578858048625,4.4,4.951859956236324,2.587936300633038,1.6,1.7008752735229757,0.6523904255152182,0.8,1.0404814004376368,0.8553509258438288,2.4,2.6102844638949674,1.0603103474633853,115.0,114.66958424507659,9.813067194581185,115.0,114.75492341356674,4.071335243256369,13.6,14.197592997811817,4.245500030552884,0.571,0.5688862144420131,0.05754308231837714,0.448,0.42,0.20614602642429544,0.225,0.23475929978118165,0.10938634174755149,17.6,18.74967177242888,5.46180165369552,4.4,5.4792122538293215,3.8038624519734867,13.5,14.962582056892778,5.9422495137173295,9.1,10.210722100656454,4.512545247308453,12.8,14.876148796498905,8.256370483254642,1.6,1.700437636761488,0.6524580924779896,1.5,2.007439824945296,1.642015973565904,12.0,12.323851203501095,3.9560441271181235,1.0,1.4542669584245074,1.8356688748384324,1.0,1.2956236323851202,0.9930804980366081,2.0,2.75164113785558,2.591459179295151,0.093,0.09415098468271335,0.057224292896401824,-0.8,-0.6409190371991247,2.4683455704728123,0.0,0.026695842450765866,1.2620075126994572,-0.8,-0.6168490153172868,2.894527603862511,0.3,0.6695842450765864,1.294681445787738,14.7,13.994967177242888,4.817183793760384,0.552,0.58,0.20614602642429544,0.215,0.2507483588621444,0.15373862860008813,0.202,0.21394310722100654,0.09488285160155809,0.066,0.07758424507658644,0.05507628295573788,0.028,0.03777899343544858,0.03689852961272439,0.448,0.42,0.20614602642429544,0.534,0.5392407002188183,0.07416629493760475,0.686,0.6818555798687089,0.08592653517955583,0.441,0.44265864332603944,0.09122620752494029,0.412,0.39675446428571426,0.16344320135603982,0.375,0.3558585131894485,0.2156345324106888,0.35,0.33008352144469527,0.09137013767177773,0.593,0.5740547045951859,0.1684408352606359,0.935,0.8791011764705883,0.14374859022616152,0.04,0.0763019693654267,0.09997368434694485,11.0,25.542669584245075,34.70727898852803,0.268,0.2951738148984199,0.17090494841939824,0.375,0.35904337899543387,0.13007931197763375,0.0,19.573304157549234,33.75497995457918,3.0,19.297592997811815,25.3772210743571,4.0,18.62800875273523,23.761458984827517,2.0,19.800875273522976,27.9627289397607,0.0,22.798687089715536,37.3557306488252,-1.0,-1.1008752735229759,7.223466213979054,-0.2,-0.39431072210065643,6.084919020904006,26.0,36.24945295404814,33.55884993099902,16.0,21.24288840262582,18.234945688715754,50.0,51.72210065645514,28.156973318429635,6.0,7.409190371991247,7.288010070686881,35.0,52.15098468271335,51.292217999592765,4.0,7.387308533916849,9.14724174578948,241.0,342.8249452954048,315.17774154012284,8.0,12.045951859956237,12.604304734137886,21.0,25.925601750547045,19.847857194625384
24,PHO,25.0,26.102844638949673,4.286905373315041,58.0,55.00437636761488,18.277106236610642,16.0,26.835886214442013,26.45314839924801,1234.0,1280.5229759299782,721.7102738062141,22.0,22.173522975929977,8.165434425654785,N/a,N/a,N/a,8.9,10.380087527352298,6.390780914260521,3.5,4.0929978118161925,2.3554051282056885,0.8,1.0442013129102845,0.7617603307402537,2.7,3.0518599562363233,1.7595983138087987,1.8,2.4120350109409197,1.8439587273703357,0.7,0.7663019693654268,0.38508671365756875,0.4,0.461706783369803,0.41204418917813096,1.0,1.2531728665207875,0.8221413783096101,1.7,1.7297592997811817,0.6315798791053568,187.0,222.05032822757113,165.97933607944844,411.0,474.44201312910286,344.75604365193493,0.456,0.4662144420131291,0.0737465280878087,58.0,72.06126914660831,63.97604891168759,163.0,199.5098468271335,167.3823900120939,0.35,0.33008352144469527,0.09137013767177773,113.0,149.9890590809628,128.79509894251694,212.0,274.93216630196935,229.09718355166558,0.534,0.5392407002188183,0.07416629493760475,60.0,90.13129102844638,91.81641821966939,78.0,115.44201312910285,112.35240526071637,0.776,0.7621575492341357,0.10358660941512139,0.539,0.5403654266958424,0.06084287308776689,20.4,21.332166301969362,6.728011155804802,8.1,9.075492341356673,4.009578858048625,4.4,4.951859956236324,2.587936300633038,1.6,1.7008752735229757,0.6523904255152182,0.8,1.0404814004376368,0.8553509258438288,2.4,2.6102844638949674,1.0603103474633853,115.0,114.66958424507659,9.813067194581185,115.0,114.75492341356674,4.071335243256369,13.6,14.197592997811817,4.245500030552884,0.571,0.5688862144420131,0.05754308231837714,0.448,0.42,0.20614602642429544,0.225,0.23475929978118165,0.10938634174755149,17.6,18.74967177242888,5.46180165369552,4.4,5.4792122538293215,3.8038624519734867,13.5,14.962582056892778,5.9422495137173295,9.1,10.210722100656454,4.512545247308453,12.8,14.876148796498905,8.256370483254642,1.6,1.700437636761488,0.6524580924779896,1.5,2.007439824945296,1.642015973565904,12.0,12.323851203501095,3.9560441271181235,1.0,1.4542669584245074,1.8356688748384324,1.0,1.2956236323851202,0.9930804980366081,2.0,2.75164113785558,2.591459179295151,0.093,0.09415098468271335,0.057224292896401824,-0.8,-0.6409190371991247,2.4683455704728123,0.0,0.026695842450765866,1.2620075126994572,-0.8,-0.6168490153172868,2.894527603862511,0.3,0.6695842450765864,1.294681445787738,14.7,13.994967177242888,4.817183793760384,0.552,0.58,0.20614602642429544,0.215,0.2507483588621444,0.15373862860008813,0.202,0.21394310722100654,0.09488285160155809,0.066,0.07758424507658644,0.05507628295573788,0.028,0.03777899343544858,0.03689852961272439,0.448,0.42,0.20614602642429544,0.534,0.5392407002188183,0.07416629493760475,0.686,0.6818555798687089,0.08592653517955583,0.441,0.44265864332603944,0.09122620752494029,0.412,0.39675446428571426,0.16344320135603982,0.375,0.3558585131894485,0.2156345324106888,0.35,0.33008352144469527,0.09137013767177773,0.593,0.5740547045951859,0.1684408352606359,0.935,0.8791011764705883,0.14374859022616152,0.04,0.0763019693654267,0.09997368434694485,11.0,25.542669584245075,34.70727898852803,0.268,0.2951738148984199,0.17090494841939824,0.375,0.35904337899543387,0.13007931197763375,0.0,19.573304157549234,33.75497995457918,3.0,19.297592997811815,25.3772210743571,4.0,18.62800875273523,23.761458984827517,2.0,19.800875273522976,27.9627289397607,0.0,22.798687089715536,37.3557306488252,-1.0,-1.1008752735229759,7.223466213979054,-0.2,-0.39431072210065643,6.084919020904006,26.0,36.24945295404814,33.55884993099902,16.0,21.24288840262582,18.234945688715754,50.0,51.72210065645514,28.156973318429635,6.0,7.409190371991247,7.288010070686881,35.0,52.15098468271335,51.292217999592765,4.0,7.387308533916849,9.14724174578948,241.0,342.8249452954048,315.17774154012284,8.0,12.045951859956237,12.604304734137886,21.0,25.925601750547045,19.847857194625384
25,POR,25.0,26.102844638949673,4.286905373315041,58.0,55.00437636761488,18.277106236610642,16.0,26.835886214442013,26.45314839924801,1234.0,1280.5229759299782,721.7102738062141,22.0,22.173522975929977,8.165434425654785,N/a,N/a,N/a,8.9,10.380087527352298,6.390780914260521,3.5,4.0929978118161925,2.3554051282056885,0.8,1.0442013129102845,0.7617603307402537,2.7,3.0518599562363233,1.7595983138087987,1.8,2.4120350109409197,1.8439587273703357,0.7,0.7663019693654268,0.38508671365756875,0.4,0.461706783369803,0.41204418917813096,1.0,1.2531728665207875,0.8221413783096101,1.7,1.7297592997811817,0.6315798791053568,187.0,222.05032822757113,165.97933607944844,411.0,474.44201312910286,344.75604365193493,0.456,0.4662144420131291,0.0737465280878087,58.0,72.06126914660831,63.97604891168759,163.0,199.5098468271335,167.3823900120939,0.35,0.33008352144469527,0.09137013767177773,113.0,149.9890590809628,128.79509894251694,212.0,274.93216630196935,229.09718355166558,0.534,0.5392407002188183,0.07416629493760475,60.0,90.13129102844638,91.81641821966939,78.0,115.44201312910285,112.35240526071637,0.776,0.7621575492341357,0.10358660941512139,0.539,0.5403654266958424,0.06084287308776689,20.4,21.332166301969362,6.728011155804802,8.1,9.075492341356673,4.009578858048625,4.4,4.951859956236324,2.587936300633038,1.6,1.7008752735229757,0.6523904255152182,0.8,1.0404814004376368,0.8553509258438288,2.4,2.6102844638949674,1.0603103474633853,115.0,114.66958424507659,9.813067194581185,115.0,114.75492341356674,4.071335243256369,13.6,14.197592997811817,4.245500030552884,0.571,0.5688862144420131,0.05754308231837714,0.448,0.42,0.20614602642429544,0.225,0.23475929978118165,0.10938634174755149,17.6,18.74967177242888,5.46180165369552,4.4,5.4792122538293215,3.8038624519734867,13.5,14.962582056892778,5.9422495137173295,9.1,10.210722100656454,4.512545247308453,12.8,14.876148796498905,8.256370483254642,1.6,1.700437636761488,0.6524580924779896,1.5,2.007439824945296,1.642015973565904,12.0,12.323851203501095,3.9560441271181235,1.0,1.4542669584245074,1.8356688748384324,1.0,1.2956236323851202,0.9930804980366081,2.0,2.75164113785558,2.591459179295151,0.093,0.09415098468271335,0.057224292896401824,-0.8,-0.6409190371991247,2.4683455704728123,0.0,0.026695842450765866,1.2620075126994572,-0.8,-0.6168490153172868,2.894527603862511,0.3,0.6695842450765864,1.294681445787738,14.7,13.994967177242888,4.817183793760384,0.552,0.58,0.20614602642429544,0.215,0.2507483588621444,0.15373862860008813,0.202,0.21394310722100654,0.09488285160155809,0.066,0.07758424507658644,0.05507628295573788,0.028,0.03777899343544858,0.03689852961272439,0.448,0.42,0.20614602642429544,0.534,0.5392407002188183,0.07416629493760475,0.686,0.6818555798687089,0.08592653517955583,0.441,0.44265864332603944,0.09122620752494029,0.412,0.39675446428571426,0.16344320135603982,0.375,0.3558585131894485,0.2156345324106888,0.35,0.33008352144469527,0.09137013767177773,0.593,0.5740547045951859,0.1684408352606359,0.935,0.8791011764705883,0.14374859022616152,0.04,0.0763019693654267,0.09997368434694485,11.0,25.542669584245075,34.70727898852803,0.268,0.2951738148984199,0.17090494841939824,0.375,0.35904337899543387,0.13007931197763375,0.0,19.573304157549234,33.75497995457918,3.0,19.297592997811815,25.3772210743571,4.0,18.62800875273523,23.761458984827517,2.0,19.800875273522976,27.9627289397607,0.0,22.798687089715536,37.3557306488252,-1.0,-1.1008752735229759,7.223466213979054,-0.2,-0.39431072210065643,6.084919020904006,26.0,36.24945295404814,33.55884993099902,16.0,21.24288840262582,18.234945688715754,50.0,51.72210065645514,28.156973318429635,6.0,7.409190371991247,7.288010070686881,35.0,52.15098468271335,51.292217999592765,4.0,7.387308533916849,9.14724174578948,241.0,342.8249452954048,315.17774154012284,8.0,12.045951859956237,12.604304734137886,21.0,25.925601750547045,19.847857194625384
26,SAC,25.0,26.102844638949673,4.286905373315041,58.0,55.00437636761488,18.277106236610642,16.0,26.835886214442013,26.45314839924801,1234.0,1280.5229759299782,721.7102738062141,22.0,22.173522975929977,8.165434425654785,N/a,N/a,N/a,8.9,10.380087527352298,6.390780914260521,3.5,4.0929978118161925,2.3554051282056885,0.8,1.0442013129102845,0.7617603307402537,2.7,3.0518599562363233,1.7595983138087987,1.8,2.4120350109409197,1.8439587273703357,0.7,0.7663019693654268,0.38508671365756875,0.4,0.461706783369803,0.41204418917813096,1.0,1.2531728665207875,0.8221413783096101,1.7,1.7297592997811817,0.6315798791053568,187.0,222.05032822757113,165.97933607944844,411.0,474.44201312910286,344.75604365193493,0.456,0.4662144420131291,0.0737465280878087,58.0,72.06126914660831,63.97604891168759,163.0,199.5098468271335,167.3823900120939,0.35,0.33008352144469527,0.09137013767177773,113.0,149.9890590809628,128.79509894251694,212.0,274.93216630196935,229.09718355166558,0.534,0.5392407002188183,0.07416629493760475,60.0,90.13129102844638,91.81641821966939,78.0,115.44201312910285,112.35240526071637,0.776,0.7621575492341357,0.10358660941512139,0.539,0.5403654266958424,0.06084287308776689,20.4,21.332166301969362,6.728011155804802,8.1,9.075492341356673,4.009578858048625,4.4,4.951859956236324,2.587936300633038,1.6,1.7008752735229757,0.6523904255152182,0.8,1.0404814004376368,0.8553509258438288,2.4,2.6102844638949674,1.0603103474633853,115.0,114.66958424507659,9.813067194581185,115.0,114.75492341356674,4.071335243256369,13.6,14.197592997811817,4.245500030552884,0.571,0.5688862144420131,0.05754308231837714,0.448,0.42,0.20614602642429544,0.225,0.23475929978118165,0.10938634174755149,17.6,18.74967177242888,5.46180165369552,4.4,5.4792122538293215,3.8038624519734867,13.5,14.962582056892778,5.9422495137173295,9.1,10.210722100656454,4.512545247308453,12.8,14.876148796498905,8.256370483254642,1.6,1.700437636761488,0.6524580924779896,1.5,2.007439824945296,1.642015973565904,12.0,12.323851203501095,3.9560441271181235,1.0,1.4542669584245074,1.8356688748384324,1.0,1.2956236323851202,0.9930804980366081,2.0,2.75164113785558,2.591459179295151,0.093,0.09415098468271335,0.057224292896401824,-0.8,-0.6409190371991247,2.4683455704728123,0.0,0.026695842450765866,1.2620075126994572,-0.8,-0.6168490153172868,2.894527603862511,0.3,0.6695842450765864,1.294681445787738,14.7,13.994967177242888,4.817183793760384,0.552,0.58,0.20614602642429544,0.215,0.2507483588621444,0.15373862860008813,0.202,0.21394310722100654,0.09488285160155809,0.066,0.07758424507658644,0.05507628295573788,0.028,0.03777899343544858,0.03689852961272439,0.448,0.42,0.20614602642429544,0.534,0.5392407002188183,0.07416629493760475,0.686,0.6818555798687089,0.08592653517955583,0.441,0.44265864332603944,0.09122620752494029,0.412,0.39675446428571426,0.16344320135603982,0.375,0.3558585131894485,0.2156345324106888,0.35,0.33008352144469527,0.09137013767177773,0.593,0.5740547045951859,0.1684408352606359,0.935,0.8791011764705883,0.14374859022616152,0.04,0.0763019693654267,0.09997368434694485,11.0,25.542669584245075,34.70727898852803,0.268,0.2951738148984199,0.17090494841939824,0.375,0.35904337899543387,0.13007931197763375,0.0,19.573304157549234,33.75497995457918,3.0,19.297592997811815,25.3772210743571,4.0,18.62800875273523,23.761458984827517,2.0,19.800875273522976,27.9627289397607,0.0,22.798687089715536,37.3557306488252,-1.0,-1.1008752735229759,7.223466213979054,-0.2,-0.39431072210065643,6.084919020904006,26.0,36.24945295404814,33.55884993099902,16.0,21.24288840262582,18.234945688715754,50.0,51.72210065645514,28.156973318429635,6.0,7.409190371991247,7.288010070686881,35.0,52.15098468271335,51.292217999592765,4.0,7.387308533916849,9.14724174578948,241.0,342.8249452954048,315.17774154012284,8.0,12.045951859956237,12.604304734137886,21.0,25.925601750547045,19.847857194625384
27,SAS,25.0,26.102844638949673,4.286905373315041,58.0,55.00437636761488,18.277106236610642,16.0,26.835886214442013,26.45314839924801,1234.0,1280.5229759299782,721.7102738062141,22.0,22.173522975929977,8.165434425654785,N/a,N/a,N/a,8.9,10.380087527352298,6.390780914260521,3.5,4.0929978118161925,2.3554051282056885,0.8,1.0442013129102845,0.7617603307402537,2.7,3.0518599562363233,1.7595983138087987,1.8,2.4120350109409197,1.8439587273703357,0.7,0.7663019693654268,0.38508671365756875,0.4,0.461706783369803,0.41204418917813096,1.0,1.2531728665207875,0.8221413783096101,1.7,1.7297592997811817,0.6315798791053568,187.0,222.05032822757113,165.97933607944844,411.0,474.44201312910286,344.75604365193493,0.456,0.4662144420131291,0.0737465280878087,58.0,72.06126914660831,63.97604891168759,163.0,199.5098468271335,167.3823900120939,0.35,0.33008352144469527,0.09137013767177773,113.0,149.9890590809628,128.79509894251694,212.0,274.93216630196935,229.09718355166558,0.534,0.5392407002188183,0.07416629493760475,60.0,90.13129102844638,91.81641821966939,78.0,115.44201312910285,112.35240526071637,0.776,0.7621575492341357,0.10358660941512139,0.539,0.5403654266958424,0.06084287308776689,20.4,21.332166301969362,6.728011155804802,8.1,9.075492341356673,4.009578858048625,4.4,4.951859956236324,2.587936300633038,1.6,1.7008752735229757,0.6523904255152182,0.8,1.0404814004376368,0.8553509258438288,2.4,2.6102844638949674,1.0603103474633853,115.0,114.66958424507659,9.813067194581185,115.0,114.75492341356674,4.071335243256369,13.6,14.197592997811817,4.245500030552884,0.571,0.5688862144420131,0.05754308231837714,0.448,0.42,0.20614602642429544,0.225,0.23475929978118165,0.10938634174755149,17.6,18.74967177242888,5.46180165369552,4.4,5.4792122538293215,3.8038624519734867,13.5,14.962582056892778,5.9422495137173295,9.1,10.210722100656454,4.512545247308453,12.8,14.876148796498905,8.256370483254642,1.6,1.700437636761488,0.6524580924779896,1.5,2.007439824945296,1.642015973565904,12.0,12.323851203501095,3.9560441271181235,1.0,1.4542669584245074,1.8356688748384324,1.0,1.2956236323851202,0.9930804980366081,2.0,2.75164113785558,2.591459179295151,0.093,0.09415098468271335,0.057224292896401824,-0.8,-0.6409190371991247,2.4683455704728123,0.0,0.026695842450765866,1.2620075126994572,-0.8,-0.6168490153172868,2.894527603862511,0.3,0.6695842450765864,1.294681445787738,14.7,13.994967177242888,4.817183793760384,0.552,0.58,0.20614602642429544,0.215,0.2507483588621444,0.15373862860008813,0.202,0.21394310722100654,0.09488285160155809,0.066,0.07758424507658644,0.05507628295573788,0.028,0.03777899343544858,0.03689852961272439,0.448,0.42,0.20614602642429544,0.534,0.5392407002188183,0.07416629493760475,0.686,0.6818555798687089,0.08592653517955583,0.441,0.44265864332603944,0.09122620752494029,0.412,0.39675446428571426,0.16344320135603982,0.375,0.3558585131894485,0.2156345324106888,0.35,0.33008352144469527,0.09137013767177773,0.593,0.5740547045951859,0.1684408352606359,0.935,0.8791011764705883,0.14374859022616152,0.04,0.0763019693654267,0.09997368434694485,11.0,25.542669584245075,34.70727898852803,0.268,0.2951738148984199,0.17090494841939824,0.375,0.35904337899543387,0.13007931197763375,0.0,19.573304157549234,33.75497995457918,3.0,19.297592997811815,25.3772210743571,4.0,18.62800875273523,23.761458984827517,2.0,19.800875273522976,27.9627289397607,0.0,22.798687089715536,37.3557306488252,-1.0,-1.1008752735229759,7.223466213979054,-0.2,-0.39431072210065643,6.084919020904006,26.0,36.24945295404814,33.55884993099902,16.0,21.24288840262582,18.234945688715754,50.0,51.72210065645514,28.156973318429635,6.0,7.409190371991247,7.288010070686881,35.0,52.15098468271335,51.292217999592765,4.0,7.387308533916849,9.14724174578948,241.0,342.8249452954048,315.17774154012284,8.0,12.045951859956237,12.604304734137886,21.0,25.925601750547045,19.847857194625384
28,TOR,25.0,26.102844638949673,4.286905373315041,58.0,55.00437636761488,18.277106236610642,16.0,26.835886214442013,26.45314839924801,1234.0,1280.5229759299782,721.7102738062141,22.0,22.173522975929977,8.165434425654785,N/a,N/a,N/a,8.9,10.380087527352298,6.390780914260521,3.5,4.0929978118161925,2.3554051282056885,0.8,1.0442013129102845,0.7617603307402537,2.7,3.0518599562363233,1.7595983138087987,1.8,2.4120350109409197,1.8439587273703357,0.7,0.7663019693654268,0.38508671365756875,0.4,0.461706783369803,0.41204418917813096,1.0,1.2531728665207875,0.8221413783096101,1.7,1.7297592997811817,0.6315798791053568,187.0,222.05032822757113,165.97933607944844,411.0,474.44201312910286,344.75604365193493,0.456,0.4662144420131291,0.0737465280878087,58.0,72.06126914660831,63.97604891168759,163.0,199.5098468271335,167.3823900120939,0.35,0.33008352144469527,0.09137013767177773,113.0,149.9890590809628,128.79509894251694,212.0,274.93216630196935,229.09718355166558,0.534,0.5392407002188183,0.07416629493760475,60.0,90.13129102844638,91.81641821966939,78.0,115.44201312910285,112.35240526071637,0.776,0.7621575492341357,0.10358660941512139,0.539,0.5403654266958424,0.06084287308776689,20.4,21.332166301969362,6.728011155804802,8.1,9.075492341356673,4.009578858048625,4.4,4.951859956236324,2.587936300633038,1.6,1.7008752735229757,0.6523904255152182,0.8,1.0404814004376368,0.8553509258438288,2.4,2.6102844638949674,1.0603103474633853,115.0,114.66958424507659,9.813067194581185,115.0,114.75492341356674,4.071335243256369,13.6,14.197592997811817,4.245500030552884,0.571,0.5688862144420131,0.05754308231837714,0.448,0.42,0.20614602642429544,0.225,0.23475929978118165,0.10938634174755149,17.6,18.74967177242888,5.46180165369552,4.4,5.4792122538293215,3.8038624519734867,13.5,14.962582056892778,5.9422495137173295,9.1,10.210722100656454,4.512545247308453,12.8,14.876148796498905,8.256370483254642,1.6,1.700437636761488,0.6524580924779896,1.5,2.007439824945296,1.642015973565904,12.0,12.323851203501095,3.9560441271181235,1.0,1.4542669584245074,1.8356688748384324,1.0,1.2956236323851202,0.9930804980366081,2.0,2.75164113785558,2.591459179295151,0.093,0.09415098468271335,0.057224292896401824,-0.8,-0.6409190371991247,2.4683455704728123,0.0,0.026695842450765866,1.2620075126994572,-0.8,-0.6168490153172868,2.894527603862511,0.3,0.6695842450765864,1.294681445787738,14.7,13.994967177242888,4.817183793760384,0.552,0.58,0.20614602642429544,0.215,0.2507483588621444,0.15373862860008813,0.202,0.21394310722100654,0.09488285160155809,0.066,0.07758424507658644,0.05507628295573788,0.028,0.03777899343544858,0.03689852961272439,0.448,0.42,0.20614602642429544,0.534,0.5392407002188183,0.07416629493760475,0.686,0.6818555798687089,0.08592653517955583,0.441,0.44265864332603944,0.09122620752494029,0.412,0.39675446428571426,0.16344320135603982,0.375,0.3558585131894485,0.2156345324106888,0.35,0.33008352144469527,0.09137013767177773,0.593,0.5740547045951859,0.1684408352606359,0.935,0.8791011764705883,0.14374859022616152,0.04,0.0763019693654267,0.09997368434694485,11.0,25.542669584245075,34.70727898852803,0.268,0.2951738148984199,0.17090494841939824,0.375,0.35904337899543387,0.13007931197763375,0.0,19.573304157549234,33.75497995457918,3.0,19.297592997811815,25.3772210743571,4.0,18.62800875273523,23.761458984827517,2.0,19.800875273522976,27.9627289397607,0.0,22.798687089715536,37.3557306488252,-1.0,-1.1008752735229759,7.223466213979054,-0.2,-0.39431072210065643,6.084919020904006,26.0,36.24945295404814,33.55884993099902,16.0,21.24288840262582,18.234945688715754,50.0,51.72210065645514,28.156973318429635,6.0,7.409190371991247,7.288010070686881,35.0,52.15098468271335,51.292217999592765,4.0,7.387308533916849,9.14724174578948,241.0,342.8249452954048,315.17774154012284,8.0,12.045951859956237,12.604304734137886,21.0,25.925601750547045,19.847857194625384
29,UTA,25.0,26.102844638949673,4.286905373315041,58.0,55.00437636761488,18.277106236610642,16.0,26.835886214442013,26.45314839924801,1234.0,1280.5229759299782,721.7102738062141,22.0,22.173522975929977,8.165434425654785,N/a,N/a,N/a,8.9,10.380087527352298,6.390780914260521,3.5,4.0929978118161925,2.3554051282056885,0.8,1.0442013129102845,0.7617603307402537,2.7,3.0518599562363233,1.7595983138087987,1.8,2.4120350109409197,1.8439587273703357,0.7,0.7663019693654268,0.38508671365756875,0.4,0.461706783369803,0.41204418917813096,1.0,1.2531728665207875,0.8221413783096101,1.7,1.7297592997811817,0.6315798791053568,187.0,222.05032822757113,165.97933607944844,411.0,474.44201312910286,344.75604365193493,0.456,0.4662144420131291,0.0737465280878087,58.0,72.06126914660831,63.97604891168759,163.0,199.5098468271335,167.3823900120939,0.35,0.33008352144469527,0.09137013767177773,113.0,149.9890590809628,128.79509894251694,212.0,274.93216630196935,229.09718355166558,0.534,0.5392407002188183,0.07416629493760475,60.0,90.13129102844638,91.81641821966939,78.0,115.44201312910285,112.35240526071637,0.776,0.7621575492341357,0.10358660941512139,0.539,0.5403654266958424,0.06084287308776689,20.4,21.332166301969362,6.728011155804802,8.1,9.075492341356673,4.009578858048625,4.4,4.951859956236324,2.587936300633038,1.6,1.7008752735229757,0.6523904255152182,0.8,1.0404814004376368,0.8553509258438288,2.4,2.6102844638949674,1.0603103474633853,115.0,114.66958424507659,9.813067194581185,115.0,114.75492341356674,4.071335243256369,13.6,14.197592997811817,4.245500030552884,0.571,0.5688862144420131,0.05754308231837714,0.448,0.42,0.20614602642429544,0.225,0.23475929978118165,0.10938634174755149,17.6,18.74967177242888,5.46180165369552,4.4,5.4792122538293215,3.8038624519734867,13.5,14.962582056892778,5.9422495137173295,9.1,10.210722100656454,4.512545247308453,12.8,14.876148796498905,8.256370483254642,1.6,1.700437636761488,0.6524580924779896,1.5,2.007439824945296,1.642015973565904,12.0,12.323851203501095,3.9560441271181235,1.0,1.4542669584245074,1.8356688748384324,1.0,1.2956236323851202,0.9930804980366081,2.0,2.75164113785558,2.591459179295151,0.093,0.09415098468271335,0.057224292896401824,-0.8,-0.6409190371991247,2.4683455704728123,0.0,0.026695842450765866,1.2620075126994572,-0.8,-0.6168490153172868,2.894527603862511,0.3,0.6695842450765864,1.294681445787738,14.7,13.994967177242888,4.817183793760384,0.552,0.58,0.20614602642429544,0.215,0.2507483588621444,0.15373862860008813,0.202,0.21394310722100654,0.09488285160155809,0.066,0.07758424507658644,0.05507628295573788,0.028,0.03777899343544858,0.03689852961272439,0.448,0.42,0.20614602642429544,0.534,0.5392407002188183,0.07416629493760475,0.686,0.6818555798687089,0.08592653517955583,0.441,0.44265864332603944,0.09122620752494029,0.412,0.39675446428571426,0.16344320135603982,0.375,0.3558585131894485,0.2156345324106888,0.35,0.33008352144469527,0.09137013767177773,0.593,0.5740547045951859,0.1684408352606359,0.935,0.8791011764705883,0.14374859022616152,0.04,0.0763019693654267,0.09997368434694485,11.0,25.542669584245075,34.70727898852803,0.268,0.2951738148984199,0.17090494841939824,0.375,0.35904337899543387,0.13007931197763375,0.0,19.573304157549234,33.75497995457918,3.0,19.297592997811815,25.3772210743571,4.0,18.62800875273523,23.761458984827517,2.0,19.800875273522976,27.9627289397607,0.0,22.798687089715536,37.3557306488252,-1.0,-1.1008752735229759,7.223466213979054,-0.2,-0.39431072210065643,6.084919020904006,26.0,36.24945295404814,33.55884993099902,16.0,21.24288840262582,18.234945688715754,50.0,51.72210065645514,28.156973318429635,6.0,7.409190371991247,7.288010070686881,35.0,52.15098468271335,51.292217999592765,4.0,7.387308533916849,9.14724174578948,241.0,342.8249452954048,315.17774154012284,8.0,12.045951859956237,12.604304734137886,21.0,25.925601750547045,19.847857194625384
30,WAS,25.0,26.102844638949673,4.286905373315041,58.0,55.00437636761488,18.277106236610642,16.0,26.835886214442013,26.45314839924801,1234.0,1280.5229759299782,721.7102738062141,22.0,22.173522975929977,8.165434425654785,N/a,N/a,N/a,8.9,10.380087527352298,6.390780914260521,3.5,4.0929978118161925,2.3554051282056885,0.8,1.0442013129102845,0.7617603307402537,2.7,3.0518599562363233,1.7595983138087987,1.8,2.4120350109409197,1.8439587273703357,0.7,0.7663019693654268,0.38508671365756875,0.4,0.461706783369803,0.41204418917813096,1.0,1.2531728665207875,0.8221413783096101,1.7,1.7297592997811817,0.6315798791053568,187.0,222.05032822757113,165.97933607944844,411.0,474.44201312910286,344.75604365193493,0.456,0.4662144420131291,0.0737465280878087,58.0,72.06126914660831,63.97604891168759,163.0,199.5098468271335,167.3823900120939,0.35,0.33008352144469527,0.09137013767177773,113.0,149.9890590809628,128.79509894251694,212.0,274.93216630196935,229.09718355166558,0.534,0.5392407002188183,0.07416629493760475,60.0,90.13129102844638,91.81641821966939,78.0,115.44201312910285,112.35240526071637,0.776,0.7621575492341357,0.10358660941512139,0.539,0.5403654266958424,0.06084287308776689,20.4,21.332166301969362,6.728011155804802,8.1,9.075492341356673,4.009578858048625,4.4,4.951859956236324,2.587936300633038,1.6,1.7008752735229757,0.6523904255152182,0.8,1.0404814004376368,0.8553509258438288,2.4,2.6102844638949674,1.0603103474633853,115.0,114.66958424507659,9.813067194581185,115.0,114.75492341356674,4.071335243256369,13.6,14.197592997811817,4.245500030552884,0.571,0.5688862144420131,0.05754308231837714,0.448,0.42,0.20614602642429544,0.225,0.23475929978118165,0.10938634174755149,17.6,18.74967177242888,5.46180165369552,4.4,5.4792122538293215,3.8038624519734867,13.5,14.962582056892778,5.9422495137173295,9.1,10.210722100656454,4.512545247308453,12.8,14.876148796498905,8.256370483254642,1.6,1.700437636761488,0.6524580924779896,1.5,2.007439824945296,1.642015973565904,12.0,12.323851203501095,3.9560441271181235,1.0,1.4542669584245074,1.8356688748384324,1.0,1.2956236323851202,0.9930804980366081,2.0,2.75164113785558,2.591459179295151,0.093,0.09415098468271335,0.057224292896401824,-0.8,-0.6409190371991247,2.4683455704728123,0.0,0.026695842450765866,1.2620075126994572,-0.8,-0.6168490153172868,2.894527603862511,0.3,0.6695842450765864,1.294681445787738,14.7,13.994967177242888,4.817183793760384,0.552,0.58,0.20614602642429544,0.215,0.2507483588621444,0.15373862860008813,0.202,0.21394310722100654,0.09488285160155809,0.066,0.07758424507658644,0.05507628295573788,0.028,0.03777899343544858,0.03689852961272439,0.448,0.42,0.20614602642429544,0.534,0.5392407002188183,0.07416629493760475,0.686,0.6818555798687089,0.08592653517955583,0.441,0.44265864332603944,0.09122620752494029,0.412,0.39675446428571426,0.16344320135603982,0.375,0.3558585131894485,0.2156345324106888,0.35,0.33008352144469527,0.09137013767177773,0.593,0.5740547045951859,0.1684408352606359,0.935,0.8791011764705883,0.14374859022616152,0.04,0.0763019693654267,0.09997368434694485,11.0,25.542669584245075,34.70727898852803,0.268,0.2951738148984199,0.17090494841939824,0.375,0.35904337899543387,0.13007931197763375,0.0,19.573304157549234,33.75497995457918,3.0,19.297592997811815,25.3772210743571,4.0,18.62800875273523,23.761458984827517,2.0,19.800875273522976,27.9627289397607,0.0,22.798687089715536,37.3557306488252,-1.0,-1.1008752735229759,7.223466213979054,-0.2,-0.39431072210065643,6.084919020904006,26.0,36.24945295404814,33.55884993099902,16.0,21.24288840262582,18.234945688715754,50.0,51.72210065645514,28.156973318429635,6.0,7.409190371991247,7.288010070686881,35.0,52.15098468271335,51.292217999592765,4.0,7.387308533916849,9.14724174578948,241.0,342.8249452954048,315.17774154012284,8.0,12.045951859956237,12.604304734137886,21.0,25.925601750547045,19.847857194625384
