Player,Team,Pos,Age,G,GS,MP,MP/G,Birth,Height,Weight,PTS,TRB,ORB,DRB,AST,STL,BLK,TOV,PF,FG,FGA,FG%,3P,3PA,3P%,2P,2PA,2P%,FT,FTA,FT%,eFG%,PTS_per100,TRB_per100,AST_per100,STL_per100,BLK_per100,TOV_per100,ORtg,DRtg,PER,TS%,3PAr,FTr,USG%,ORB%,DRB%,TRB%,AST%,STL%,BLK%,TOV%,OWS,DWS,WS,WS/48,OBPM,DBPM,BPM,VORP,AvgDist,%FGA_2P,%FGA_0-3ft,%FGA_3-10ft,%FGA_10-16ft,%FGA_16ft-3P,%FGA_3P,FG%_2P,FG%_0-3ft,FG%_3-10ft,FG%_10-16ft,FG%_16ft-3P,FG%_3P,%Assisted_2P,%Assisted_3P,Dunks_%FGA,Dunks,Corner3_%3PA,Corner3_3P%,%Time_PG,%Time_SG,%Time_SF,%Time_PF,%Time_C,OnCourt_per100,OnOff_per100,BadPass,LostBall,Foul_Shooting,Foul_Offensive,Drawn_Shooting,Drawn_Offensive,PGA,And1,Blkd
A.J. Green,MIL,SG,25,73,7,1659,22.7,N/a,N/a,N/a,7.4,2.4,0.2,2.1,1.5,0.5,0.1,0.5,2.2,182,424,0.429,155,363,0.427,27,61,0.443,22,27,0.815,0.612,15.8,5.1,3.1,1.1,0.2,1.2,119,117,9.2,0.621,0.856,0.064,12.6,1.2,9.8,5.7,8.5,1.1,0.4,8.4,1.6,1.3,2.8,0.082,-1.7,-0.4,-2.2,-0.1,24.0,0.144,0.028,0.017,0.038,0.061,0.856,0.443,0.667,0.143,0.5,0.385,0.427,0.741,0.942,0.0,0,0.292,0.528,28,72,1,0,0,6.3,6.9,19,10,90,6,7,18,285,2,3
A.J. Lawson,TOR,SG,24,26,2,486,18.7,N/a,N/a,N/a,9.1,3.3,0.8,2.5,1.2,0.5,0.2,0.6,1.7,80,190,0.421,33,101,0.327,47,89,0.528,43,63,0.683,0.508,23.4,8.5,3.1,1.3,0.6,1.5,113,116,12.7,0.542,0.532,0.332,20.0,4.3,14.9,9.5,9.1,1.3,1.2,6.4,0.4,0.4,0.8,0.081,-1.5,-1.0,-2.5,-0.1,14.6,0.468,0.289,0.168,0.011,0.0,0.532,0.528,0.618,0.406,0.0,N/a,0.327,0.638,0.939,0.074,11,0.347,0.314,22,55,23,0,0,-3.3,1.1,10,5,14,0,29,0,75,5,12
Aaron Gordon,DEN,PF,29,51,42,1447,28.4,N/a,N/a,N/a,14.7,4.8,1.6,3.3,3.2,0.5,0.3,1.4,1.6,264,497,0.531,75,172,0.436,189,325,0.582,145,179,0.81,0.607,24.9,8.2,5.5,0.8,0.5,2.4,129,120,17.0,0.65,0.346,0.36,19.0,6.4,12.1,9.4,15.0,0.8,0.9,11.3,3.6,0.7,4.3,0.143,2.7,-1.5,1.2,1.2,11.8,0.654,0.348,0.195,0.07,0.04,0.346,0.582,0.665,0.464,0.571,0.45,0.436,0.566,0.867,0.141,63,0.36,0.484,0,0,0,89,11,9.6,8.8,40,14,53,10,91,6,382,17,37
Aaron Holiday,HOU,PG,28,62,3,792,12.8,N/a,N/a,N/a,5.5,1.3,0.2,1.0,1.3,0.3,0.2,0.6,1.0,117,268,0.437,72,181,0.398,45,87,0.517,34,41,0.829,0.571,20.9,4.8,5.1,1.2,0.7,2.3,121,114,12.2,0.594,0.675,0.153,16.8,1.7,8.9,5.2,14.3,1.2,1.2,11.5,1.2,0.8,2.0,0.122,-0.4,0.1,-0.2,0.3,20.8,0.325,0.06,0.131,0.075,0.06,0.675,0.517,0.75,0.486,0.4,0.5,0.398,0.378,0.819,0.0,0,0.177,0.469,100,0,0,0,0,5.5,1.6,22,10,34,4,9,13,203,3,11
Aaron Wiggins,OKC,SG,26,76,26,1744,22.9,N/a,N/a,N/a,12.0,3.9,1.1,2.8,1.8,0.8,0.2,0.9,1.3,355,728,0.488,130,339,0.383,225,389,0.578,74,89,0.831,0.577,25.2,8.1,3.7,1.7,0.5,1.9,119,110,16.1,0.596,0.466,0.122,20.3,5.1,12.9,9.1,10.6,1.7,1.0,8.3,2.7,2.7,5.4,0.148,1.3,-0.2,1.1,1.4,14.2,0.534,0.28,0.187,0.048,0.019,0.466,0.578,0.725,0.397,0.457,0.5,0.383,0.573,0.923,0.027,17,0.324,0.364,2,34,52,12,0,14.1,1.8,36,25,71,2,44,3,332,9,39
Aaron Nesmith,IND,SF,25,45,37,1122,24.9,N/a,N/a,N/a,12.0,4.0,0.8,3.1,1.2,0.8,0.4,0.8,2.5,192,379,0.507,84,195,0.431,108,184,0.587,73,80,0.913,0.617,23.2,7.6,2.3,1.5,0.7,1.6,124,116,14.6,0.653,0.515,0.211,17.4,3.7,13.9,8.8,6.6,1.5,1.4,8.2,1.9,1.0,2.9,0.126,0.0,-0.5,-0.5,0.4,15.7,0.485,0.203,0.172,0.084,0.026,0.515,0.587,0.714,0.538,0.469,0.3,0.431,0.769,0.964,0.042,11,0.369,0.472,0,19,81,1,0,9.1,9.3,16,10,63,8,35,16,126,14,22
Adam Flagler,OKC,SG,25,37,0,203,5.5,N/a,N/a,N/a,1.8,0.7,0.2,0.5,0.3,0.2,0.1,0.1,0.4,25,96,0.26,14,72,0.194,11,24,0.458,1,2,0.5,0.333,15.4,6.4,2.8,1.9,0.7,0.9,80,110,3.7,0.335,0.75,0.021,21.1,3.8,10.3,7.1,7.3,1.9,1.5,4.0,-0.6,0.3,-0.3,-0.062,-8.1,-2.3,-10.3,-0.4,21.7,0.25,0.063,0.063,0.063,0.063,0.75,0.458,0.667,0.167,0.833,0.167,0.194,0.545,0.857,0.0,0,0.125,0.0,93,7,0,0,0,3.0,-10.6,2,1,10,1,0,0,33,0,2
Adem Bona,PHI,C,21,58,11,905,15.6,N/a,N/a,N/a,5.8,4.2,1.6,2.6,0.5,0.4,1.2,1.1,2.2,135,192,0.703,0,1,0.0,135,191,0.707,67,100,0.67,0.703,18.4,13.3,1.5,1.4,3.8,3.3,123,115,16.5,0.714,0.005,0.521,14.3,11.1,19.9,15.3,4.4,1.4,7.5,20.5,1.4,0.9,2.3,0.121,-2.9,0.2,-2.7,-0.2,2.3,0.995,0.755,0.229,0.01,0.0,0.005,0.707,0.731,0.659,0.0,N/a,0.0,0.696,N/a,0.401,64,1.0,0.0,0,0,0,6,94,-6.7,-0.4,18,18,68,22,47,2,64,14,13
AJ Johnson,WAS,SG,20,29,11,639,22.0,N/a,N/a,N/a,7.6,2.0,0.3,1.8,2.6,0.4,0.1,1.2,1.7,82,213,0.385,24,90,0.267,58,123,0.472,32,37,0.865,0.441,16.4,4.4,5.7,0.9,0.2,2.6,98,123,7.1,0.48,0.423,0.174,17.4,1.3,8.3,4.8,17.1,0.9,0.4,13.2,-0.5,0.0,-0.4,-0.032,-5.6,-2.5,-8.1,-1.0,12.0,0.577,0.291,0.258,0.028,0.0,0.423,0.472,0.565,0.418,0.0,N/a,0.267,0.534,0.667,0.099,15,0.122,0.364,32,62,6,0,0,-11.5,-0.5,21,8,33,2,18,0,190,3,18
Ajay Mitchell,OKC,SG,22,36,1,597,16.6,N/a,N/a,N/a,6.5,1.9,0.5,1.4,1.8,0.7,0.1,0.8,1.9,91,184,0.495,23,60,0.383,68,124,0.548,29,35,0.829,0.557,18.8,5.5,5.1,2.0,0.3,2.3,117,111,12.0,0.587,0.326,0.19,16.2,3.3,8.8,6.1,13.8,2.0,0.7,12.7,0.6,0.9,1.5,0.122,-2.5,0.9,-1.6,0.1,12.2,0.674,0.217,0.353,0.065,0.038,0.326,0.548,0.625,0.492,0.833,0.143,0.383,0.397,0.957,0.005,0,0.267,0.375,13,50,29,8,1,10.0,-3.7,17,8,39,3,19,11,159,8,11
Al Horford,BOS,C,38,60,42,1659,27.7,N/a,N/a,N/a,9.0,6.2,1.3,4.8,2.1,0.6,0.9,0.8,1.4,195,461,0.423,114,314,0.363,81,147,0.551,34,38,0.895,0.547,16.3,11.2,3.9,1.1,1.5,1.4,121,111,12.9,0.563,0.681,0.082,13.8,5.2,18.9,12.1,10.4,1.1,2.8,8.8,2.0,2.4,4.4,0.129,0.1,1.1,1.2,1.3,19.0,0.319,0.119,0.163,0.015,0.022,0.681,0.551,0.745,0.467,0.429,0.2,0.363,0.827,0.991,0.017,8,0.318,0.39,0,0,0,60,40,12.1,5.2,30,6,55,5,16,0,341,2,8
Alec Burks,MIA,SG,33,49,14,863,17.6,N/a,N/a,N/a,7.3,2.5,0.3,2.2,1.1,0.6,0.1,0.6,0.8,115,271,0.424,88,207,0.425,27,64,0.422,38,49,0.776,0.587,20.6,7.2,3.2,1.6,0.4,1.7,117,114,12.8,0.608,0.764,0.181,16.5,1.9,13.8,7.9,9.1,1.6,0.8,9.0,0.9,0.9,1.8,0.1,0.0,0.3,0.3,0.5,20.8,0.236,0.059,0.1,0.041,0.037,0.764,0.422,0.5,0.296,0.545,0.5,0.425,0.556,0.955,0.0,0,0.488,0.406,7,54,38,2,0,6.2,7.2,21,3,24,3,17,6,125,3,9
Alex Len,LAL,C,31,46,7,380,8.3,N/a,N/a,N/a,1.6,2.1,0.8,1.2,0.8,0.2,0.5,0.4,1.2,32,63,0.508,2,9,0.222,30,54,0.556,8,17,0.471,0.524,9.5,12.2,4.9,1.2,2.7,2.6,114,114,10.6,0.525,0.143,0.27,10.3,11.3,16.7,14.0,12.6,1.2,5.4,22.1,0.2,0.4,0.7,0.083,-3.9,1.2,-2.6,-0.1,7.5,0.857,0.429,0.333,0.079,0.016,0.143,0.556,0.63,0.571,0.2,0.0,0.222,0.733,1.0,0.206,9,0.444,0.25,0,0,0,0,100,-18.1,-20.0,9,4,32,5,8,0,97,1,7
Alex Caruso,OKC,SG,30,54,3,1041,19.3,N/a,N/a,N/a,7.1,2.9,0.7,2.2,2.5,1.6,0.6,0.7,1.9,140,314,0.446,60,170,0.353,80,144,0.556,42,51,0.824,0.541,17.6,7.3,6.3,4.0,1.4,1.7,122,104,15.9,0.568,0.541,0.162,15.2,4.0,12.2,8.2,16.6,4.0,2.9,9.9,1.6,2.3,3.9,0.18,0.1,3.9,4.0,1.6,15.2,0.459,0.287,0.124,0.025,0.022,0.541,0.556,0.656,0.41,0.5,0.143,0.353,0.688,0.933,0.029,9,0.365,0.419,26,52,22,0,0,15.2,2.9,26,7,50,3,28,17,336,9,14
Alex Reese,PHI,PF,25,15,0,216,14.4,N/a,N/a,N/a,5.1,3.1,0.6,2.5,0.3,0.7,0.7,0.4,1.4,26,54,0.481,15,41,0.366,11,13,0.846,9,12,0.75,0.62,17.3,10.7,0.9,2.3,2.3,1.4,122,114,14.0,0.641,0.759,0.222,13.2,4.5,20.8,12.3,2.6,2.3,4.5,9.2,0.3,0.2,0.5,0.109,-0.9,-0.3,-1.2,0.0,10.3,0.241,0.13,0.093,0.0,0.019,0.759,0.846,1.0,0.6,N/a,1.0,0.366,0.636,1.0,0.037,2,0.366,0.2,0,0,0,47,53,5.1,12.0,5,0,15,1,6,2,9,2,1
Alex Sarr,WAS,C,19,67,67,1814,27.1,N/a,N/a,N/a,13.0,6.5,1.9,4.6,2.4,0.7,1.5,1.7,2.2,326,828,0.394,105,341,0.308,221,487,0.454,112,165,0.679,0.457,22.8,11.4,4.2,1.2,2.6,3.0,99,117,12.9,0.482,0.412,0.199,23.5,7.1,17.9,12.5,13.9,1.2,5.0,11.2,-1.6,1.3,-0.3,-0.007,-2.2,-1.0,-3.3,-0.6,14.4,0.588,0.17,0.298,0.086,0.034,0.412,0.454,0.695,0.36,0.324,0.393,0.308,0.701,0.952,0.077,58,0.15,0.373,0,0,0,3,97,-13.7,-2.8,43,45,93,16,77,1,385,11,39
Alperen Şengün,HOU,C,22,76,76,2395,31.5,N/a,N/a,N/a,19.1,10.3,3.4,6.9,4.9,1.1,0.8,2.6,2.8,567,1143,0.496,21,90,0.233,546,1053,0.519,296,428,0.692,0.505,29.5,16.0,7.6,1.7,1.2,3.9,116,108,21.4,0.545,0.079,0.374,26.2,11.4,23.8,17.5,24.1,1.7,2.3,12.7,4.1,4.2,8.3,0.166,2.6,1.8,4.4,3.9,7.5,0.921,0.319,0.405,0.164,0.033,0.079,0.519,0.679,0.454,0.396,0.368,0.233,0.473,0.952,0.067,65,0.067,0.333,0,0,0,7,93,7.0,6.8,73,67,106,30,190,17,915,42,84
Amen Thompson,HOU,SF,22,69,42,2225,32.2,N/a,N/a,N/a,14.1,8.2,2.8,5.4,3.8,1.4,1.3,2.0,2.4,388,697,0.557,25,91,0.275,363,606,0.599,169,247,0.684,0.575,21.2,12.3,5.8,2.1,1.9,3.0,123,108,18.7,0.602,0.131,0.354,17.5,9.0,18.2,13.5,16.9,2.1,3.6,14.6,4.1,3.9,8.0,0.172,1.4,2.6,4.1,3.4,7.8,0.869,0.42,0.298,0.096,0.055,0.131,0.599,0.758,0.471,0.493,0.263,0.275,0.523,0.96,0.212,138,0.582,0.377,1,17,53,29,0,6.0,4.1,56,49,61,15,125,9,661,23,45
Amir Coffey,LAC,SG,27,72,13,1748,24.3,N/a,N/a,N/a,9.7,2.2,0.4,1.8,1.1,0.6,0.1,0.6,1.7,240,510,0.471,101,247,0.409,139,263,0.529,115,129,0.891,0.57,19.6,4.5,2.2,1.1,0.2,1.3,122,115,11.2,0.614,0.484,0.253,15.3,2.1,8.2,5.2,6.1,1.1,0.4,7.4,2.4,1.7,4.0,0.111,-1.5,-0.2,-1.7,0.1,16.2,0.516,0.159,0.169,0.124,0.065,0.484,0.529,0.704,0.419,0.476,0.485,0.409,0.683,0.97,0.063,28,0.368,0.462,0,15,63,21,1,-2.2,-12.1,18,16,64,5,60,9,188,10,27
Andre Drummond,PHI,C,31,40,23,751,18.8,N/a,N/a,N/a,7.3,7.8,2.7,5.0,0.9,1.0,0.5,1.4,2.4,117,234,0.5,3,20,0.15,114,214,0.533,56,90,0.622,0.506,19.2,20.4,2.2,2.6,1.2,3.6,108,112,16.0,0.535,0.085,0.385,19.1,15.8,31.6,23.4,6.8,2.6,2.4,16.7,0.2,1.0,1.2,0.078,-2.4,-0.8,-3.2,-0.2,5.4,0.915,0.573,0.299,0.038,0.004,0.085,0.533,0.582,0.471,0.333,0.0,0.15,0.64,0.667,0.171,36,0.4,0.25,0,0,0,0,100,-15.0,-10.5,15,13,52,19,39,1,80,10,29
Andre Jackson Jr.,MIL,SG,23,67,43,980,14.6,N/a,N/a,N/a,3.4,2.7,1.0,1.7,1.2,0.5,0.2,0.9,1.7,94,197,0.477,30,76,0.395,64,121,0.529,12,24,0.5,0.553,11.3,9.0,4.1,1.7,0.7,2.9,107,114,8.6,0.554,0.386,0.122,11.9,7.5,12.5,10.1,10.9,1.7,1.3,21.8,0.1,1.0,1.2,0.059,-3.6,0.2,-3.4,-0.3,12.2,0.614,0.371,0.152,0.076,0.015,0.386,0.529,0.658,0.3,0.4,0.333,0.395,0.656,0.967,0.147,23,0.566,0.372,1,65,28,7,0,-1.0,-4.4,34,8,51,9,13,7,211,2,7
Andrew Wiggins,MIA,SF,29,60,60,1842,30.7,N/a,N/a,N/a,18.0,4.5,1.5,3.0,2.6,1.0,0.8,1.7,1.7,376,839,0.448,130,348,0.374,246,491,0.501,196,257,0.763,0.526,28.7,7.2,4.2,1.6,1.3,2.6,113,113,16.4,0.566,0.415,0.306,24.5,5.1,10.8,7.9,13.5,1.6,2.6,9.4,1.9,2.1,4.0,0.104,1.2,-0.3,0.9,1.4,14.5,0.585,0.168,0.284,0.061,0.073,0.415,0.501,0.596,0.487,0.49,0.344,0.374,0.504,0.869,0.052,40,0.164,0.421,0,11,66,23,0,-2.4,-7.1,36,46,56,7,122,7,398,28,63
Andrew Nembhard,IND,SG,25,65,65,1881,28.9,N/a,N/a,N/a,10.0,3.3,0.5,2.8,5.0,1.2,0.2,1.7,2.3,247,539,0.458,51,175,0.291,196,364,0.538,108,136,0.794,0.506,16.7,5.5,8.3,2.0,0.3,2.9,111,116,11.7,0.545,0.325,0.252,16.3,2.0,10.7,6.4,22.5,2.0,0.5,15.8,1.1,1.7,2.8,0.071,-2.6,0.3,-2.3,-0.1,14.9,0.675,0.163,0.187,0.199,0.126,0.325,0.538,0.727,0.535,0.449,0.441,0.291,0.474,0.824,0.002,1,0.269,0.298,15,85,1,0,0,5.3,5.6,55,39,66,11,55,15,776,11,30
Anfernee Simons,POR,SG,25,70,70,2292,32.7,N/a,N/a,N/a,19.3,2.7,0.4,2.3,4.8,0.9,0.1,2.0,1.7,479,1125,0.426,215,593,0.363,264,532,0.496,175,194,0.902,0.521,28.6,4.0,7.1,1.3,0.1,3.0,115,119,14.9,0.557,0.527,0.172,24.6,1.2,8.0,4.5,23.3,1.3,0.2,10.6,2.9,1.2,4.2,0.087,1.5,-1.5,-0.1,1.1,17.9,0.473,0.124,0.181,0.108,0.059,0.527,0.496,0.636,0.446,0.369,0.591,0.363,0.186,0.609,0.014,15,0.093,0.327,53,42,5,0,0,-5.0,-4.2,87,40,68,5,81,9,827,19,64
Anthony Gill,WAS,PF,32,51,0,397,7.8,N/a,N/a,N/a,2.5,1.3,0.4,0.9,0.3,0.2,0.0,0.2,0.6,43,88,0.489,10,31,0.323,33,57,0.579,33,50,0.66,0.545,15.5,7.9,1.9,1.1,0.2,1.2,119,122,10.2,0.586,0.352,0.568,12.7,4.7,12.6,8.6,5.7,1.1,0.5,8.3,0.4,0.1,0.5,0.058,-3.0,-1.5,-4.5,-0.3,11.8,0.648,0.295,0.33,0.011,0.011,0.352,0.579,0.654,0.552,0.0,0.0,0.323,0.606,1.0,0.011,1,0.387,0.333,0,0,10,85,5,-7.7,4.9,5,3,21,2,21,4,38,4,6
Anthony Davis,DAL,C,31,51,51,1706,33.5,N/a,N/a,N/a,24.7,11.6,2.6,8.9,3.5,1.2,2.2,2.2,1.9,470,910,0.516,35,124,0.282,435,786,0.553,286,369,0.775,0.536,36.3,17.0,5.2,1.7,3.2,3.2,118,108,26.3,0.588,0.136,0.405,30.4,9.1,29.1,19.4,18.3,1.7,6.0,9.5,3.7,3.0,6.7,0.188,3.9,1.5,5.4,3.2,10.8,0.864,0.297,0.291,0.144,0.132,0.136,0.553,0.756,0.487,0.344,0.475,0.282,0.605,0.886,0.099,86,0.081,0.1,0,0,0,13,87,1.1,-0.2,49,48,60,10,165,6,433,42,39
Anthony Edwards,MIN,SG,23,79,79,2871,36.3,N/a,N/a,N/a,27.6,5.7,0.8,4.9,4.5,1.2,0.6,3.2,1.9,721,1612,0.447,320,811,0.395,401,801,0.501,415,496,0.837,0.547,37.4,7.7,6.2,1.6,0.9,4.3,115,112,20.1,0.595,0.503,0.308,31.4,2.4,14.8,8.7,20.9,1.6,1.7,12.0,4.6,3.8,8.4,0.14,4.4,0.0,4.3,4.6,16.9,0.497,0.176,0.158,0.084,0.08,0.503,0.501,0.678,0.453,0.341,0.372,0.395,0.384,0.475,0.039,54,0.107,0.414,1,63,34,2,0,4.7,-1.3,124,94,61,12,233,2,888,58,55
Anthony Black,ORL,PG,21,78,10,1887,24.2,N/a,N/a,N/a,9.4,2.9,0.7,2.3,3.1,1.1,0.6,1.8,2.1,262,620,0.423,62,195,0.318,200,425,0.471,150,197,0.761,0.473,19.5,6.1,6.4,2.3,1.3,3.7,103,110,11.6,0.521,0.315,0.318,19.6,3.0,11.4,7.0,19.4,2.3,2.4,16.4,-0.6,3.0,2.4,0.061,-3.1,1.2,-1.9,0.0,12.0,0.685,0.255,0.308,0.071,0.052,0.315,0.471,0.627,0.414,0.25,0.344,0.318,0.435,0.839,0.06,30,0.39,0.395,60,38,2,0,0,-1.6,-2.0,78,41,87,10,92,21,586,25,53
Antonio Reeves,NOP,SG,24,44,6,660,15.0,N/a,N/a,N/a,6.9,1.4,0.4,1.0,0.9,0.5,0.1,0.7,0.9,113,248,0.456,51,129,0.395,62,119,0.521,28,35,0.8,0.558,22.4,4.6,2.9,1.5,0.3,2.2,111,123,11.7,0.579,0.52,0.141,18.8,2.9,7.6,5.1,8.8,1.5,0.6,10.2,0.4,0.0,0.4,0.029,-1.2,-2.0,-3.2,-0.2,16.4,0.48,0.19,0.157,0.101,0.032,0.52,0.521,0.617,0.513,0.44,0.25,0.395,0.726,0.863,0.02,4,0.349,0.311,13,50,35,2,0,-11.3,-2.0,20,7,34,0,17,0,96,5,14
Ariel Hukporti,NYK,C,22,25,1,217,8.7,N/a,N/a,N/a,1.9,2.0,0.6,1.5,0.4,0.0,0.6,0.8,1.3,21,31,0.677,0,0,N/a,21,31,0.677,6,13,0.462,0.677,11.0,11.7,2.5,0.2,3.4,4.8,95,113,7.6,0.654,0.0,0.419,11.6,7.5,19.4,13.5,6.4,0.2,6.4,36.4,-0.2,0.3,0.1,0.02,-6.5,0.9,-5.6,-0.2,3.4,1.0,0.645,0.258,0.097,0.0,0.0,0.677,0.75,0.5,0.667,N/a,N/a,0.952,N/a,0.323,10,N/a,N/a,0,0,0,8,92,-13.4,-18.6,12,5,24,4,6,0,27,1,2
Ausar Thompson,DET,SF,22,59,48,1328,22.5,N/a,N/a,N/a,10.1,5.1,1.9,3.3,2.3,1.7,0.7,1.4,2.8,246,460,0.535,11,49,0.224,235,411,0.572,91,142,0.641,0.547,21.5,11.0,4.9,3.5,1.4,2.9,115,108,17.2,0.568,0.107,0.309,19.1,9.3,15.9,12.6,14.4,3.5,2.9,13.3,1.5,2.4,3.8,0.138,-0.8,2.5,1.7,1.2,6.0,0.893,0.498,0.352,0.033,0.011,0.107,0.572,0.69,0.451,0.2,0.2,0.224,0.621,1.0,0.272,107,0.51,0.24,0,2,75,23,0,4.3,3.5,38,28,58,8,62,21,330,9,42
Austin Reaves,LAL,SG,26,73,73,2550,34.9,N/a,N/a,N/a,20.2,4.5,0.8,3.7,5.8,1.1,0.3,2.4,2.1,477,1037,0.46,200,531,0.377,277,506,0.547,321,366,0.877,0.556,28.5,6.3,8.1,1.6,0.4,3.4,122,117,18.1,0.616,0.512,0.353,23.7,2.8,11.5,7.3,24.9,1.6,0.8,12.9,5.6,2.1,7.6,0.144,2.4,-0.5,1.9,2.6,17.1,0.488,0.142,0.211,0.107,0.028,0.512,0.547,0.748,0.484,0.45,0.379,0.377,0.44,0.72,0.007,7,0.122,0.446,35,49,15,1,0,4.4,7.8,106,53,81,6,154,38,996,41,47
Ayo Dosunmu,CHI,SG,25,46,26,1394,30.3,N/a,N/a,N/a,12.3,3.5,0.6,2.9,4.5,0.9,0.4,1.5,2.3,221,449,0.492,62,189,0.328,159,260,0.612,62,79,0.785,0.561,19.0,5.4,7.0,1.4,0.6,2.3,117,118,12.8,0.585,0.421,0.176,16.6,2.0,10.0,6.1,20.2,1.4,1.1,12.5,1.6,1.0,2.5,0.087,-1.4,-0.2,-1.6,0.1,12.4,0.579,0.372,0.176,0.027,0.004,0.421,0.612,0.707,0.456,0.333,0.5,0.328,0.553,0.935,0.027,11,0.407,0.351,10,56,30,4,0,-7.1,-9.1,41,17,52,2,34,3,509,10,34
Bam Adebayo,MIA,C,27,78,78,2674,34.3,N/a,N/a,N/a,18.1,9.6,2.4,7.2,4.3,1.3,0.7,2.1,2.1,540,1113,0.485,79,221,0.357,461,892,0.517,251,328,0.765,0.521,26.3,14.0,6.3,1.8,1.0,3.0,115,110,18.9,0.561,0.199,0.295,23.5,7.7,23.1,15.5,20.0,1.8,1.9,11.4,3.5,4.0,7.5,0.135,1.0,1.0,2.0,2.7,11.4,0.801,0.213,0.285,0.247,0.057,0.199,0.517,0.705,0.461,0.436,0.444,0.357,0.605,0.886,0.123,125,0.29,0.453,0,0,0,20,80,0.2,-1.2,69,51,82,23,152,5,842,31,46
Baylor Scheierman,BOS,SG,24,31,2,384,12.4,N/a,N/a,N/a,3.6,2.1,0.6,1.5,1.1,0.5,0.1,0.4,0.7,39,110,0.355,26,82,0.317,13,28,0.464,9,12,0.75,0.473,14.8,8.5,4.3,2.2,0.3,1.6,111,111,10.3,0.49,0.745,0.109,14.5,5.4,13.0,9.2,11.3,2.2,0.5,9.4,0.2,0.5,0.7,0.089,-2.5,0.8,-1.7,0.0,21.3,0.255,0.073,0.118,0.018,0.045,0.745,0.464,0.625,0.385,0.0,0.6,0.317,0.615,0.885,0.0,0,0.28,0.348,2,61,36,2,0,5.4,-4.0,4,5,12,1,5,6,82,0,3
Ben Simmons,LAC,PG,28,51,24,1120,22.0,N/a,N/a,N/a,5.0,4.7,0.9,3.8,5.6,0.7,0.5,2.0,2.1,116,223,0.52,0,0,N/a,116,223,0.52,24,33,0.727,0.52,11.3,10.7,12.6,1.7,1.0,4.5,110,113,12.4,0.539,0.0,0.148,13.2,4.6,20.3,12.2,37.0,1.7,2.0,30.0,0.5,1.3,1.8,0.078,-2.3,1.8,-0.5,0.4,4.9,1.0,0.422,0.507,0.067,0.004,0.0,0.52,0.606,0.478,0.333,0.0,N/a,0.517,N/a,0.103,18,N/a,N/a,68,29,2,0,0,-2.2,2.8,66,16,47,12,17,13,710,5,10
Ben Sheppard,IND,SG,23,63,9,1229,19.5,N/a,N/a,N/a,5.3,2.8,0.7,2.1,1.3,0.6,0.2,0.3,2.0,120,287,0.418,68,199,0.342,52,88,0.591,24,27,0.889,0.537,13.0,6.9,3.3,1.5,0.5,0.9,119,116,9.2,0.555,0.693,0.094,11.3,4.0,12.0,8.0,8.6,1.5,1.0,6.9,1.0,1.0,2.1,0.081,-2.2,0.2,-2.0,0.0,18.3,0.307,0.164,0.105,0.024,0.014,0.693,0.591,0.702,0.433,0.571,0.5,0.342,0.731,0.985,0.007,2,0.578,0.339,2,82,16,0,0,-1.3,-5.3,12,5,85,1,11,12,195,3,13
Bennedict Mathurin,IND,SF,22,72,49,2149,29.8,N/a,N/a,N/a,16.1,5.3,1.2,4.1,1.9,0.7,0.3,1.9,2.3,391,853,0.458,98,288,0.34,293,565,0.519,276,332,0.831,0.516,25.9,8.6,3.0,1.1,0.5,3.0,110,116,13.6,0.579,0.338,0.389,22.8,4.6,15.2,9.9,8.8,1.1,1.0,11.9,1.3,1.8,3.0,0.068,-1.3,-1.5,-2.9,-0.5,13.2,0.662,0.273,0.237,0.066,0.087,0.338,0.519,0.635,0.485,0.393,0.338,0.34,0.584,0.714,0.049,39,0.139,0.4,0,13,85,2,0,2.8,0.9,50,56,86,19,158,8,327,28,67
Bilal Coulibaly,WAS,SF,20,59,59,1948,33.0,N/a,N/a,N/a,12.3,5.0,1.5,3.4,3.4,1.3,0.7,2.1,2.4,263,624,0.421,63,224,0.281,200,400,0.5,138,185,0.746,0.472,17.8,7.2,4.9,1.9,1.0,3.1,103,120,10.8,0.515,0.359,0.296,17.9,4.8,10.9,7.8,14.9,1.9,1.9,15.1,-0.6,0.9,0.3,0.008,-3.0,-0.7,-3.7,-0.8,13.3,0.641,0.268,0.218,0.096,0.059,0.359,0.5,0.749,0.346,0.283,0.297,0.281,0.51,0.905,0.128,72,0.232,0.346,0,9,63,28,0,-13.6,-2.8,68,39,53,7,97,4,506,26,46
Bismack Biyombo,SAS,C,32,28,26,528,18.9,N/a,N/a,N/a,5.1,5.6,1.5,4.1,1.1,0.6,0.8,1.0,1.9,67,114,0.588,0,0,N/a,67,114,0.588,10,25,0.4,0.588,13.2,14.5,2.8,1.5,2.1,2.5,111,114,12.2,0.576,0.0,0.219,12.3,8.7,23.4,16.0,7.9,1.5,3.9,17.8,0.2,0.6,0.8,0.071,-3.6,0.0,-3.6,-0.2,4.4,1.0,0.465,0.447,0.088,0.0,0.0,0.588,0.698,0.569,0.1,N/a,N/a,0.791,N/a,0.123,11,N/a,N/a,0,0,0,0,100,-9.7,-7.8,7,9,31,8,14,3,77,3,11
Blake Wesley,SAS,SG,21,58,0,683,11.8,N/a,N/a,N/a,3.7,1.1,0.3,0.8,2.0,0.6,0.1,0.9,0.8,81,186,0.435,17,58,0.293,64,128,0.5,38,61,0.623,0.481,15.4,4.3,8.1,2.6,0.4,3.8,102,118,9.9,0.51,0.312,0.328,16.7,2.7,6.9,4.8,22.3,2.6,0.8,20.2,-0.3,0.4,0.2,0.011,-3.9,-0.3,-4.2,-0.4,10.8,0.688,0.446,0.134,0.065,0.043,0.312,0.5,0.602,0.4,0.333,0.0,0.293,0.656,0.941,0.081,14,0.362,0.333,23,57,17,3,0,0.0,3.6,32,15,25,0,30,6,281,3,13
Bobby Portis,MIL,PF,29,49,7,1244,25.4,N/a,N/a,N/a,13.9,8.4,1.8,6.6,2.1,0.7,0.5,1.2,1.9,277,595,0.466,65,178,0.365,212,417,0.508,61,73,0.836,0.52,26.4,16.0,4.0,1.4,1.0,2.2,111,110,17.7,0.542,0.299,0.123,24.1,8.2,27.0,18.0,12.9,1.4,1.9,8.3,0.9,1.9,2.7,0.106,0.6,-0.4,0.2,0.7,14.1,0.701,0.2,0.193,0.163,0.145,0.299,0.508,0.655,0.487,0.423,0.43,0.365,0.519,0.969,0.015,7,0.258,0.435,0,0,0,82,18,3.0,1.1,23,14,56,8,33,2,264,9,31
Bogdan Bogdanović,LAC,SG,32,54,4,1348,25.0,N/a,N/a,N/a,10.8,2.9,0.4,2.5,2.7,0.8,0.2,1.4,2.4,210,492,0.427,105,289,0.363,105,203,0.517,58,66,0.879,0.534,20.8,5.7,5.2,1.5,0.4,2.6,110,116,11.1,0.559,0.587,0.134,18.7,2.0,11.2,6.6,15.2,1.5,0.8,12.4,0.7,1.2,1.9,0.069,-1.8,-0.2,-2.0,0.0,18.7,0.413,0.11,0.128,0.12,0.055,0.587,0.517,0.574,0.476,0.525,0.481,0.363,0.524,0.848,0.002,1,0.208,0.367,7,56,32,5,0,2.5,0.6,43,15,58,10,28,9,349,5,12
Bol Bol,PHO,PF,25,36,10,448,12.4,N/a,N/a,N/a,6.8,2.9,0.6,2.3,0.6,0.3,0.7,0.6,0.6,96,183,0.525,32,93,0.344,64,90,0.711,20,26,0.769,0.612,26.9,11.5,2.4,1.0,2.8,2.2,117,117,18.4,0.627,0.508,0.142,21.1,5.1,20.4,13.0,7.7,1.0,5.2,9.3,0.6,0.3,0.9,0.097,1.7,-0.9,0.8,0.3,17.3,0.492,0.098,0.158,0.153,0.082,0.508,0.711,0.833,0.759,0.679,0.533,0.344,0.844,1.0,0.055,10,0.548,0.353,0,0,0,67,33,-4.6,-2.1,10,7,15,0,11,0,54,2,0
Bones Hyland,MIN,PG,24,24,0,239,10.0,N/a,N/a,N/a,6.2,1.0,0.2,0.8,1.3,0.8,0.2,1.0,1.2,47,118,0.398,32,82,0.39,15,36,0.417,23,26,0.885,0.534,30.7,5.2,6.6,3.7,0.8,5.2,107,108,16.0,0.576,0.695,0.22,28.2,2.4,9.3,5.9,20.1,3.7,1.7,16.2,0.1,0.4,0.5,0.095,0.9,1.8,2.7,0.3,22.4,0.305,0.085,0.085,0.051,0.085,0.695,0.417,0.7,0.3,0.167,0.4,0.39,0.4,0.438,0.017,2,0.098,0.5,93,7,0,0,0,-7.8,-13.2,17,7,17,1,10,0,76,1,5
Bradley Beal,PHO,SG,31,53,38,1702,32.1,N/a,N/a,N/a,17.0,3.3,0.6,2.7,3.7,1.1,0.5,1.9,2.6,345,694,0.497,102,264,0.386,243,430,0.565,110,137,0.803,0.571,26.2,5.1,5.7,1.7,0.8,2.9,114,121,15.2,0.598,0.38,0.197,22.1,2.3,9.1,5.8,17.6,1.7,1.5,11.6,1.9,0.6,2.4,0.068,-0.1,-1.0,-1.1,0.4,15.2,0.62,0.159,0.199,0.143,0.12,0.38,0.565,0.764,0.536,0.505,0.422,0.386,0.519,0.873,0.024,16,0.303,0.413,19,65,16,0,0,-7.7,-8.7,54,35,87,3,57,9,474,9,21
Branden Carlson,OKC,C,25,32,0,246,7.7,N/a,N/a,N/a,3.8,1.7,0.5,1.2,0.4,0.2,0.7,0.2,0.7,43,97,0.443,22,66,0.333,21,31,0.677,14,18,0.778,0.557,23.8,10.5,2.7,1.0,4.1,1.4,122,106,17.6,0.581,0.68,0.186,19.3,7.6,15.8,11.8,7.5,1.0,8.6,6.3,0.4,0.5,0.9,0.177,0.5,0.8,1.3,0.2,18.3,0.32,0.186,0.124,0.0,0.01,0.68,0.677,0.778,0.583,N/a,0.0,0.333,0.524,1.0,0.124,10,0.273,0.333,0,0,0,3,97,7.8,-5.6,2,4,17,1,10,0,36,2,4
Brandin Podziemski,GSW,SG,21,64,33,1716,26.8,N/a,N/a,N/a,11.7,5.1,1.0,4.1,3.4,1.1,0.2,1.2,1.5,280,629,0.445,115,309,0.372,165,320,0.516,72,95,0.758,0.537,21.2,9.2,6.2,2.0,0.4,2.1,116,112,14.4,0.557,0.491,0.151,18.3,4.0,16.8,10.2,18.7,2.0,0.7,10.1,1.9,2.3,4.2,0.117,-0.1,0.8,0.7,1.2,17.2,0.509,0.111,0.2,0.135,0.062,0.491,0.516,0.671,0.508,0.482,0.333,0.372,0.552,0.843,0.002,0,0.172,0.396,4,45,46,5,0,7.2,6.5,43,16,36,4,42,34,549,10,26
Brandon Clarke,MEM,PF,28,64,18,1207,18.9,N/a,N/a,N/a,8.3,5.1,2.0,3.1,1.0,0.8,0.6,0.6,2.3,236,380,0.621,1,17,0.059,235,363,0.647,61,87,0.701,0.622,20.6,12.6,2.5,2.0,1.4,1.6,131,112,17.6,0.638,0.045,0.229,15.3,11.3,17.3,14.3,7.4,2.0,2.7,8.9,2.7,1.7,4.4,0.174,0.0,0.8,0.8,0.9,5.7,0.955,0.429,0.395,0.132,0.0,0.045,0.647,0.816,0.553,0.38,N/a,0.059,0.762,1.0,0.079,29,0.765,0.077,0,2,38,54,7,8.7,5.5,14,13,87,8,51,6,160,23,22
Brandon Ingram,NOP,SF,27,18,18,595,33.1,N/a,N/a,N/a,22.2,5.6,0.9,4.6,5.2,0.9,0.6,3.8,2.5,155,333,0.465,43,115,0.374,112,218,0.514,47,55,0.855,0.53,32.6,8.1,7.6,1.3,0.9,5.6,104,121,16.0,0.56,0.345,0.165,30.2,3.0,15.5,9.1,26.8,1.3,1.8,16.2,-0.2,0.2,0.0,0.001,1.4,-1.7,-0.3,0.3,16.0,0.655,0.117,0.153,0.24,0.144,0.345,0.514,0.744,0.412,0.538,0.396,0.374,0.402,0.837,0.027,9,0.07,0.25,0,7,66,27,0,-11.2,-1.9,28,26,22,13,26,1,224,4,21
Brandon Williams,DAL,PG,25,33,3,487,14.8,N/a,N/a,N/a,8.3,1.8,0.4,1.4,2.3,0.7,0.2,1.2,1.0,98,188,0.521,24,60,0.4,74,128,0.578,55,66,0.833,0.585,27.3,5.8,7.5,2.4,0.5,3.9,120,116,18.3,0.634,0.319,0.351,22.6,2.7,10.1,6.5,23.2,2.4,0.9,15.2,0.9,0.4,1.3,0.129,1.0,-0.1,1.0,0.4,12.1,0.681,0.356,0.218,0.069,0.037,0.319,0.578,0.672,0.415,0.615,0.571,0.4,0.297,0.833,0.005,1,0.2,0.417,100,0,0,0,0,-0.6,0.7,27,10,23,1,30,5,179,7,20
Brandon Boston Jr.,NOP,SG,23,42,10,993,23.6,N/a,N/a,N/a,10.7,3.2,0.7,2.5,2.2,1.3,0.2,1.2,1.7,166,381,0.436,49,140,0.35,117,241,0.485,67,85,0.788,0.5,21.9,6.5,4.5,2.6,0.4,2.5,107,120,12.7,0.535,0.367,0.223,20.0,3.0,11.9,7.3,13.7,2.6,0.9,11.1,0.2,0.5,0.7,0.033,-2.3,-0.2,-2.5,-0.1,14.9,0.633,0.234,0.11,0.171,0.118,0.367,0.485,0.674,0.262,0.369,0.489,0.35,0.504,0.857,0.066,21,0.229,0.313,1,41,48,9,0,-7.5,2.9,27,17,33,5,39,8,230,3,24
Brandon Miller,CHO,SF,22,27,27,924,34.2,N/a,N/a,N/a,21.0,4.9,0.9,3.9,3.6,1.1,0.7,2.8,2.7,198,491,0.403,104,293,0.355,94,198,0.475,68,79,0.861,0.509,30.2,7.0,5.2,1.5,1.1,4.0,104,117,14.0,0.54,0.597,0.161,27.7,2.8,12.5,7.6,18.3,1.5,2.1,12.6,-0.2,0.7,0.4,0.023,0.8,-0.8,0.0,0.4,19.0,0.403,0.112,0.159,0.096,0.037,0.597,0.475,0.727,0.41,0.362,0.278,0.355,0.511,0.808,0.037,17,0.082,0.333,0,0,74,23,3,-7.0,3.1,32,26,27,12,34,4,237,6,21
Brice Sensabaugh,UTA,SF,21,71,15,1432,20.2,N/a,N/a,N/a,10.9,3.0,0.6,2.4,1.5,0.6,0.1,1.5,1.6,275,599,0.459,157,372,0.422,118,227,0.52,65,73,0.89,0.59,25.9,7.0,3.7,1.5,0.3,3.6,111,122,13.4,0.612,0.621,0.122,21.5,3.2,12.6,7.9,12.0,1.5,0.5,14.5,0.9,0.3,1.2,0.042,0.4,-1.6,-1.2,0.3,18.7,0.379,0.075,0.172,0.11,0.022,0.621,0.52,0.711,0.495,0.455,0.385,0.422,0.585,0.86,0.008,5,0.306,0.509,0,2,53,44,1,-10.6,-2.1,62,25,55,7,37,3,260,13,27
Brook Lopez,MIL,C,36,80,80,2546,31.8,N/a,N/a,N/a,13.0,5.0,1.4,3.6,1.8,0.6,1.9,1.1,2.1,394,774,0.509,139,373,0.373,255,401,0.636,114,138,0.826,0.599,19.8,7.6,2.7,0.9,2.8,1.6,122,114,14.8,0.624,0.482,0.178,15.8,5.0,11.8,8.6,7.8,0.9,5.4,9.1,3.6,2.9,6.6,0.124,0.4,0.4,0.8,1.8,16.0,0.518,0.229,0.151,0.109,0.03,0.482,0.636,0.78,0.59,0.464,0.391,0.373,0.745,0.986,0.071,52,0.097,0.583,0,0,0,0,100,2.0,-0.9,27,15,97,33,73,3,351,22,20
Bruce Brown,NOP,PG,28,41,12,922,22.5,N/a,N/a,N/a,8.3,4.0,1.0,3.0,2.0,0.8,0.2,1.0,1.7,130,309,0.421,27,81,0.333,103,228,0.452,53,65,0.815,0.464,17.8,8.6,4.4,1.8,0.5,2.0,107,118,10.9,0.504,0.262,0.21,17.2,4.5,14.9,9.6,12.8,1.8,1.0,10.4,0.1,0.6,0.7,0.035,-3.2,-0.6,-3.8,-0.4,11.1,0.738,0.265,0.278,0.172,0.023,0.262,0.452,0.646,0.337,0.358,0.286,0.333,0.65,0.963,0.023,6,0.506,0.39,13,78,9,0,0,-12.0,-5.0,18,19,32,1,31,1,202,8,22
Bub Carrington,WAS,PG,19,82,57,2458,30.0,N/a,N/a,N/a,9.8,4.2,0.4,3.8,4.4,0.7,0.3,1.7,2.3,300,748,0.401,138,407,0.339,162,341,0.475,69,85,0.812,0.493,15.6,6.6,7.0,1.0,0.4,2.7,104,121,9.0,0.514,0.544,0.114,15.8,1.4,13.1,7.2,21.2,1.0,0.8,15.2,-0.4,0.6,0.2,0.005,-3.3,-1.3,-4.6,-1.6,19.1,0.456,0.102,0.114,0.102,0.139,0.544,0.475,0.553,0.353,0.553,0.462,0.339,0.481,0.667,0.027,18,0.135,0.327,95,5,0,0,0,-15.1,-7.9,80,39,116,9,31,12,884,10,23
Buddy Hield,GSW,SG,32,82,22,1863,22.7,N/a,N/a,N/a,11.1,3.2,0.6,2.6,1.6,0.8,0.3,1.1,1.6,328,786,0.417,203,549,0.37,125,237,0.527,53,64,0.828,0.546,23.8,6.9,3.5,1.8,0.6,2.4,108,113,12.3,0.56,0.698,0.081,20.5,2.9,12.7,7.6,10.7,1.8,1.2,10.1,0.6,2.2,2.8,0.073,-0.7,-0.3,-1.0,0.5,20.0,0.302,0.093,0.127,0.041,0.041,0.698,0.527,0.726,0.5,0.406,0.281,0.37,0.616,0.931,0.011,9,0.233,0.367,25,52,24,0,0,1.3,-4.1,46,25,64,9,22,1,326,8,31
Cade Cunningham,DET,PG,23,70,70,2452,35.0,N/a,N/a,N/a,26.1,6.1,0.8,5.3,9.1,1.0,0.8,4.4,2.8,684,1457,0.469,149,418,0.356,535,1039,0.515,313,370,0.846,0.521,35.9,8.3,12.5,1.4,1.0,6.1,112,113,20.6,0.565,0.287,0.254,33.2,2.5,16.5,9.6,43.0,1.4,2.1,16.0,3.0,2.9,5.9,0.115,3.8,0.1,3.9,3.7,12.6,0.713,0.167,0.362,0.129,0.056,0.287,0.515,0.605,0.497,0.479,0.444,0.356,0.228,0.57,0.033,39,0.048,0.4,84,16,0,0,0,3.4,3.7,173,105,87,15,165,6,1511,39,100
Caleb Martin,DAL,SF,29,45,24,1218,27.1,N/a,N/a,N/a,7.9,3.9,1.2,2.8,2.1,1.0,0.5,1.2,1.9,129,304,0.424,37,103,0.359,92,201,0.458,61,98,0.622,0.485,14.3,7.1,3.8,1.9,0.9,2.3,105,119,9.6,0.513,0.339,0.322,14.4,4.8,11.7,8.2,10.7,1.9,1.8,13.9,0.0,0.7,0.6,0.025,-2.9,-0.2,-3.2,-0.4,13.2,0.661,0.243,0.181,0.082,0.155,0.339,0.458,0.608,0.327,0.56,0.319,0.359,0.435,0.973,0.03,7,0.417,0.488,1,36,55,8,0,-6.3,-1.1,13,26,37,7,40,15,238,6,15
Caleb Houstan,ORL,SF,22,58,6,788,13.6,N/a,N/a,N/a,4.1,1.3,0.3,1.0,0.6,0.4,0.1,0.2,1.1,80,190,0.421,64,160,0.4,16,30,0.533,15,17,0.882,0.589,15.1,4.8,2.2,1.4,0.4,0.8,123,114,9.4,0.605,0.842,0.089,11.7,2.6,8.6,5.5,6.4,1.4,0.7,6.2,0.9,0.9,1.8,0.109,-2.4,0.2,-2.2,0.0,22.4,0.158,0.042,0.063,0.032,0.021,0.842,0.533,0.625,0.5,0.5,0.5,0.4,0.938,0.984,0.005,0,0.331,0.302,1,21,70,9,0,-5.0,-5.6,6,2,26,1,6,1,90,2,6
Cam Reddish,LAL,SF,25,33,8,589,17.8,N/a,N/a,N/a,3.2,2.0,0.5,1.5,0.7,1.0,0.3,0.4,1.3,38,94,0.404,13,47,0.277,25,47,0.532,16,26,0.615,0.473,8.8,5.5,1.8,2.8,0.8,1.0,106,114,7.4,0.498,0.5,0.277,8.8,3.3,9.1,6.3,4.8,2.8,1.6,10.2,0.0,0.6,0.7,0.054,-4.4,1.6,-2.7,-0.1,14.7,0.5,0.245,0.202,0.032,0.021,0.5,0.532,0.87,0.211,0.0,0.5,0.277,0.52,1.0,0.096,8,0.489,0.304,0,18,55,28,0,-5.0,-7.8,4,6,26,2,13,1,57,4,5
Cam Spencer,MEM,SG,24,25,1,252,10.1,N/a,N/a,N/a,4.2,1.2,0.5,0.7,1.4,0.4,0.0,0.2,0.9,34,82,0.415,19,52,0.365,15,30,0.5,19,19,1.0,0.53,19.6,5.5,6.3,1.7,0.2,1.1,134,117,14.2,0.587,0.634,0.232,15.4,5.1,7.5,6.3,16.9,1.7,0.4,6.2,0.6,0.2,0.8,0.16,0.3,0.2,0.5,0.2,19.0,0.366,0.098,0.134,0.098,0.037,0.634,0.5,0.625,0.545,0.5,0.0,0.365,0.867,0.947,0.0,0,0.115,0.333,53,43,4,0,0,6.8,2.0,4,0,8,1,7,1,82,2,1
Cam Thomas,BRK,SG,23,25,23,781,31.2,N/a,N/a,N/a,24.0,3.3,0.6,2.7,3.8,0.6,0.1,2.5,1.8,199,454,0.438,68,195,0.349,131,259,0.506,133,151,0.881,0.513,38.2,5.3,6.0,1.0,0.1,4.0,111,120,18.0,0.575,0.43,0.333,32.6,2.1,10.4,6.0,22.9,1.0,0.3,10.6,0.8,0.4,1.2,0.071,2.8,-2.6,0.3,0.5,16.3,0.57,0.141,0.183,0.154,0.093,0.43,0.506,0.625,0.434,0.471,0.524,0.349,0.473,0.544,0.0,0,0.123,0.25,12,63,25,0,0,-7.2,0.4,21,27,24,6,71,7,224,16,28
Cam Whitmore,HOU,SF,20,51,3,827,16.2,N/a,N/a,N/a,9.4,3.0,0.7,2.3,1.0,0.6,0.3,0.9,0.9,179,403,0.444,65,183,0.355,114,220,0.518,54,72,0.75,0.525,28.1,8.9,2.9,1.8,0.8,2.7,112,111,15.5,0.549,0.454,0.179,23.9,4.5,15.1,9.7,8.9,1.8,1.4,9.6,0.6,1.2,1.8,0.106,0.7,-0.4,0.3,0.5,14.9,0.546,0.253,0.203,0.037,0.052,0.454,0.518,0.686,0.341,0.467,0.429,0.355,0.482,0.785,0.112,35,0.213,0.436,0,1,48,49,3,0.6,-4.7,19,18,25,5,37,0,124,7,30
Cameron Payne,NYK,PG,30,72,5,1090,15.1,N/a,N/a,N/a,6.9,1.4,0.2,1.3,2.8,0.5,0.2,0.7,1.5,179,446,0.401,93,256,0.363,86,190,0.453,49,54,0.907,0.506,22.8,4.7,9.2,1.8,0.7,2.4,115,116,13.8,0.532,0.574,0.121,20.8,1.5,9.4,5.5,25.5,1.8,1.4,10.0,1.3,1.0,2.3,0.099,-0.1,-0.2,-0.2,0.5,17.8,0.426,0.128,0.209,0.065,0.025,0.574,0.453,0.526,0.441,0.379,0.364,0.363,0.302,0.645,0.0,0,0.094,0.375,84,16,0,0,0,9.5,7.4,27,14,52,4,22,18,479,5,12
Cameron Johnson,BRK,PF,28,57,57,1800,31.6,N/a,N/a,N/a,18.8,4.3,0.9,3.4,3.4,0.9,0.4,1.7,1.8,355,747,0.475,159,408,0.39,196,339,0.578,201,225,0.893,0.582,29.6,6.8,5.4,1.5,0.7,2.7,122,117,18.2,0.632,0.546,0.301,22.9,3.3,12.8,7.8,18.5,1.5,1.4,10.5,3.8,1.3,5.1,0.137,3.5,-0.4,3.1,2.3,17.2,0.454,0.191,0.119,0.082,0.062,0.546,0.578,0.783,0.449,0.41,0.413,0.39,0.556,0.906,0.035,24,0.213,0.448,0,8,35,48,10,-6.1,2.6,52,35,46,5,83,8,482,17,36
Caris LeVert,ATL,SG,30,64,3,1596,24.9,N/a,N/a,N/a,12.1,3.2,0.6,2.5,3.4,0.9,0.5,1.2,1.5,280,599,0.467,106,284,0.373,174,315,0.552,110,155,0.71,0.556,23.1,6.0,6.4,1.7,1.0,2.3,119,115,15.2,0.582,0.474,0.259,19.4,2.8,11.0,6.9,18.1,1.7,1.9,10.2,2.4,1.6,4.0,0.119,0.8,0.1,0.9,1.2,14.3,0.526,0.299,0.125,0.087,0.015,0.474,0.552,0.665,0.427,0.404,0.222,0.373,0.644,0.792,0.053,30,0.31,0.42,4,23,64,8,0,7.3,2.9,49,20,46,2,71,4,528,18,27
Cason Wallace,OKC,SG,21,68,43,1876,27.6,N/a,N/a,N/a,8.4,3.4,1.0,2.3,2.5,1.8,0.5,0.9,2.1,232,489,0.474,74,208,0.356,158,281,0.562,30,37,0.811,0.55,14.5,5.9,4.4,3.1,0.9,1.5,118,108,12.3,0.562,0.425,0.076,12.8,4.1,8.8,6.5,11.5,3.1,1.9,10.5,1.8,3.4,5.2,0.133,-1.5,2.6,1.0,1.5,13.2,0.575,0.272,0.233,0.055,0.014,0.425,0.562,0.662,0.491,0.407,0.429,0.356,0.563,0.986,0.065,29,0.438,0.341,9,60,28,2,0,10.6,-4.8,30,20,80,3,18,6,428,7,32
Charles Bassey,SAS,C,24,36,1,376,10.4,N/a,N/a,N/a,4.4,4.2,1.6,2.7,0.5,0.4,0.8,0.6,1.4,68,117,0.581,0,0,N/a,68,117,0.581,21,33,0.636,0.581,20.2,19.5,2.2,1.8,3.9,3.0,118,110,19.0,0.597,0.0,0.282,17.5,15.9,27.4,21.7,6.6,1.8,7.2,14.9,0.5,0.6,1.1,0.136,-1.7,0.6,-1.1,0.1,3.5,1.0,0.598,0.299,0.094,0.009,0.0,0.581,0.614,0.571,0.455,0.0,N/a,0.779,N/a,0.325,30,N/a,N/a,0,0,0,2,98,-15.0,-13.3,6,9,34,5,14,0,39,5,7
Chet Holmgren,OKC,C,22,32,32,877,27.4,N/a,N/a,N/a,15.0,8.0,1.5,6.5,2.0,0.7,2.2,1.8,2.3,167,341,0.49,44,116,0.379,123,225,0.547,101,134,0.754,0.554,26.2,14.1,3.4,1.3,3.9,3.1,116,103,19.2,0.599,0.34,0.393,22.0,6.0,25.0,15.7,9.7,1.3,8.2,12.3,1.1,2.0,3.2,0.173,0.5,1.9,2.4,1.0,12.4,0.66,0.29,0.226,0.117,0.026,0.34,0.547,0.747,0.442,0.25,0.556,0.379,0.642,1.0,0.117,39,0.164,0.421,0,0,0,36,64,16.3,4.1,10,32,41,10,66,2,141,12,35
Chris Paul,SAS,PG,39,82,82,2292,28.0,N/a,N/a,N/a,8.8,3.6,0.4,3.2,7.4,1.3,0.3,1.6,1.8,249,583,0.427,140,371,0.377,109,212,0.514,85,92,0.924,0.547,15.2,6.2,12.8,2.2,0.5,2.7,125,118,14.7,0.58,0.636,0.158,14.0,1.5,12.3,6.9,34.8,2.2,0.9,17.1,4.2,1.6,5.7,0.12,0.3,0.5,0.8,1.6,21.2,0.364,0.026,0.048,0.189,0.101,0.636,0.514,0.8,0.536,0.518,0.424,0.377,0.22,0.493,0.0,0,0.127,0.34,100,0,0,0,0,-1.3,3.9,98,23,72,4,13,3,1470,2,9
Chris Boucher,TOR,PF,32,50,0,862,17.2,N/a,N/a,N/a,10.0,4.5,1.4,3.1,0.7,0.5,0.5,0.6,1.4,182,370,0.492,70,193,0.363,112,177,0.633,68,87,0.782,0.586,28.0,12.5,1.8,1.3,1.4,1.6,123,114,18.7,0.615,0.522,0.235,21.2,8.5,19.6,13.9,5.9,1.3,2.8,6.6,1.7,1.0,2.7,0.148,2.9,-0.6,2.3,0.9,14.9,0.478,0.292,0.114,0.054,0.019,0.522,0.633,0.75,0.429,0.5,0.429,0.363,0.643,0.986,0.111,32,0.42,0.395,0,0,3,91,7,-0.6,4.7,10,10,42,6,42,4,79,9,19
Christian Koloko,LAL,C,24,37,0,342,9.2,N/a,N/a,N/a,2.4,2.5,0.9,1.5,0.4,0.2,0.4,0.3,1.2,40,66,0.606,0,4,0.0,40,62,0.645,10,14,0.714,0.606,12.9,13.2,2.3,1.2,2.3,1.7,128,113,13.0,0.624,0.061,0.212,10.8,11.9,18.2,15.1,6.4,1.2,4.4,14.3,0.5,0.4,0.9,0.13,-3.0,0.2,-2.8,-0.1,4.6,0.939,0.621,0.273,0.015,0.03,0.061,0.645,0.707,0.5,1.0,0.5,0.0,0.825,N/a,0.455,25,0.5,0.0,0,0,0,0,100,-1.2,-3.1,3,5,35,0,4,1,39,0,8
Christian Braun,DEN,SG,23,79,77,2675,33.9,N/a,N/a,N/a,15.4,5.2,1.2,3.9,2.6,1.1,0.5,1.0,2.2,476,821,0.58,89,224,0.397,387,597,0.648,177,214,0.827,0.634,21.9,7.4,3.7,1.5,0.7,1.5,133,118,16.0,0.665,0.273,0.261,15.8,4.2,12.2,8.4,10.1,1.5,1.2,8.1,6.2,1.9,8.0,0.144,0.8,-0.5,0.3,1.6,9.9,0.727,0.418,0.245,0.027,0.038,0.273,0.648,0.758,0.522,0.409,0.419,0.397,0.762,0.888,0.124,94,0.317,0.352,4,68,28,0,0,8.9,15.0,40,20,92,12,113,5,482,28,62
CJ McCollum,NOP,PG,33,56,56,1832,32.7,N/a,N/a,N/a,21.1,3.8,0.8,3.0,4.1,0.8,0.4,1.9,2.2,444,1000,0.444,171,459,0.373,273,541,0.505,124,173,0.717,0.53,31.3,5.6,6.0,1.2,0.6,2.8,110,123,15.8,0.55,0.459,0.173,27.2,2.4,10.3,6.2,20.6,1.2,1.3,9.0,1.3,0.2,1.5,0.038,1.2,-2.6,-1.4,0.3,16.1,0.541,0.157,0.185,0.138,0.061,0.459,0.505,0.669,0.443,0.442,0.41,0.373,0.443,0.737,0.003,3,0.144,0.348,80,21,0,0,0,-7.9,3.3,64,30,59,4,74,3,538,15,39
Clint Capela,ATL,C,30,55,41,1176,21.4,N/a,N/a,N/a,8.9,8.5,3.2,5.4,1.1,0.6,1.0,0.9,1.9,218,390,0.559,0,1,0.0,218,389,0.56,52,97,0.536,0.559,19.4,18.7,2.5,1.4,2.1,1.9,120,113,17.7,0.564,0.003,0.249,16.7,15.8,28.2,21.8,7.4,1.4,4.1,9.8,1.7,1.5,3.2,0.131,-0.6,-0.4,-1.0,0.3,3.0,0.997,0.638,0.323,0.033,0.003,0.003,0.56,0.643,0.429,0.308,0.0,0.0,0.775,N/a,0.262,87,0.0,N/a,0,0,0,0,100,-3.1,-2.6,17,9,59,10,49,10,146,11,36
Coby White,CHI,SG,24,74,73,2450,33.1,N/a,N/a,N/a,20.4,3.7,0.3,3.4,4.5,0.9,0.2,2.4,2.1,508,1121,0.453,216,584,0.37,292,537,0.544,277,307,0.902,0.55,28.8,5.2,6.3,1.3,0.3,3.4,114,118,15.5,0.601,0.521,0.274,24.4,1.1,10.4,5.8,19.5,1.3,0.6,12.4,3.0,1.5,4.5,0.088,0.5,-1.4,-0.9,0.7,16.6,0.479,0.224,0.153,0.06,0.043,0.521,0.544,0.669,0.456,0.507,0.25,0.37,0.336,0.759,0.01,8,0.135,0.38,30,58,11,0,0,-2.8,-4.1,75,58,65,17,132,15,827,37,77
Cody Martin,PHO,SF,29,53,8,1173,22.1,N/a,N/a,N/a,6.8,4.2,1.0,3.2,2.0,1.1,0.6,1.0,1.8,136,325,0.418,43,151,0.285,93,174,0.534,43,61,0.705,0.485,15.0,9.4,4.4,2.4,1.3,2.1,106,115,11.3,0.509,0.465,0.188,14.7,4.8,15.9,10.3,13.0,2.4,2.7,12.7,0.1,1.2,1.3,0.054,-2.8,1.1,-1.7,0.1,15.3,0.535,0.228,0.135,0.108,0.065,0.465,0.534,0.743,0.432,0.343,0.333,0.285,0.591,0.953,0.052,14,0.517,0.282,0,26,60,14,0,-3.1,7.1,28,16,49,1,25,15,265,2,15
Cody Williams,UTA,SG,20,50,21,1060,21.2,N/a,N/a,N/a,4.6,2.3,0.5,1.7,1.2,0.5,0.3,0.9,1.9,83,257,0.323,35,135,0.259,48,122,0.393,29,40,0.725,0.391,10.4,5.1,2.7,1.0,0.7,2.0,89,123,3.7,0.419,0.525,0.156,12.5,2.8,8.7,5.7,7.4,1.0,1.4,13.8,-1.2,0.1,-1.2,-0.053,-6.1,-1.2,-7.3,-1.4,16.3,0.475,0.105,0.265,0.07,0.035,0.525,0.393,0.593,0.397,0.222,0.111,0.259,0.563,1.0,0.035,5,0.57,0.26,3,33,62,2,0,-14.5,-7.3,16,20,52,3,20,2,149,4,17
Colby Jones,WAS,SG,22,39,0,515,13.2,N/a,N/a,N/a,4.0,2.2,0.5,1.7,1.1,0.7,0.3,0.6,0.9,59,129,0.457,16,49,0.327,43,80,0.538,23,35,0.657,0.519,14.6,8.1,4.1,2.4,1.2,2.1,109,116,11.4,0.544,0.38,0.271,13.7,4.3,13.6,9.0,12.0,2.4,2.4,13.7,0.1,0.4,0.6,0.053,-3.3,0.4,-2.8,-0.1,14.6,0.62,0.178,0.264,0.14,0.039,0.38,0.538,0.696,0.441,0.556,0.4,0.327,0.558,0.938,0.039,5,0.245,0.333,1,54,45,0,0,-9.9,-1.1,16,3,18,1,13,3,104,3,10
Cole Anthony,ORL,PG,24,67,22,1234,18.4,N/a,N/a,N/a,9.4,3.0,0.7,2.4,2.9,0.7,0.5,1.5,2.3,230,543,0.424,77,218,0.353,153,325,0.471,93,113,0.823,0.494,25.5,8.3,7.7,1.8,1.3,4.2,106,110,14.2,0.531,0.401,0.208,24.6,4.1,15.5,9.5,25.5,1.8,2.5,14.8,0.0,2.0,2.0,0.078,-0.8,0.9,0.1,0.7,15.6,0.599,0.129,0.25,0.175,0.044,0.401,0.471,0.714,0.449,0.337,0.417,0.353,0.261,0.766,0.007,2,0.151,0.455,100,0,0,0,0,-2.0,-2.2,60,27,68,4,49,10,457,13,14
Colin Castleton,PHI,C,24,26,4,432,16.6,N/a,N/a,N/a,4.7,4.7,2.0,2.7,1.1,0.3,0.4,0.9,2.0,46,98,0.469,2,16,0.125,44,82,0.537,29,38,0.763,0.48,13.7,13.6,3.1,0.9,1.1,2.6,114,116,11.3,0.536,0.163,0.388,13.4,13.0,17.9,15.4,8.9,0.9,2.2,16.7,0.3,0.4,0.7,0.075,-4.0,-1.0,-5.0,-0.3,9.1,0.837,0.337,0.388,0.112,0.0,0.163,0.537,0.697,0.421,0.455,N/a,0.125,0.682,1.0,0.102,8,0.563,0.111,0,0,2,33,64,-1.8,2.1,8,7,39,2,17,1,72,4,12
Collin Sexton,UTA,SG,26,63,61,1758,27.9,N/a,N/a,N/a,18.4,2.7,1.0,1.8,4.2,0.7,0.1,2.5,2.3,416,867,0.48,110,271,0.406,306,596,0.513,217,251,0.865,0.543,31.6,4.7,7.2,1.3,0.2,4.4,115,124,16.6,0.593,0.313,0.29,27.0,3.7,6.8,5.2,25.1,1.3,0.3,14.1,2.5,-0.1,2.4,0.066,1.7,-2.3,-0.6,0.6,13.1,0.687,0.151,0.34,0.135,0.061,0.313,0.513,0.618,0.512,0.487,0.321,0.406,0.373,0.682,0.006,3,0.214,0.448,20,73,7,0,0,-7.4,3.3,73,62,73,8,117,9,647,30,75
Collin Gillespie,PHO,PG,25,33,9,461,14.0,N/a,N/a,N/a,5.9,2.4,0.7,1.7,2.4,0.6,0.2,0.5,0.9,68,158,0.43,39,90,0.433,29,68,0.426,19,22,0.864,0.554,20.8,8.4,8.4,2.3,0.5,1.8,126,119,16.8,0.578,0.57,0.139,17.7,5.5,13.2,9.4,24.0,2.3,1.0,9.2,1.0,0.3,1.3,0.131,2.3,0.2,2.5,0.5,18.3,0.43,0.101,0.19,0.101,0.038,0.57,0.426,0.5,0.4,0.313,0.667,0.433,0.276,0.795,0.0,0,0.189,0.529,94,6,0,0,0,-3.4,-0.7,8,5,15,1,11,3,186,2,10
Corey Kispert,WAS,SF,25,61,0,1602,26.3,N/a,N/a,N/a,11.6,3.0,0.6,2.4,1.7,0.4,0.2,1.0,1.6,255,565,0.451,120,330,0.364,135,235,0.574,75,88,0.852,0.558,20.9,5.4,3.1,0.8,0.4,1.9,112,123,11.0,0.584,0.584,0.156,17.5,2.3,9.5,5.9,9.7,0.8,0.8,9.6,1.0,0.1,1.1,0.032,-1.4,-2.2,-3.7,-0.7,17.5,0.416,0.189,0.182,0.039,0.005,0.584,0.574,0.729,0.466,0.409,0.0,0.364,0.793,0.942,0.012,7,0.164,0.37,0,0,30,69,1,-9.2,5.0,30,18,50,6,39,6,252,6,34
Cory Joseph,ORL,PG,33,50,16,612,12.2,N/a,N/a,N/a,3.5,1.5,0.3,1.1,1.4,0.5,0.1,0.4,1.0,62,154,0.403,39,107,0.364,23,47,0.489,14,18,0.778,0.529,14.4,6.0,5.9,2.1,0.3,1.5,118,111,10.9,0.547,0.695,0.117,12.8,3.0,11.2,6.9,17.0,2.1,0.6,10.0,0.6,0.9,1.5,0.114,-2.3,1.4,-0.8,0.2,20.4,0.305,0.091,0.11,0.052,0.052,0.695,0.489,0.643,0.412,0.375,0.5,0.364,0.391,0.872,0.0,0,0.215,0.304,86,14,0,0,0,2.1,3.1,13,4,28,1,9,9,183,3,5
Craig Porter Jr.,CLE,PG,24,51,1,513,10.1,N/a,N/a,N/a,3.7,1.3,0.4,0.9,1.4,0.3,0.3,0.7,0.5,72,140,0.514,21,48,0.438,51,92,0.554,23,32,0.719,0.589,17.6,6.3,6.7,1.6,1.4,3.6,116,113,13.1,0.61,0.343,0.229,15.9,4.1,9.9,7.1,17.7,1.6,2.6,19.8,0.5,0.6,1.1,0.102,0.1,1.0,1.1,0.4,12.3,0.657,0.343,0.2,0.079,0.036,0.343,0.554,0.708,0.393,0.455,0.2,0.438,0.529,0.714,0.05,6,0.25,0.333,78,22,0,0,0,-3.2,-14.9,24,10,16,1,13,0,173,4,20
D'Angelo Russell,BRK,PG,28,58,36,1480,25.5,N/a,N/a,N/a,12.6,2.8,0.3,2.4,5.1,1.0,0.4,1.9,2.0,249,638,0.39,113,360,0.314,136,278,0.489,121,145,0.834,0.479,24.5,5.4,9.9,1.9,0.8,3.6,109,116,14.0,0.522,0.564,0.227,24.0,1.5,11.0,6.2,31.2,1.9,1.5,13.3,0.7,1.3,1.9,0.063,0.0,-0.4,-0.4,0.6,18.4,0.436,0.1,0.176,0.121,0.039,0.564,0.489,0.703,0.491,0.377,0.28,0.314,0.449,0.584,0.002,0,0.089,0.281,100,0,0,0,0,-1.6,1.5,69,23,55,11,62,10,712,12,14
Dalano Banton,POR,PG,25,67,7,1120,16.7,N/a,N/a,N/a,8.3,2.0,0.4,1.6,2.4,0.6,0.5,1.3,0.9,198,507,0.391,72,222,0.324,126,285,0.442,91,125,0.728,0.462,24.3,5.9,6.9,1.9,1.5,3.7,103,115,12.9,0.497,0.438,0.247,24.1,2.8,10.4,6.5,21.5,1.9,2.8,13.3,-0.3,1.1,0.8,0.033,-0.6,-0.2,-0.8,0.3,14.4,0.562,0.249,0.227,0.059,0.028,0.438,0.442,0.635,0.278,0.333,0.286,0.324,0.373,0.875,0.024,11,0.198,0.409,74,26,0,0,0,-2.8,0.6,49,25,34,4,62,3,388,15,35
Dalen Terry,CHI,SG,22,73,5,987,13.5,N/a,N/a,N/a,4.5,1.7,0.5,1.2,1.3,0.6,0.2,0.7,1.6,120,268,0.448,37,104,0.356,83,164,0.506,49,69,0.71,0.517,15.4,5.9,4.6,2.1,0.7,2.5,108,116,9.6,0.546,0.388,0.257,14.9,4.1,9.0,6.6,12.7,2.1,1.3,15.1,0.2,0.8,1.1,0.052,-4.0,0.2,-3.8,-0.5,11.7,0.612,0.366,0.224,0.011,0.011,0.388,0.506,0.602,0.383,0.0,0.333,0.356,0.602,1.0,0.049,13,0.423,0.386,1,31,62,7,0,-7.5,-8.4,26,13,65,2,31,3,235,5,17
Dalton Knecht,LAL,SF,23,78,16,1494,19.2,N/a,N/a,N/a,9.1,2.8,0.5,2.3,0.8,0.3,0.1,0.5,1.2,257,557,0.461,128,340,0.376,129,217,0.594,64,84,0.762,0.576,23.2,7.1,2.2,0.8,0.3,1.2,117,118,12.7,0.594,0.61,0.151,18.5,2.9,13.1,8.1,6.5,0.8,0.5,5.9,1.7,1.0,2.7,0.086,-0.1,-1.7,-1.8,0.1,18.1,0.39,0.162,0.12,0.075,0.032,0.61,0.594,0.789,0.448,0.5,0.389,0.376,0.744,0.922,0.095,45,0.268,0.407,0,34,56,11,0,-2.3,-6.3,19,9,62,7,35,1,161,4,27
Damian Lillard,MIL,PG,34,58,58,2093,36.1,N/a,N/a,N/a,24.9,4.7,0.5,4.2,7.1,1.2,0.2,2.8,1.7,444,992,0.448,197,524,0.376,247,468,0.528,362,393,0.921,0.547,33.4,6.3,9.5,1.6,0.2,3.7,122,115,21.3,0.621,0.528,0.396,27.8,1.6,12.1,7.1,29.7,1.6,0.4,12.2,5.6,2.0,7.6,0.175,4.7,-0.6,4.0,3.2,18.5,0.472,0.169,0.113,0.071,0.119,0.528,0.528,0.655,0.393,0.486,0.5,0.376,0.158,0.574,0.005,5,0.078,0.39,100,0,0,0,0,0.4,-4.1,113,41,54,1,151,8,982,26,43
Damion Baugh,CHO,SG,24,15,2,370,24.7,N/a,N/a,N/a,7.3,3.3,0.9,2.4,3.7,1.0,0.1,2.1,1.5,42,130,0.323,12,56,0.214,30,74,0.405,13,15,0.867,0.369,14.5,6.6,7.4,2.0,0.3,4.1,87,118,6.3,0.399,0.431,0.115,19.3,3.9,10.6,7.2,22.2,2.0,0.5,18.5,-0.8,0.2,-0.5,-0.069,-5.9,-1.2,-7.1,-0.5,13.7,0.569,0.208,0.323,0.031,0.008,0.431,0.405,0.63,0.286,0.25,0.0,0.214,0.433,1.0,0.008,0,0.339,0.105,16,68,16,1,0,-23.0,-15.1,25,3,8,1,7,1,134,1,9
Daniel Theis,NOP,C,32,38,9,621,16.3,N/a,N/a,N/a,4.3,4.3,1.2,3.2,1.6,0.5,0.5,0.7,1.8,61,129,0.473,9,37,0.243,52,92,0.565,31,37,0.838,0.508,12.6,12.8,4.7,1.4,1.6,1.9,119,118,12.1,0.558,0.287,0.287,11.6,7.4,21.5,14.2,13.0,1.4,3.1,14.7,0.6,0.4,1.0,0.077,-3.3,0.0,-3.3,-0.2,11.1,0.713,0.31,0.271,0.116,0.016,0.287,0.565,0.7,0.457,0.467,0.5,0.243,0.75,1.0,0.116,11,0.243,0.0,0,0,0,0,100,-6.0,4.4,14,5,40,5,15,4,143,3,7
Daniel Gafford,DAL,C,26,57,31,1226,21.5,N/a,N/a,N/a,12.3,6.8,2.7,4.1,1.4,0.4,1.8,1.2,2.7,283,403,0.702,0,0,N/a,283,403,0.702,135,196,0.689,0.702,27.7,15.3,3.2,0.9,4.0,2.6,137,113,24.7,0.716,0.0,0.486,19.5,14.1,20.3,17.2,10.2,0.9,7.1,11.9,4.4,1.5,5.9,0.232,2.7,1.1,3.8,1.8,2.6,1.0,0.69,0.298,0.012,0.0,0.0,0.702,0.748,0.6,0.6,N/a,N/a,0.721,N/a,0.325,113,N/a,N/a,0,0,0,1,99,0.9,3.0,18,22,92,18,92,4,186,26,30
Danté Exum,DAL,PG,29,20,13,372,18.6,N/a,N/a,N/a,8.7,1.7,0.2,1.5,2.8,0.6,0.2,1.1,1.7,64,134,0.478,23,53,0.434,41,81,0.506,23,31,0.742,0.563,22.6,4.3,7.3,1.6,0.4,2.9,116,119,13.6,0.589,0.396,0.231,19.6,1.2,8.3,4.8,21.5,1.6,0.7,13.0,0.4,0.2,0.6,0.083,-1.2,-1.1,-2.3,0.0,13.3,0.604,0.261,0.239,0.075,0.03,0.396,0.506,0.657,0.375,0.3,0.75,0.434,0.415,0.913,0.03,2,0.321,0.588,91,9,0,0,0,-5.5,-4.7,16,2,27,3,14,5,134,3,14
DaQuan Jeffries,CHO,SG,27,47,20,1071,22.8,N/a,N/a,N/a,6.7,2.9,0.8,2.1,1.1,0.6,0.5,0.7,2.1,118,291,0.405,55,164,0.335,63,127,0.496,24,30,0.8,0.5,14.5,6.2,2.4,1.2,1.1,1.6,105,119,7.9,0.518,0.564,0.103,13.5,3.6,10.0,6.7,7.2,1.2,2.3,10.3,0.0,0.6,0.6,0.027,-4.0,-0.7,-4.7,-0.7,16.3,0.436,0.175,0.206,0.024,0.031,0.564,0.496,0.627,0.4,0.286,0.556,0.335,0.73,0.964,0.1,15,0.457,0.373,0,9,67,24,1,-12.1,-3.7,18,11,70,1,14,2,129,2,17
Dario Šarić,DEN,C,30,16,4,210,13.1,N/a,N/a,N/a,3.5,3.1,0.9,2.3,1.4,0.4,0.1,0.9,1.2,21,58,0.362,7,26,0.269,14,32,0.438,7,10,0.7,0.422,12.8,11.4,5.3,1.6,0.2,3.4,97,116,7.7,0.449,0.448,0.172,15.6,7.7,17.9,13.1,13.1,1.6,0.4,19.4,-0.2,0.2,0.0,0.001,-4.4,-0.4,-4.8,-0.1,14.1,0.552,0.224,0.276,0.017,0.034,0.448,0.438,0.615,0.313,0.0,0.5,0.269,0.714,1.0,0.0,0,0.154,0.5,0,0,0,4,96,-11.3,-16.1,10,3,11,1,5,1,57,0,8
Dariq Whitehead,BRK,SF,20,20,0,246,12.3,N/a,N/a,N/a,5.7,1.5,0.2,1.3,0.6,0.3,0.1,0.8,1.1,39,96,0.406,33,74,0.446,6,22,0.273,3,5,0.6,0.578,23.1,5.9,2.4,1.2,0.2,3.0,102,118,9.4,0.58,0.771,0.052,20.1,1.8,12.1,6.7,7.8,1.2,0.4,13.3,-0.1,0.1,0.1,0.01,-1.5,-2.2,-3.7,-0.1,21.3,0.229,0.063,0.125,0.01,0.031,0.771,0.273,0.333,0.333,0.0,0.0,0.446,0.5,0.97,0.01,1,0.27,0.45,0,28,54,16,2,-11.2,-3.9,7,6,16,1,3,1,29,1,6
Darius Garland,CLE,PG,25,75,75,2301,30.7,N/a,N/a,N/a,20.6,2.9,0.6,2.2,6.7,1.2,0.1,2.5,1.9,554,1174,0.472,212,529,0.401,342,645,0.53,224,255,0.878,0.562,32.3,4.5,10.6,1.9,0.2,4.0,121,115,19.9,0.6,0.451,0.217,27.2,2.3,7.6,5.0,32.2,1.9,0.4,12.8,5.8,2.3,8.1,0.169,3.9,-0.8,3.1,3.0,16.3,0.549,0.148,0.193,0.147,0.06,0.451,0.53,0.649,0.485,0.549,0.338,0.401,0.33,0.571,0.002,1,0.151,0.4,100,0,0,0,0,10.3,1.3,111,52,60,7,106,25,1198,25,43
David Roddy,HOU,PF,23,33,3,410,12.4,N/a,N/a,N/a,4.6,2.5,0.4,2.2,1.1,0.4,0.3,0.7,0.6,57,125,0.456,19,61,0.311,38,64,0.594,20,26,0.769,0.532,17.6,9.6,4.0,1.6,1.0,2.5,109,115,11.9,0.561,0.488,0.208,16.0,3.4,19.5,11.2,11.5,1.6,2.0,13.9,0.1,0.4,0.5,0.062,-1.6,0.1,-1.5,0.1,16.3,0.512,0.216,0.264,0.032,0.0,0.488,0.594,0.667,0.545,0.5,N/a,0.311,0.737,0.842,0.016,2,0.262,0.438,0,0,8,81,10,-8.8,-8.4,12,8,15,1,11,2,83,2,9
Davion Mitchell,MIA,PG,26,74,37,2027,27.4,N/a,N/a,N/a,7.9,2.3,0.5,1.8,4.9,1.0,0.2,1.7,2.5,223,476,0.468,84,211,0.398,139,265,0.525,58,84,0.69,0.557,14.2,4.0,8.8,1.7,0.4,3.1,113,117,10.2,0.573,0.443,0.176,13.6,1.9,7.1,4.5,24.2,1.7,0.8,20.0,1.3,1.6,3.0,0.07,-2.8,0.2,-2.6,-0.3,14.2,0.557,0.271,0.204,0.05,0.032,0.443,0.525,0.651,0.433,0.375,0.267,0.398,0.281,0.821,0.0,0,0.19,0.425,94,6,0,0,0,0.2,2.9,85,30,71,7,37,56,872,13,24
Day'Ron Sharpe,BRK,C,23,50,2,908,18.2,N/a,N/a,N/a,7.9,6.6,3.0,3.6,1.8,0.8,0.8,1.3,2.3,165,317,0.521,11,45,0.244,154,272,0.566,56,74,0.757,0.538,21.8,18.1,5.0,2.3,2.3,3.5,117,111,19.7,0.568,0.142,0.233,19.9,17.8,23.8,20.7,16.8,2.3,4.6,15.3,1.3,1.4,2.7,0.141,0.0,0.9,0.9,0.7,6.6,0.858,0.505,0.29,0.035,0.028,0.142,0.566,0.644,0.446,0.364,0.667,0.244,0.597,1.0,0.114,29,0.289,0.385,0,0,0,0,100,1.8,12.1,21,16,45,19,33,2,215,8,27
De'Aaron Fox,SAS,PG,27,62,62,2241,36.1,N/a,N/a,N/a,23.5,4.8,0.9,3.9,6.3,1.5,0.4,2.8,2.6,539,1163,0.463,118,381,0.31,421,782,0.538,263,318,0.827,0.514,31.7,6.5,8.5,2.0,0.5,3.8,113,117,18.3,0.56,0.328,0.273,28.3,2.7,12.1,7.4,27.2,2.0,1.1,11.8,2.6,1.7,4.3,0.093,1.3,-1.0,0.4,1.3,14.4,0.672,0.156,0.255,0.153,0.108,0.328,0.538,0.698,0.53,0.472,0.421,0.31,0.318,0.669,0.019,22,0.16,0.328,80,20,0,0,0,-1.3,-0.9,82,73,63,8,153,26,945,27,56
De'Andre Hunter,CLE,SF,27,64,9,1740,27.2,N/a,N/a,N/a,17.0,4.0,0.7,3.3,1.4,0.8,0.2,1.3,2.4,358,762,0.47,157,388,0.405,201,374,0.537,215,254,0.846,0.573,29.6,7.0,2.5,1.4,0.4,2.2,120,117,15.9,0.623,0.509,0.333,22.8,2.7,13.4,8.1,7.5,1.4,0.7,8.6,3.0,1.4,4.4,0.122,1.2,-0.8,0.4,1.0,16.5,0.491,0.15,0.192,0.1,0.05,0.509,0.537,0.649,0.473,0.487,0.553,0.405,0.637,0.911,0.039,26,0.281,0.367,0,0,42,58,0,2.4,-0.9,27,37,72,6,92,16,223,17,39
Dean Wade,CLE,PF,28,59,30,1252,21.2,N/a,N/a,N/a,5.4,4.2,0.9,3.4,1.3,0.7,0.3,0.4,1.7,112,271,0.413,80,222,0.36,32,49,0.653,16,30,0.533,0.561,12.3,9.6,2.9,1.6,0.8,0.8,123,112,10.1,0.563,0.819,0.111,10.4,4.5,16.6,10.8,7.3,1.6,1.4,7.2,1.3,1.7,3.0,0.113,-1.0,1.2,0.3,0.7,21.0,0.181,0.118,0.041,0.007,0.015,0.819,0.653,0.781,0.455,0.5,0.25,0.36,0.688,1.0,0.033,8,0.392,0.414,0,0,20,66,13,12.6,4.1,6,7,56,5,13,5,191,7,9
DeAndre Jordan,DEN,C,36,56,5,691,12.3,N/a,N/a,N/a,3.7,5.1,1.5,3.6,0.9,0.3,0.5,0.7,1.3,91,140,0.65,0,0,N/a,91,140,0.65,27,64,0.422,0.65,14.5,19.8,3.7,1.1,1.9,2.8,121,112,15.4,0.621,0.0,0.457,12.8,14.0,30.3,22.6,9.5,1.1,3.5,19.2,0.9,0.9,1.8,0.127,-1.4,0.2,-1.2,0.2,2.3,1.0,0.686,0.314,0.0,0.0,0.0,0.65,0.76,0.409,N/a,N/a,N/a,0.714,N/a,0.514,58,N/a,N/a,0,0,0,0,100,-2.5,-7.8,16,10,42,10,34,0,118,7,14
Deandre Ayton,POR,C,26,40,40,1206,30.2,N/a,N/a,N/a,14.4,10.2,3.1,7.1,1.6,0.8,1.0,1.7,2.2,265,468,0.566,6,32,0.188,259,436,0.594,40,60,0.667,0.573,23.2,16.4,2.6,1.2,1.6,2.8,115,112,17.7,0.583,0.068,0.128,19.4,10.9,26.0,18.2,8.5,1.2,2.9,12.2,1.2,1.6,2.8,0.113,-0.3,-0.4,-0.7,0.4,8.4,0.932,0.344,0.269,0.205,0.113,0.068,0.594,0.82,0.468,0.49,0.396,0.188,0.741,1.0,0.165,71,0.469,0.067,0,0,0,0,100,-6.8,-5.1,21,25,56,10,26,2,159,7,15
Dejounte Murray,NOP,PG,28,31,31,1012,32.6,N/a,N/a,N/a,17.5,6.5,0.5,5.9,7.4,2.0,0.4,3.4,2.0,194,494,0.393,52,174,0.299,142,320,0.444,102,124,0.823,0.445,25.9,9.6,10.9,3.0,0.6,5.1,101,116,15.4,0.494,0.352,0.251,27.3,1.8,20.1,10.7,34.6,3.0,1.1,16.2,-0.7,0.9,0.2,0.009,-1.3,-0.3,-1.6,0.1,14.8,0.648,0.176,0.174,0.206,0.091,0.352,0.444,0.598,0.349,0.461,0.289,0.299,0.261,0.635,0.012,6,0.155,0.296,22,76,2,0,0,-10.0,-0.5,62,36,21,3,56,1,543,11,20
Delon Wright,NYK,PG,32,40,7,635,15.9,N/a,N/a,N/a,3.1,1.7,0.7,1.0,1.9,0.9,0.3,0.6,0.6,45,131,0.344,20,73,0.274,25,58,0.431,15,25,0.6,0.42,9.6,5.1,5.9,2.7,0.9,1.7,105,114,9.2,0.44,0.557,0.191,11.3,4.9,6.5,5.7,15.0,2.7,1.8,13.4,0.0,0.7,0.7,0.053,-2.8,1.4,-1.4,0.1,15.6,0.443,0.244,0.153,0.038,0.008,0.557,0.431,0.563,0.25,0.2,1.0,0.274,0.44,1.0,0.0,0,0.26,0.421,81,17,2,0,0,0.3,-2.9,12,8,18,2,12,5,195,1,7
DeMar DeRozan,SAC,SF,35,77,77,2768,35.9,N/a,N/a,N/a,22.2,3.9,0.6,3.2,4.4,0.8,0.4,1.4,1.9,624,1308,0.477,84,256,0.328,540,1052,0.513,378,441,0.857,0.509,30.2,5.3,6.0,1.1,0.6,1.9,120,119,17.7,0.569,0.196,0.337,25.0,2.0,10.1,6.0,18.7,1.1,1.1,6.5,5.7,1.4,7.1,0.123,1.2,-1.2,-0.1,1.3,15.3,0.804,0.065,0.171,0.299,0.269,0.196,0.513,0.706,0.549,0.509,0.449,0.328,0.363,0.881,0.006,7,0.309,0.38,0,6,86,8,0,1.2,2.3,52,38,89,8,221,17,863,56,57
Deni Avdija,POR,SF,24,72,54,2161,30.0,N/a,N/a,N/a,16.9,7.3,1.5,5.7,3.9,1.0,0.5,2.7,2.4,402,844,0.476,125,342,0.365,277,502,0.552,290,372,0.78,0.55,27.4,11.7,6.3,1.6,0.8,4.4,116,113,17.7,0.605,0.405,0.441,23.2,5.4,21.2,13.1,19.9,1.6,1.5,16.3,3.1,2.5,5.6,0.124,1.5,0.6,2.1,2.2,12.9,0.595,0.322,0.219,0.026,0.027,0.405,0.552,0.665,0.416,0.364,0.478,0.365,0.448,0.848,0.027,20,0.181,0.323,0,21,55,23,1,-1.7,3.4,108,62,104,13,189,12,674,50,65
Dennis Schröder,DET,PG,31,75,49,2105,28.1,N/a,N/a,N/a,13.1,2.6,0.4,2.3,5.4,0.9,0.2,1.9,2.4,336,827,0.406,127,371,0.342,209,456,0.458,181,216,0.838,0.483,22.7,4.6,9.4,1.5,0.3,3.3,111,117,12.7,0.531,0.449,0.261,21.6,1.4,9.2,5.2,28.7,1.5,0.6,13.3,1.5,1.7,3.2,0.073,-1.3,-0.9,-2.2,-0.1,16.7,0.551,0.129,0.197,0.135,0.089,0.449,0.458,0.636,0.38,0.491,0.324,0.342,0.244,0.756,0.0,0,0.092,0.471,87,13,0,0,0,-1.5,-0.4,84,39,69,13,72,33,1006,14,57
Dereck Lively II,DAL,C,20,36,29,833,23.1,N/a,N/a,N/a,8.7,7.5,2.9,4.6,2.4,0.6,1.6,1.1,2.8,134,191,0.702,0,0,N/a,134,191,0.702,46,73,0.63,0.702,18.2,15.7,4.9,1.2,3.3,2.4,138,113,20.1,0.704,0.0,0.382,13.6,13.9,21.3,17.7,14.3,1.2,5.7,15.5,2.4,1.0,3.4,0.199,1.1,2.2,3.3,1.1,3.1,1.0,0.571,0.403,0.026,0.0,0.0,0.702,0.798,0.597,0.2,N/a,N/a,0.791,N/a,0.393,66,N/a,N/a,0,0,0,0,100,7.3,10.8,18,9,61,9,37,0,214,7,23
Derrick White,BOS,SG,30,76,76,2574,33.9,N/a,N/a,N/a,16.4,4.5,0.9,3.6,4.8,0.9,1.1,1.7,1.8,424,959,0.442,265,691,0.384,159,268,0.593,135,161,0.839,0.58,24.3,6.6,7.0,1.4,1.6,2.6,123,112,16.6,0.606,0.721,0.168,19.8,2.8,11.5,7.2,20.2,1.4,2.9,11.3,5.1,3.4,8.5,0.158,2.7,0.8,3.5,3.6,20.7,0.279,0.084,0.121,0.05,0.024,0.721,0.593,0.716,0.586,0.563,0.261,0.384,0.465,0.808,0.009,8,0.171,0.432,13,78,8,0,0,9.7,1.8,86,32,93,3,63,19,880,10,23
Derrick Jones Jr.,LAC,SF,27,77,55,1873,24.3,N/a,N/a,N/a,10.1,3.4,1.2,2.2,0.8,1.0,0.4,0.9,2.0,310,589,0.526,78,219,0.356,232,370,0.627,83,118,0.703,0.593,20.5,6.9,1.6,2.1,0.9,1.7,118,112,13.5,0.609,0.372,0.2,16.5,5.7,10.1,8.0,4.6,2.1,1.7,9.3,2.1,2.6,4.7,0.12,-1.0,0.7,-0.3,0.8,11.4,0.628,0.357,0.239,0.019,0.014,0.372,0.627,0.752,0.461,0.455,0.5,0.356,0.741,1.0,0.209,112,0.507,0.351,0,2,31,65,2,6.3,3.2,27,25,88,8,62,15,145,18,25
Desmond Bane,MEM,SG,26,69,68,2205,32.0,N/a,N/a,N/a,19.2,6.1,0.9,5.2,5.3,1.2,0.4,2.4,2.4,493,1018,0.484,164,418,0.392,329,600,0.548,177,198,0.894,0.565,28.0,8.8,7.8,1.7,0.6,3.6,119,113,17.9,0.6,0.411,0.194,23.3,3.0,16.9,10.0,23.6,1.7,1.2,13.3,4.0,2.6,6.5,0.142,2.6,0.6,3.2,2.9,14.7,0.589,0.188,0.246,0.093,0.063,0.411,0.548,0.712,0.492,0.4,0.5,0.392,0.426,0.634,0.005,5,0.187,0.308,3,62,32,3,0,2.4,-5.8,82,46,79,19,79,4,899,22,76
Devin Booker,PHO,SG,28,75,75,2795,37.3,N/a,N/a,N/a,25.6,4.1,1.0,3.1,7.1,0.9,0.2,2.9,2.6,654,1420,0.461,183,551,0.332,471,869,0.542,432,483,0.894,0.525,34.0,5.4,9.4,1.2,0.3,3.9,119,123,19.3,0.589,0.388,0.34,29.3,3.1,8.9,6.1,30.6,1.2,0.5,11.9,6.1,0.3,6.4,0.111,2.8,-2.4,0.4,1.7,16.2,0.612,0.109,0.175,0.206,0.123,0.388,0.542,0.69,0.492,0.531,0.5,0.332,0.431,0.716,0.013,14,0.123,0.338,1,45,50,4,0,-3.0,-0.9,127,62,81,16,200,26,1352,46,62
Devin Vassell,SAS,SG,24,64,53,1983,31.0,N/a,N/a,N/a,16.3,4.0,0.5,3.5,2.9,1.3,0.5,1.4,1.7,394,889,0.443,158,429,0.368,236,460,0.513,95,120,0.792,0.532,25.4,6.2,4.5,2.0,0.8,2.1,109,118,14.2,0.553,0.483,0.135,22.1,1.8,12.0,6.9,13.8,2.0,1.5,8.5,0.9,1.3,2.2,0.054,-0.3,-0.8,-1.1,0.4,17.2,0.517,0.139,0.105,0.175,0.098,0.483,0.513,0.677,0.419,0.474,0.448,0.368,0.547,0.861,0.046,35,0.228,0.439,0,47,51,2,0,-6.6,-7.3,39,29,54,7,62,3,447,22,29
Devin Carter,SAC,PG,22,36,0,396,11.0,N/a,N/a,N/a,3.8,2.1,0.5,1.6,1.1,0.6,0.1,0.5,1.1,47,127,0.37,18,61,0.295,29,66,0.439,26,44,0.591,0.441,17.0,9.4,5.1,2.6,0.5,2.2,104,114,10.8,0.471,0.48,0.346,17.9,5.4,16.2,10.8,13.5,2.6,1.0,11.0,-0.1,0.4,0.4,0.043,-3.5,0.3,-3.2,-0.1,15.6,0.52,0.15,0.268,0.079,0.016,0.48,0.439,0.579,0.412,0.4,0.0,0.295,0.345,0.778,0.063,8,0.23,0.214,95,5,0,0,0,4.1,4.0,13,2,20,3,17,12,101,0,5
Dillon Brooks,HOU,SF,29,75,75,2388,31.8,N/a,N/a,N/a,14.0,3.7,1.0,2.7,1.7,0.8,0.2,1.0,3.2,384,895,0.429,186,469,0.397,198,426,0.465,99,121,0.818,0.533,21.5,5.6,2.6,1.2,0.3,1.5,117,114,11.0,0.555,0.524,0.135,17.7,3.3,9.1,6.1,7.4,1.2,0.6,7.4,2.7,2.5,5.1,0.103,-1.4,0.0,-1.4,0.4,17.3,0.476,0.127,0.155,0.135,0.058,0.524,0.465,0.544,0.475,0.372,0.481,0.397,0.444,0.962,0.019,15,0.23,0.38,1,36,60,4,0,3.9,-0.9,36,16,104,16,52,18,306,12,36
Dillon Jones,OKC,SF,23,54,3,552,10.2,N/a,N/a,N/a,2.5,2.2,0.6,1.7,1.1,0.3,0.1,0.5,1.0,51,133,0.383,16,63,0.254,35,70,0.5,17,28,0.607,0.444,11.8,10.5,5.1,1.4,0.3,2.4,103,109,8.1,0.464,0.474,0.211,13.3,6.0,17.3,11.8,12.6,1.4,0.7,16.2,-0.1,0.9,0.8,0.067,-4.3,0.3,-4.0,-0.3,14.4,0.526,0.286,0.18,0.045,0.015,0.474,0.5,0.658,0.292,0.333,0.5,0.254,0.657,0.938,0.0,0,0.206,0.231,0,5,43,37,15,7.0,-7.0,14,9,31,2,12,1,151,2,11
Domantas Sabonis,SAC,C,28,70,70,2429,34.7,N/a,N/a,N/a,19.1,13.9,3.8,10.1,6.0,0.7,0.4,2.9,3.3,527,893,0.59,65,156,0.417,462,737,0.627,218,289,0.754,0.627,26.9,19.6,8.5,1.0,0.5,4.1,128,114,22.9,0.655,0.175,0.324,21.6,12.3,32.6,22.4,26.0,1.0,1.0,16.5,7.4,2.7,10.1,0.199,4.2,1.1,5.2,4.4,8.1,0.825,0.43,0.306,0.044,0.047,0.175,0.627,0.708,0.56,0.462,0.452,0.417,0.63,0.985,0.097,80,0.051,0.5,0,0,0,1,99,2.7,5.6,83,64,100,42,134,4,1003,34,60
Dominick Barlow,ATL,PF,21,35,4,375,10.7,N/a,N/a,N/a,4.2,2.4,1.0,1.4,0.5,0.3,0.5,0.1,1.3,60,113,0.531,7,27,0.259,53,86,0.616,21,33,0.636,0.562,18.5,10.6,2.4,1.1,2.0,0.6,129,116,14.6,0.58,0.239,0.292,14.5,10.0,15.0,12.4,6.9,1.1,3.9,3.8,0.7,0.3,1.0,0.131,-1.4,-0.8,-2.2,0.0,9.3,0.761,0.416,0.195,0.133,0.018,0.239,0.616,0.766,0.5,0.333,0.5,0.259,0.717,1.0,0.159,18,0.815,0.182,0,0,4,73,23,0.0,1.4,1,2,36,1,16,2,46,7,7
Donovan Mitchell,CLE,SG,28,71,71,2232,31.4,N/a,N/a,N/a,24.0,4.5,0.8,3.7,5.0,1.3,0.2,2.1,2.0,585,1320,0.443,233,633,0.368,352,687,0.512,298,362,0.823,0.531,36.7,6.9,7.6,2.0,0.4,3.2,118,113,20.9,0.575,0.48,0.274,30.9,2.8,12.5,7.8,23.9,2.0,0.7,9.2,4.8,2.8,7.6,0.163,3.8,-0.2,3.7,3.2,17.0,0.52,0.156,0.183,0.084,0.098,0.48,0.512,0.607,0.531,0.441,0.388,0.368,0.222,0.541,0.014,16,0.096,0.475,45,55,1,0,0,11.5,3.8,74,55,65,8,148,11,887,31,50
Donovan Clingan,POR,C,20,67,37,1324,19.8,N/a,N/a,N/a,6.5,7.9,3.2,4.6,1.1,0.5,1.6,1.1,2.8,180,334,0.539,14,49,0.286,166,285,0.582,62,104,0.596,0.56,16.0,19.3,2.8,1.2,4.0,2.6,120,109,17.4,0.574,0.147,0.311,14.2,17.3,26.1,21.6,8.3,1.2,7.5,15.9,1.8,2.2,4.0,0.144,-1.7,1.4,-0.3,0.6,5.8,0.853,0.617,0.222,0.009,0.006,0.147,0.582,0.68,0.338,0.0,0.5,0.286,0.602,1.0,0.207,58,0.102,0.4,0,0,0,0,100,-0.2,4.6,26,15,130,24,57,1,193,16,23
Donte DiVincenzo,MIN,SG,28,62,10,1606,25.9,N/a,N/a,N/a,11.7,3.7,0.5,3.2,3.6,1.2,0.3,1.6,1.8,250,593,0.422,174,438,0.397,76,155,0.49,49,63,0.778,0.568,22.2,7.0,6.9,2.2,0.5,3.0,115,111,14.1,0.582,0.739,0.106,19.4,2.2,13.3,7.9,20.2,2.2,1.0,13.8,1.6,2.2,3.9,0.115,0.8,1.1,1.9,1.6,20.5,0.261,0.126,0.106,0.024,0.005,0.739,0.49,0.627,0.365,0.357,0.333,0.397,0.592,0.851,0.013,5,0.196,0.419,71,29,0,0,0,6.0,1.7,66,24,55,5,22,16,526,3,22
Dorian Finney-Smith,LAL,PF,31,63,40,1818,28.9,N/a,N/a,N/a,8.7,3.9,1.3,2.7,1.4,0.9,0.4,0.9,2.2,195,435,0.448,129,314,0.411,66,121,0.545,30,45,0.667,0.597,14.9,6.7,2.4,1.6,0.6,1.5,118,117,10.1,0.604,0.722,0.103,12.3,5.0,10.4,7.7,6.9,1.6,1.2,11.0,1.5,1.4,2.9,0.078,-1.1,0.1,-1.0,0.5,18.8,0.278,0.182,0.074,0.018,0.005,0.722,0.545,0.62,0.375,0.5,0.5,0.411,0.697,0.992,0.037,14,0.382,0.45,0,3,31,63,3,8.6,13.4,31,10,68,5,14,3,230,3,24
Doug McDermott,SAC,SF,33,42,3,342,8.1,N/a,N/a,N/a,3.5,0.5,0.1,0.5,0.2,0.1,0.0,0.1,0.7,50,117,0.427,44,101,0.436,6,16,0.375,3,5,0.6,0.615,21.0,3.1,1.0,0.6,0.3,0.9,119,122,9.5,0.617,0.863,0.043,15.7,1.0,6.2,3.6,2.8,0.6,0.6,4.8,0.4,0.1,0.4,0.061,-0.8,-2.4,-3.2,-0.1,23.3,0.137,0.043,0.043,0.026,0.026,0.863,0.375,0.6,0.2,0.333,0.333,0.436,1.0,1.0,0.009,1,0.277,0.464,0,6,56,37,1,4.7,4.6,3,1,15,2,2,0,15,0,3
Draymond Green,GSW,PF,34,68,66,1983,29.2,N/a,N/a,N/a,9.0,6.1,1.1,5.0,5.6,1.5,1.0,2.6,3.2,216,509,0.424,80,246,0.325,136,263,0.517,101,147,0.687,0.503,15.0,10.2,9.4,2.4,1.7,4.3,107,109,12.4,0.534,0.483,0.289,15.9,3.9,19.0,11.2,26.2,2.4,3.4,23.3,0.3,3.4,3.7,0.088,-2.3,2.8,0.5,1.3,14.9,0.517,0.187,0.25,0.053,0.028,0.483,0.517,0.6,0.472,0.444,0.5,0.325,0.809,0.988,0.029,14,0.39,0.333,0,0,8,66,26,6.8,6.7,141,13,116,19,57,21,923,16,21
Drew Eubanks,LAC,C,27,61,4,746,12.2,N/a,N/a,N/a,4.6,3.7,1.0,2.7,0.9,0.2,0.6,0.7,1.0,115,194,0.593,3,6,0.5,112,188,0.596,47,71,0.662,0.601,18.1,14.6,3.5,0.8,2.5,2.7,120,115,15.6,0.622,0.031,0.366,15.1,8.9,24.1,16.5,10.6,0.8,5.0,15.4,1.0,0.7,1.7,0.107,-1.2,0.6,-0.7,0.3,4.7,0.969,0.361,0.546,0.062,0.0,0.031,0.596,0.743,0.509,0.5,N/a,0.5,0.786,0.667,0.289,47,0.833,0.6,0,0,0,35,65,-8.0,-2.2,20,11,39,7,31,2,135,2,26
Drew Timme,BRK,PF,24,9,2,254,28.2,N/a,N/a,N/a,12.1,7.2,1.9,5.3,2.2,0.4,0.1,1.7,2.3,45,102,0.441,9,35,0.257,36,67,0.537,10,16,0.625,0.485,21.4,12.7,3.9,0.8,0.2,2.9,100,117,11.0,0.5,0.343,0.157,21.3,7.3,22.5,14.5,13.1,0.8,0.4,12.1,-0.1,0.2,0.0,0.009,-3.9,-2.8,-6.7,-0.3,12.4,0.657,0.284,0.255,0.108,0.01,0.343,0.537,0.69,0.346,0.545,1.0,0.257,0.694,1.0,0.029,3,0.171,0.333,0,0,0,2,98,-12.2,-5.1,5,5,14,4,10,4,52,4,2
Dru Smith,MIA,SG,27,14,1,268,19.1,N/a,N/a,N/a,6.2,2.6,0.9,1.7,1.6,1.5,0.4,1.2,2.1,31,61,0.508,16,30,0.533,15,31,0.484,9,12,0.75,0.639,16.2,6.7,4.3,3.9,1.1,3.2,115,109,13.3,0.656,0.492,0.197,13.8,5.0,9.8,7.4,12.0,3.9,2.1,20.4,0.2,0.4,0.7,0.118,-1.3,3.4,2.1,0.3,14.6,0.508,0.23,0.23,0.049,0.0,0.492,0.484,0.714,0.357,0.0,N/a,0.533,0.4,0.875,0.0,0,0.367,0.636,53,47,0,0,0,6.9,6.8,8,7,17,1,2,5,58,0,2
Duncan Robinson,MIA,SF,30,74,37,1786,24.1,N/a,N/a,N/a,11.0,2.3,0.2,2.0,2.4,0.5,0.1,1.2,1.8,290,663,0.437,190,483,0.393,100,180,0.556,47,53,0.887,0.581,22.8,4.7,4.9,1.1,0.2,2.4,112,117,11.8,0.595,0.729,0.08,19.2,1.1,9.1,5.2,14.7,1.1,0.3,11.1,1.3,1.4,2.7,0.071,-0.7,-1.1,-1.7,0.1,19.9,0.271,0.122,0.128,0.018,0.003,0.729,0.556,0.642,0.518,0.333,0.0,0.393,0.76,0.884,0.012,6,0.184,0.427,1,30,59,10,0,0.6,0.1,50,19,81,6,18,12,409,3,29
Duop Reath,POR,C,28,46,0,469,10.2,N/a,N/a,N/a,4.2,2.0,1.0,1.0,0.6,0.3,0.3,0.3,0.9,70,166,0.422,34,106,0.321,36,60,0.6,20,22,0.909,0.524,20.1,9.5,2.7,1.2,1.5,1.7,120,116,13.7,0.552,0.639,0.133,17.0,9.9,11.4,10.6,8.0,1.2,2.7,8.3,0.6,0.4,1.0,0.105,0.2,-0.5,-0.3,0.2,17.5,0.361,0.229,0.108,0.018,0.006,0.639,0.6,0.763,0.333,0.333,0.0,0.321,0.472,0.971,0.03,5,0.226,0.333,0,0,0,0,100,-8.6,-6.1,6,7,28,2,6,1,61,0,9
Dwight Powell,DAL,C,33,55,3,551,10.0,N/a,N/a,N/a,2.1,2.1,0.9,1.3,1.0,0.3,0.4,0.3,1.4,42,61,0.689,2,5,0.4,40,56,0.714,28,43,0.651,0.705,10.0,10.4,4.8,1.6,1.8,1.6,144,115,12.9,0.713,0.082,0.705,7.6,9.5,13.7,11.7,12.5,1.6,3.3,18.4,1.2,0.5,1.7,0.147,-1.5,1.5,0.0,0.3,3.9,0.918,0.689,0.213,0.016,0.0,0.082,0.714,0.81,0.462,0.0,N/a,0.4,0.775,1.0,0.295,15,0.8,0.5,0,0,0,5,95,-1.5,-0.4,5,4,45,8,16,7,126,3,6
Dyson Daniels,ATL,SG,21,76,76,2571,33.8,N/a,N/a,N/a,14.1,5.9,1.6,4.3,4.4,3.0,0.7,2.0,2.3,455,923,0.493,80,235,0.34,375,688,0.545,83,140,0.593,0.536,19.5,8.2,6.1,4.2,1.0,2.8,110,111,15.6,0.545,0.255,0.152,18.2,5.1,14.2,9.6,17.9,4.2,2.0,13.6,1.3,3.7,5.0,0.093,-1.1,2.6,1.5,2.3,10.4,0.745,0.284,0.377,0.078,0.007,0.255,0.545,0.676,0.486,0.389,0.167,0.34,0.517,0.938,0.054,45,0.217,0.431,0,50,44,6,0,-0.7,1.4,92,42,86,9,69,13,795,13,45
Elfrid Payton,CHO,PG,30,24,9,511,21.3,N/a,N/a,N/a,3.5,3.3,0.6,2.7,6.9,1.0,0.5,2.5,1.5,40,122,0.328,1,6,0.167,39,116,0.336,4,7,0.571,0.332,8.1,7.5,15.8,2.3,1.0,5.6,89,118,8.5,0.34,0.049,0.057,15.2,3.1,13.9,8.3,43.3,2.3,2.1,32.1,-0.9,0.3,-0.6,-0.057,-5.1,-1.3,-6.4,-0.6,8.8,0.951,0.148,0.525,0.262,0.016,0.049,0.336,0.333,0.375,0.25,0.5,0.167,0.179,1.0,0.0,0,0.167,0.0,81,19,0,0,0,-12.3,-2.8,51,5,19,1,3,1,385,1,10
Eric Gordon,PHI,SG,36,39,13,768,19.7,N/a,N/a,N/a,6.8,1.2,0.2,1.0,1.7,0.7,0.3,0.7,0.8,87,204,0.426,56,137,0.409,31,67,0.463,36,48,0.75,0.564,17.1,3.0,4.2,1.7,0.8,1.8,116,122,10.8,0.591,0.672,0.235,14.4,1.1,5.8,3.4,12.0,1.7,1.5,11.1,0.7,0.2,0.9,0.053,-0.8,-0.8,-1.6,0.1,19.9,0.328,0.152,0.142,0.025,0.01,0.672,0.463,0.613,0.276,0.8,0.0,0.409,0.71,0.946,0.005,0,0.124,0.529,1,80,19,1,0,-5.8,0.7,16,7,19,2,20,1,158,3,14
Evan Mobley,CLE,PF,23,71,71,2167,30.5,N/a,N/a,N/a,18.5,9.3,2.3,7.0,3.2,0.9,1.6,2.0,2.0,505,906,0.557,85,230,0.37,420,676,0.621,221,305,0.725,0.604,29.2,14.6,5.0,1.4,2.5,3.2,124,108,22.3,0.633,0.254,0.337,23.2,8.4,24.0,16.5,15.1,1.4,4.7,12.2,5.3,3.8,9.0,0.2,3.1,1.5,4.6,3.6,9.4,0.746,0.421,0.27,0.038,0.018,0.254,0.621,0.787,0.429,0.353,0.188,0.37,0.64,0.894,0.22,192,0.2,0.435,0,0,0,48,52,12.2,5.3,46,56,100,14,158,6,583,45,51
Franz Wagner,ORL,SF,23,60,60,2023,33.7,N/a,N/a,N/a,24.2,5.7,0.9,4.8,4.7,1.3,0.4,2.3,2.5,537,1161,0.463,104,352,0.295,433,809,0.535,271,311,0.871,0.507,35.8,8.4,7.0,1.9,0.5,3.4,113,110,20.1,0.558,0.303,0.268,31.0,3.0,17.1,9.7,26.6,1.9,1.0,9.6,2.6,3.1,5.6,0.133,2.6,0.5,3.1,2.6,12.5,0.697,0.214,0.349,0.091,0.043,0.303,0.535,0.726,0.452,0.491,0.36,0.295,0.446,0.692,0.036,39,0.111,0.436,0,1,67,32,0,5.8,12.9,59,56,69,7,138,29,681,19,75
Fred VanVleet,HOU,PG,30,60,60,2111,35.2,N/a,N/a,N/a,14.1,3.7,0.5,3.2,5.6,1.6,0.4,1.5,2.3,287,759,0.378,159,461,0.345,128,298,0.43,111,137,0.81,0.483,19.5,5.1,7.7,2.2,0.6,2.0,117,112,12.8,0.515,0.607,0.181,17.7,1.6,9.7,5.6,21.2,2.2,1.1,9.6,2.4,2.8,5.2,0.119,-0.4,1.3,0.9,1.5,20.2,0.393,0.095,0.111,0.07,0.117,0.607,0.43,0.528,0.393,0.434,0.382,0.345,0.234,0.623,0.0,0,0.093,0.326,91,9,0,0,0,5.7,3.1,57,18,62,11,46,11,784,8,22
Gabe Vincent,LAL,PG,28,72,11,1527,21.2,N/a,N/a,N/a,6.4,1.3,0.3,1.0,1.4,0.7,0.2,0.6,2.1,168,420,0.4,109,309,0.353,59,111,0.532,15,21,0.714,0.53,14.8,3.0,3.2,1.6,0.4,1.3,108,118,7.4,0.536,0.736,0.05,13.5,1.5,5.2,3.4,8.7,1.6,0.8,8.7,0.3,1.0,1.3,0.039,-3.8,-0.1,-4.0,-0.8,21.0,0.264,0.079,0.09,0.057,0.038,0.736,0.532,0.636,0.474,0.458,0.563,0.353,0.593,0.872,0.0,0,0.356,0.391,83,17,0,0,0,1.3,-0.5,26,4,84,9,6,18,240,1,12
Garrett Temple,TOR,SG,38,28,0,227,8.1,N/a,N/a,N/a,1.9,1.0,0.3,0.7,1.1,0.6,0.1,0.4,0.8,18,60,0.3,6,28,0.214,12,32,0.375,11,12,0.917,0.35,11.2,6.1,6.6,3.6,0.4,2.1,98,112,8.5,0.406,0.467,0.2,13.9,4.2,9.7,6.8,17.4,3.6,0.8,13.3,-0.1,0.3,0.2,0.033,-5.7,2.1,-3.6,-0.1,15.3,0.533,0.267,0.1,0.1,0.067,0.467,0.375,0.563,0.333,0.0,0.25,0.214,0.583,1.0,0.017,0,0.321,0.222,31,51,18,0,0,-5.1,-0.9,3,6,14,0,5,2,76,0,4
Garrison Mathews,ATL,SG,28,47,2,830,17.7,N/a,N/a,N/a,7.5,1.9,0.3,1.6,1.3,0.6,0.3,0.7,1.7,102,257,0.397,85,218,0.39,17,39,0.436,64,78,0.821,0.562,19.9,4.9,3.4,1.5,0.8,1.7,119,118,11.2,0.606,0.848,0.304,15.9,1.7,10.0,5.7,9.3,1.5,1.7,9.6,1.0,0.5,1.5,0.087,-1.1,-0.5,-1.6,0.1,22.4,0.152,0.047,0.058,0.031,0.016,0.848,0.436,0.5,0.4,0.5,0.25,0.39,0.824,0.976,0.004,1,0.317,0.58,6,73,21,0,0,-3.4,-2.8,17,6,41,2,32,17,138,7,4
Gary Payton II,GSW,SG,32,62,11,927,15.0,N/a,N/a,N/a,6.5,3.0,0.9,2.1,1.3,0.8,0.3,0.6,1.7,171,298,0.574,31,95,0.326,140,203,0.69,27,38,0.711,0.626,21.0,9.7,4.4,2.7,0.9,2.0,124,110,16.2,0.635,0.319,0.128,16.1,6.0,15.8,10.7,13.5,2.7,1.7,11.0,1.5,1.5,3.0,0.155,-0.5,2.0,1.4,0.8,10.1,0.681,0.326,0.346,0.01,0.0,0.319,0.69,0.845,0.553,0.333,N/a,0.326,0.821,0.968,0.128,32,0.537,0.412,26,71,4,0,0,6.9,4.4,19,4,38,13,19,2,206,10,20
Gary Harris,ORL,SG,30,48,3,711,14.8,N/a,N/a,N/a,3.0,1.3,0.4,0.9,0.6,0.5,0.3,0.4,0.9,51,133,0.383,36,101,0.356,15,32,0.469,7,12,0.583,0.519,10.2,4.5,2.1,1.8,0.8,1.2,107,112,6.9,0.524,0.759,0.09,9.5,3.1,7.5,5.2,5.8,1.8,1.6,10.9,0.1,0.9,1.0,0.067,-3.9,1.2,-2.7,-0.1,20.7,0.241,0.06,0.128,0.023,0.03,0.759,0.469,0.625,0.412,0.333,0.5,0.356,0.6,0.972,0.008,1,0.426,0.372,8,69,22,2,0,5.3,7.1,8,3,15,1,2,0,76,0,7
Gary Trent Jr.,MIL,SG,26,74,9,1893,25.6,N/a,N/a,N/a,11.1,2.3,0.3,2.0,1.2,1.0,0.1,0.6,1.7,283,657,0.431,180,433,0.416,103,224,0.46,78,92,0.848,0.568,21.0,4.3,2.2,1.8,0.1,1.1,115,116,11.7,0.591,0.659,0.14,17.1,1.2,8.2,4.8,6.4,1.8,0.2,5.7,1.6,1.7,3.3,0.084,-1.2,-0.4,-1.6,0.2,20.4,0.341,0.072,0.079,0.111,0.079,0.659,0.46,0.574,0.404,0.493,0.365,0.416,0.476,0.906,0.003,1,0.217,0.489,2,50,47,1,0,1.7,-1.1,11,17,44,8,40,11,209,9,11
Georges Niang,ATL,PF,31,79,3,1697,21.5,N/a,N/a,N/a,9.9,3.4,0.6,2.8,1.4,0.4,0.2,1.0,2.5,286,620,0.461,166,409,0.406,120,211,0.569,46,58,0.793,0.595,22.0,7.6,3.1,0.8,0.4,2.3,115,117,11.2,0.607,0.66,0.094,17.9,3.1,14.3,8.7,8.8,0.8,0.8,11.3,1.5,1.4,2.9,0.081,-1.1,-1.2,-2.3,-0.1,18.1,0.34,0.139,0.158,0.035,0.008,0.66,0.569,0.64,0.571,0.364,0.2,0.406,0.833,0.988,0.0,0,0.377,0.409,0,0,4,88,8,4.6,-1.3,36,22,97,10,19,8,270,7,21
GG Jackson II,MEM,PF,20,29,3,459,15.8,N/a,N/a,N/a,7.2,3.2,0.9,2.2,1.0,0.4,0.2,1.1,1.0,74,199,0.372,32,95,0.337,42,104,0.404,29,40,0.725,0.452,21.2,9.3,2.9,1.2,0.5,3.1,99,115,9.3,0.482,0.477,0.201,21.7,6.3,14.8,10.6,8.2,1.2,1.0,12.5,-0.4,0.4,0.1,0.009,-3.3,-2.0,-5.3,-0.4,14.6,0.523,0.236,0.251,0.025,0.01,0.477,0.404,0.553,0.28,0.2,0.5,0.337,0.476,0.938,0.085,12,0.284,0.296,0,0,25,63,12,-6.9,-13.3,7,13,15,1,18,2,71,4,15
Giannis Antetokounmpo,MIL,PF,30,67,67,2289,34.2,N/a,N/a,N/a,30.4,11.9,2.2,9.7,6.5,0.9,1.2,3.1,2.3,793,1319,0.601,14,63,0.222,779,1256,0.62,436,707,0.617,0.607,43.0,16.9,9.1,1.2,1.6,4.4,122,109,30.5,0.625,0.048,0.536,35.2,7.3,29.7,19.0,36.0,1.2,3.2,11.2,7.8,3.7,11.5,0.241,6.9,2.5,9.5,6.6,7.0,0.952,0.511,0.195,0.096,0.15,0.048,0.62,0.773,0.428,0.48,0.439,0.222,0.429,0.5,0.205,243,0.048,0.0,0,0,0,68,32,6.9,11.0,69,63,67,32,353,3,1124,92,76
Goga Bitadze,ORL,C,25,70,42,1430,20.4,N/a,N/a,N/a,7.2,6.6,2.4,4.2,2.0,0.7,1.4,1.0,2.1,207,339,0.611,3,28,0.107,204,311,0.656,85,133,0.639,0.615,17.5,16.2,4.8,1.7,3.4,2.5,127,105,19.2,0.631,0.083,0.392,14.3,12.7,25.0,18.6,14.8,1.7,6.6,15.3,2.8,3.0,5.8,0.195,-0.3,2.8,2.5,1.6,4.9,0.917,0.599,0.265,0.035,0.018,0.083,0.656,0.739,0.544,0.333,0.167,0.107,0.676,1.0,0.289,87,0.214,0.0,0,0,0,0,100,2.2,4.2,21,17,75,19,56,4,327,11,23
Gradey Dick,TOR,SG,21,54,54,1587,29.4,N/a,N/a,N/a,14.4,3.6,0.8,2.8,1.8,0.9,0.2,1.5,2.2,265,647,0.41,114,326,0.35,151,321,0.47,133,155,0.858,0.498,23.6,5.9,3.0,1.5,0.3,2.5,107,117,10.9,0.543,0.504,0.24,21.0,2.9,10.3,6.5,8.9,1.5,0.6,10.4,0.2,1.2,1.4,0.042,-1.9,-1.3,-3.2,-0.5,16.3,0.496,0.207,0.13,0.11,0.049,0.504,0.47,0.582,0.31,0.493,0.375,0.35,0.795,0.947,0.034,18,0.261,0.341,1,42,51,6,0,-6.6,-3.8,38,32,58,7,63,16,236,5,36
Grant Williams,CHO,PF,26,16,7,479,29.9,N/a,N/a,N/a,10.4,5.1,1.1,4.0,2.3,1.1,0.8,1.8,2.9,54,123,0.439,27,74,0.365,27,49,0.551,31,37,0.838,0.549,17.0,8.4,3.8,1.8,1.3,2.9,112,116,11.5,0.596,0.602,0.301,14.8,3.9,14.5,9.1,11.3,1.8,2.7,16.7,0.3,0.4,0.7,0.071,-2.3,0.7,-1.6,0.1,17.9,0.398,0.154,0.154,0.057,0.033,0.602,0.551,0.737,0.579,0.143,0.25,0.365,0.815,1.0,0.024,3,0.203,0.267,0,0,8,84,8,0.9,11.7,7,12,24,7,13,7,98,1,6
Grayson Allen,PHO,SG,29,64,7,1544,24.1,N/a,N/a,N/a,10.6,3.0,0.5,2.5,2.1,0.8,0.3,1.2,1.5,219,489,0.448,149,350,0.426,70,139,0.504,93,114,0.816,0.6,21.8,6.2,4.4,1.7,0.6,2.4,119,120,13.7,0.631,0.716,0.233,17.6,2.5,11.3,7.0,12.5,1.7,1.2,12.2,2.0,0.6,2.5,0.079,0.7,-1.0,-0.3,0.7,20.0,0.284,0.102,0.139,0.039,0.004,0.716,0.504,0.68,0.441,0.263,0.5,0.426,0.7,0.966,0.018,8,0.263,0.489,32,66,2,0,0,-3.1,-0.5,47,18,52,8,47,9,332,8,18
Guerschon Yabusele,PHI,C,29,70,43,1895,27.1,N/a,N/a,N/a,11.0,5.6,1.9,3.7,2.1,0.8,0.3,1.2,2.3,282,563,0.501,104,274,0.38,178,289,0.616,100,138,0.725,0.593,20.0,10.3,3.9,1.5,0.6,2.3,122,119,14.7,0.616,0.487,0.245,16.3,7.7,16.3,11.8,11.6,1.5,1.2,12.2,2.9,1.0,3.9,0.099,0.1,-1.1,-1.0,0.5,14.4,0.513,0.313,0.165,0.028,0.007,0.487,0.616,0.744,0.462,0.188,0.25,0.38,0.725,1.0,0.089,44,0.241,0.364,0,0,0,27,73,-2.9,6.5,26,33,76,17,62,13,357,13,31
Gui Santos,GSW,PF,22,56,2,762,13.6,N/a,N/a,N/a,4.1,3.1,1.3,1.8,1.4,0.4,0.2,0.8,1.6,82,179,0.458,34,103,0.33,48,76,0.632,29,42,0.69,0.553,14.5,11.0,5.1,1.6,0.6,2.7,118,113,11.7,0.575,0.575,0.235,13.2,9.9,14.5,12.1,14.2,1.6,1.2,17.5,0.8,0.9,1.7,0.11,-2.2,0.5,-1.7,0.1,16.3,0.425,0.19,0.218,0.011,0.006,0.575,0.632,0.794,0.487,0.5,1.0,0.33,0.792,0.971,0.039,6,0.34,0.371,0,1,17,71,11,11.0,9.3,26,11,52,1,16,3,198,6,9
Harrison Barnes,SAS,PF,32,82,82,2230,27.2,N/a,N/a,N/a,12.3,3.8,1.2,2.6,1.7,0.5,0.2,0.6,0.9,347,683,0.508,156,360,0.433,191,323,0.591,161,199,0.809,0.622,21.9,6.7,2.9,0.8,0.3,1.1,132,122,14.9,0.656,0.527,0.291,15.7,4.7,10.3,7.4,8.6,0.8,0.6,6.1,5.0,0.5,5.6,0.12,1.7,-1.7,0.0,1.2,14.8,0.473,0.25,0.184,0.038,0.0,0.527,0.591,0.69,0.468,0.538,N/a,0.433,0.586,0.981,0.042,29,0.547,0.477,0,0,22,74,4,-1.6,3.2,30,12,47,4,101,3,337,16,28
Haywood Highsmith,MIA,SF,28,74,42,1818,24.6,N/a,N/a,N/a,6.5,3.4,1.0,2.4,1.5,0.9,0.5,0.7,2.2,179,391,0.458,89,233,0.382,90,158,0.57,31,43,0.721,0.572,13.1,6.9,3.1,1.9,1.0,1.5,116,114,9.9,0.583,0.596,0.11,11.3,4.4,10.8,7.7,8.4,1.9,2.0,11.6,1.3,2.1,3.3,0.088,-2.7,0.9,-1.9,0.1,16.4,0.404,0.205,0.159,0.036,0.005,0.596,0.57,0.688,0.484,0.357,0.0,0.382,0.667,0.978,0.049,19,0.459,0.439,0,1,49,50,0,2.2,2.9,23,14,80,4,18,8,273,5,15
Herbert Jones,NOP,SF,26,20,20,648,32.4,N/a,N/a,N/a,10.3,3.9,1.1,2.8,3.3,1.9,0.5,1.8,3.3,75,172,0.436,22,72,0.306,53,100,0.53,33,40,0.825,0.5,15.3,5.8,4.9,2.8,0.7,2.6,108,119,10.4,0.541,0.419,0.233,14.6,3.6,9.6,6.5,13.8,2.8,1.3,15.6,0.1,0.3,0.4,0.033,-3.9,0.2,-3.6,-0.3,13.5,0.581,0.273,0.221,0.035,0.052,0.419,0.53,0.681,0.263,0.667,0.778,0.306,0.698,1.0,0.029,5,0.486,0.371,0,0,15,81,4,-0.9,10.5,20,11,37,1,19,10,156,2,10
Hunter Tyson,DEN,PF,24,51,2,400,7.8,N/a,N/a,N/a,2.6,1.5,0.5,1.0,0.4,0.2,0.1,0.3,0.9,45,120,0.375,23,74,0.311,22,46,0.478,21,28,0.75,0.471,16.1,9.4,2.4,1.2,0.7,1.7,109,118,9.0,0.506,0.617,0.233,15.5,7.2,13.9,10.7,6.1,1.2,1.3,9.6,0.1,0.3,0.4,0.047,-3.3,-1.5,-4.8,-0.3,17.6,0.383,0.175,0.142,0.025,0.042,0.617,0.478,0.714,0.235,0.667,0.2,0.311,0.682,0.913,0.067,6,0.284,0.286,0,0,33,65,1,-10.8,-16.4,4,6,29,1,13,1,49,2,11
Immanuel Quickley,TOR,PG,25,33,33,918,27.8,N/a,N/a,N/a,17.1,3.5,0.5,3.1,5.8,0.7,0.1,1.8,1.8,184,438,0.42,85,225,0.378,99,213,0.465,111,128,0.867,0.517,29.6,6.1,10.0,1.2,0.2,3.0,119,117,17.5,0.57,0.514,0.292,25.1,1.8,12.1,6.8,31.5,1.2,0.4,10.5,1.8,0.6,2.5,0.128,3.2,-1.0,2.2,1.0,17.3,0.486,0.103,0.235,0.112,0.037,0.514,0.465,0.578,0.437,0.429,0.438,0.378,0.384,0.741,0.002,1,0.107,0.375,92,8,0,0,0,-2.0,3.0,34,14,26,6,59,3,449,11,25
Isaac Jones,SAC,PF,24,40,0,304,7.6,N/a,N/a,N/a,3.4,1.4,0.6,0.9,0.3,0.1,0.3,0.4,0.8,54,83,0.651,3,8,0.375,51,75,0.68,23,36,0.639,0.669,21.6,9.2,1.9,0.8,1.6,2.6,124,118,15.2,0.678,0.096,0.434,16.3,8.1,12.9,10.5,5.6,0.8,3.2,13.9,0.5,0.2,0.7,0.115,-0.9,-0.8,-1.7,0.0,5.2,0.904,0.47,0.422,0.012,0.0,0.096,0.68,0.744,0.629,0.0,N/a,0.375,0.765,1.0,0.349,27,0.75,0.5,0,0,2,61,37,-9.7,-11.1,7,6,19,1,19,1,31,6,13
Isaac Okoro,CLE,SG,24,55,22,1053,19.1,N/a,N/a,N/a,6.1,2.4,0.9,1.5,1.2,0.6,0.3,0.4,1.9,124,267,0.464,56,151,0.371,68,116,0.586,33,46,0.717,0.569,15.4,5.9,3.1,1.5,0.7,1.1,125,115,10.7,0.587,0.566,0.172,12.5,5.2,8.1,6.7,8.0,1.5,1.4,7.4,1.5,1.0,2.5,0.115,-1.1,0.6,-0.5,0.4,14.8,0.434,0.341,0.086,0.004,0.004,0.566,0.586,0.659,0.348,0.0,0.0,0.371,0.765,1.0,0.052,11,0.596,0.389,0,25,66,9,0,14.1,5.9,8,6,58,6,20,5,165,2,19
Isaiah Hartenstein,OKC,C,26,57,53,1590,27.9,N/a,N/a,N/a,11.2,10.7,2.9,7.9,3.8,0.8,1.1,1.7,3.0,279,480,0.581,0,19,0.0,279,461,0.605,79,117,0.675,0.581,19.2,18.4,6.6,1.4,1.9,2.9,124,104,18.9,0.599,0.04,0.244,16.7,11.2,29.6,20.6,18.3,1.4,3.9,15.3,3.2,3.6,6.8,0.205,0.6,2.6,3.2,2.1,6.7,0.96,0.363,0.369,0.225,0.004,0.04,0.605,0.73,0.548,0.509,0.0,0.0,0.81,N/a,0.2,89,0.158,0.0,0,0,0,0,100,12.6,-0.8,50,21,90,17,56,2,501,13,31
Isaiah Joe,OKC,SG,25,74,16,1604,21.7,N/a,N/a,N/a,10.2,2.6,0.6,2.1,1.6,0.6,0.1,0.5,1.5,259,588,0.44,192,466,0.412,67,122,0.549,46,56,0.821,0.604,22.6,5.9,3.6,1.4,0.3,1.1,125,112,14.0,0.617,0.793,0.095,17.2,2.8,10.1,6.6,9.7,1.4,0.6,5.8,2.9,2.2,5.1,0.153,1.4,-0.1,1.3,1.4,22.3,0.207,0.07,0.049,0.054,0.034,0.793,0.549,0.805,0.517,0.313,0.45,0.412,0.791,0.911,0.015,9,0.18,0.548,38,62,0,0,0,15.5,4.0,18,18,54,0,21,32,300,5,19
Isaiah Wong,CHO,SG,24,20,0,265,13.3,N/a,N/a,N/a,6.0,1.6,0.7,0.9,1.4,0.6,0.0,0.9,1.1,41,105,0.39,13,33,0.394,28,72,0.389,25,34,0.735,0.452,22.3,5.9,5.2,2.0,0.0,3.3,103,119,10.9,0.5,0.314,0.324,22.1,5.5,7.4,6.4,16.5,2.0,0.0,13.0,-0.1,0.1,0.1,0.01,-2.9,-1.0,-4.0,-0.1,14.0,0.686,0.162,0.248,0.219,0.057,0.314,0.389,0.412,0.385,0.391,0.333,0.394,0.393,0.769,0.019,2,0.121,0.25,23,58,19,0,0,-1.7,8.2,10,5,12,1,17,3,68,2,13
Isaiah Stewart,DET,C,23,72,4,1434,19.9,N/a,N/a,N/a,6.0,5.5,1.8,3.7,1.7,0.4,1.4,0.9,2.5,176,315,0.559,17,53,0.321,159,262,0.607,66,87,0.759,0.586,14.6,13.4,4.1,0.9,3.4,2.3,125,110,14.6,0.616,0.168,0.276,12.4,10.1,20.6,15.4,11.3,0.9,6.7,16.1,2.1,2.2,4.3,0.144,-1.6,2.1,0.6,0.9,7.2,0.832,0.438,0.346,0.041,0.006,0.168,0.607,0.681,0.523,0.615,0.0,0.321,0.73,1.0,0.111,35,0.17,0.333,0,0,0,1,99,0.6,-2.1,19,14,85,25,40,4,310,11,12
Isaiah Collier,UTA,PG,20,71,46,1839,25.9,N/a,N/a,N/a,8.7,3.3,0.5,2.9,6.3,0.9,0.2,2.9,2.1,234,555,0.422,42,169,0.249,192,386,0.497,105,154,0.682,0.459,16.0,6.1,11.6,1.7,0.4,5.4,99,121,9.7,0.494,0.305,0.277,18.9,1.9,11.8,6.9,34.3,1.7,0.8,25.0,-1.3,0.5,-0.8,-0.021,-3.8,-1.5,-5.3,-1.6,12.0,0.695,0.209,0.368,0.094,0.025,0.305,0.497,0.698,0.451,0.288,0.286,0.249,0.349,0.595,0.027,15,0.26,0.341,62,38,0,0,0,-10.5,-2.4,124,47,71,19,68,8,1104,17,55
Ivica Zubac,LAC,C,27,80,80,2624,32.8,N/a,N/a,N/a,16.8,12.6,3.8,8.9,2.7,0.7,1.1,1.6,2.1,592,942,0.628,0,0,N/a,592,942,0.628,156,236,0.661,0.628,25.1,19.0,4.0,1.0,1.7,2.4,129,108,22.3,0.641,0.0,0.251,19.5,13.1,30.2,21.8,12.8,1.0,3.4,10.8,7.0,4.7,11.7,0.215,2.3,0.8,3.1,3.4,4.4,1.0,0.426,0.499,0.072,0.003,0.0,0.628,0.706,0.585,0.485,0.333,N/a,0.703,N/a,0.203,177,N/a,N/a,0,0,0,0,100,9.3,13.9,40,47,107,21,124,4,511,36,58
Ja Morant,MEM,PG,25,50,50,1519,30.4,N/a,N/a,N/a,23.2,4.1,0.7,3.4,7.3,1.2,0.2,3.7,2.3,404,889,0.454,88,285,0.309,316,604,0.523,263,319,0.824,0.504,35.5,6.3,11.1,1.9,0.4,5.7,113,115,19.3,0.563,0.321,0.359,32.2,2.4,11.8,7.1,36.0,1.9,0.7,15.2,2.0,1.5,3.5,0.112,3.1,-0.7,2.4,1.7,12.7,0.679,0.233,0.309,0.11,0.027,0.321,0.523,0.691,0.436,0.449,0.375,0.309,0.237,0.614,0.022,17,0.179,0.314,100,0,0,0,0,6.2,2.0,122,44,50,2,154,17,862,39,51
Ja'Kobe Walter,TOR,SG,20,52,18,1103,21.2,N/a,N/a,N/a,8.6,3.1,1.1,1.9,1.6,0.8,0.2,1.0,1.8,159,393,0.405,65,186,0.349,94,207,0.454,66,83,0.795,0.487,19.6,7.0,3.5,1.9,0.4,2.2,108,116,10.8,0.523,0.473,0.211,18.2,5.6,10.1,7.8,10.2,1.9,0.9,10.4,0.3,0.9,1.2,0.052,-2.3,-0.6,-3.0,-0.3,15.0,0.527,0.232,0.196,0.064,0.036,0.473,0.454,0.527,0.39,0.48,0.286,0.349,0.628,0.954,0.041,11,0.29,0.352,19,72,9,0,0,-3.1,1.6,22,16,58,3,43,10,192,10,39
Jabari Walker,POR,PF,22,60,1,749,12.5,N/a,N/a,N/a,5.2,3.5,1.0,2.5,0.6,0.6,0.1,0.6,1.5,118,229,0.515,28,72,0.389,90,157,0.573,49,71,0.69,0.576,20.3,13.7,2.4,2.1,0.4,2.2,120,112,15.0,0.601,0.314,0.31,16.3,8.3,22.6,15.3,7.2,2.1,0.7,11.6,1.0,1.0,2.0,0.128,-1.2,0.5,-0.8,0.2,10.1,0.686,0.415,0.236,0.022,0.013,0.314,0.573,0.684,0.407,0.4,0.333,0.389,0.622,1.0,0.07,16,0.458,0.455,0,0,16,61,23,0.2,4.3,10,12,39,6,36,6,88,9,31
Jabari Smith Jr.,HOU,PF,21,57,39,1716,30.1,N/a,N/a,N/a,12.2,7.0,1.8,5.2,1.1,0.4,0.7,1.1,2.2,248,566,0.438,98,277,0.354,150,289,0.519,104,126,0.825,0.525,19.8,11.3,1.7,0.7,1.2,1.7,118,112,12.6,0.562,0.489,0.223,16.4,6.4,18.6,12.4,4.7,0.7,2.1,8.9,1.9,2.2,4.2,0.117,-0.8,0.1,-0.7,0.6,16.2,0.511,0.173,0.145,0.145,0.048,0.489,0.519,0.704,0.427,0.5,0.185,0.354,0.567,0.969,0.057,28,0.235,0.354,0,0,5,83,12,7.4,5.5,29,21,69,8,52,2,150,10,30
Jaden McDaniels,MIN,PF,24,82,82,2614,31.9,N/a,N/a,N/a,12.2,5.7,1.6,4.2,2.0,1.3,0.9,1.2,2.7,398,834,0.477,100,303,0.33,298,531,0.561,104,128,0.813,0.537,18.9,8.9,3.1,2.1,1.4,1.8,115,110,13.3,0.562,0.363,0.153,16.3,5.6,14.2,10.0,9.0,2.1,2.6,9.6,2.3,3.9,6.3,0.115,-1.4,1.4,0.0,1.4,12.8,0.637,0.253,0.23,0.121,0.032,0.363,0.561,0.73,0.427,0.535,0.296,0.33,0.611,0.95,0.074,51,0.512,0.335,0,0,78,21,1,3.7,-3.8,39,29,103,8,61,23,404,19,41
Jaden Hardy,DAL,SG,22,57,3,907,15.9,N/a,N/a,N/a,8.7,1.6,0.2,1.4,1.4,0.5,0.1,1.4,1.6,180,414,0.435,76,197,0.386,104,217,0.479,60,86,0.698,0.527,26.5,4.7,4.3,1.5,0.3,4.4,99,119,10.4,0.549,0.476,0.208,25.3,1.1,9.4,5.3,13.2,1.5,0.5,15.4,-0.8,0.5,-0.3,-0.016,-2.8,-1.9,-4.7,-0.6,16.2,0.524,0.162,0.157,0.157,0.048,0.476,0.479,0.657,0.354,0.508,0.2,0.386,0.346,0.829,0.027,8,0.239,0.404,15,69,16,0,0,-4.1,-3.7,32,34,49,8,38,9,188,7,24
Jaden Ivey,DET,SG,22,30,30,898,29.9,N/a,N/a,N/a,17.6,4.1,1.3,2.8,4.0,0.9,0.4,3.0,2.2,190,413,0.46,63,154,0.409,127,259,0.49,85,116,0.733,0.536,28.3,6.6,6.4,1.5,0.6,4.8,108,115,14.7,0.569,0.373,0.281,26.0,5.0,10.3,7.6,19.7,1.5,1.2,16.1,0.3,0.8,1.2,0.062,0.8,-0.8,0.0,0.5,13.7,0.627,0.245,0.245,0.094,0.044,0.373,0.49,0.644,0.426,0.333,0.333,0.409,0.425,0.746,0.024,9,0.208,0.344,7,76,18,0,0,-3.9,-7.6,42,28,23,9,56,7,294,13,26
Jaden Springer,UTA,PG,22,43,2,365,8.5,N/a,N/a,N/a,2.5,1.3,0.4,1.0,0.8,0.6,0.1,0.4,1.0,35,90,0.389,12,48,0.25,23,42,0.548,27,38,0.711,0.456,14.6,7.8,4.4,3.2,0.5,2.1,110,114,10.7,0.511,0.533,0.422,14.3,5.1,12.1,8.6,12.1,3.2,1.0,13.0,0.1,0.4,0.5,0.07,-4.3,1.6,-2.7,-0.1,16.6,0.467,0.144,0.256,0.056,0.011,0.533,0.548,0.846,0.435,0.4,0.0,0.25,0.522,0.917,0.033,3,0.458,0.182,22,62,16,0,0,-2.4,-0.2,7,7,16,2,17,3,76,2,4
Jae'Sean Tate,HOU,SF,29,52,2,588,11.3,N/a,N/a,N/a,3.6,2.3,1.0,1.3,0.9,0.5,0.1,0.4,1.6,70,148,0.473,16,46,0.348,54,102,0.529,32,47,0.681,0.527,15.6,9.7,3.9,2.2,0.6,1.8,122,111,12.3,0.557,0.311,0.318,13.3,8.9,12.4,10.6,10.5,2.2,1.1,11.5,0.8,0.8,1.6,0.133,-2.1,1.4,-0.7,0.2,10.4,0.689,0.27,0.385,0.034,0.0,0.311,0.529,0.7,0.421,0.4,N/a,0.348,0.519,1.0,0.041,4,0.674,0.452,3,42,52,3,0,7.0,3.3,6,8,36,6,19,13,119,5,16
Jaime Jaquez Jr.,MIA,SF,23,66,17,1368,20.7,N/a,N/a,N/a,8.6,4.4,1.3,3.1,2.5,0.9,0.2,1.5,1.2,213,462,0.461,37,119,0.311,176,343,0.513,107,142,0.754,0.501,20.8,10.6,6.1,2.2,0.5,3.6,108,112,14.3,0.543,0.258,0.307,20.2,6.8,16.5,11.7,17.9,2.2,1.0,15.7,0.5,1.8,2.3,0.081,-1.4,0.5,-0.9,0.4,9.9,0.742,0.288,0.398,0.039,0.017,0.258,0.513,0.677,0.435,0.222,0.25,0.311,0.443,0.892,0.032,12,0.513,0.262,2,32,56,9,0,-5.3,-9.0,43,38,51,6,72,1,411,17,60
Jake LaRavia,SAC,PF,23,66,0,1349,20.4,N/a,N/a,N/a,6.9,3.9,1.4,2.6,2.4,0.9,0.3,1.3,2.0,160,337,0.475,60,142,0.423,100,195,0.513,78,115,0.678,0.564,16.0,9.0,5.5,2.2,0.8,3.0,117,114,12.6,0.591,0.421,0.341,14.4,7.2,13.3,10.3,14.6,2.2,1.6,18.2,1.4,1.5,2.9,0.104,-0.8,1.1,0.2,0.8,14.6,0.579,0.249,0.27,0.047,0.012,0.421,0.513,0.607,0.484,0.25,0.25,0.423,0.59,0.95,0.074,20,0.261,0.378,0,1,45,50,4,5.1,2.3,39,26,64,9,51,7,391,7,26
Jakob Poeltl,TOR,C,29,57,56,1686,29.6,N/a,N/a,N/a,14.5,9.6,3.3,6.3,2.8,1.2,1.2,1.9,3.1,363,579,0.627,1,3,0.333,362,576,0.628,97,144,0.674,0.628,23.5,15.6,4.5,1.9,2.0,3.2,122,110,20.0,0.641,0.005,0.249,18.7,11.7,23.3,17.4,14.5,1.9,4.0,14.7,3.0,2.5,5.5,0.158,0.7,1.3,2.0,1.7,5.0,0.995,0.496,0.344,0.145,0.01,0.005,0.628,0.746,0.518,0.512,0.333,0.333,0.746,1.0,0.055,29,0.333,1.0,0,0,0,0,100,-0.5,6.6,52,30,96,20,70,6,356,21,35
Jalen Brunson,NYK,PG,28,65,65,2301,35.4,N/a,N/a,N/a,26.0,2.9,0.4,2.5,7.3,0.9,0.1,2.5,2.1,585,1200,0.488,152,397,0.383,433,803,0.539,368,448,0.821,0.551,36.4,4.0,10.2,1.3,0.2,3.5,123,118,21.6,0.605,0.331,0.373,29.5,1.4,7.9,4.7,32.3,1.3,0.3,10.5,6.8,1.4,8.3,0.172,4.7,-1.3,3.3,3.1,14.2,0.669,0.149,0.255,0.181,0.084,0.331,0.539,0.676,0.497,0.525,0.455,0.383,0.236,0.461,0.0,0,0.144,0.404,100,0,0,0,0,2.1,-4.9,99,56,60,6,177,50,1097,46,50
Jalen Pickett,DEN,SG,25,49,4,666,13.6,N/a,N/a,N/a,4.1,1.4,0.3,1.1,2.2,0.4,0.1,0.5,0.8,77,180,0.428,40,101,0.396,37,79,0.468,6,8,0.75,0.539,14.4,5.1,7.7,1.4,0.4,1.7,120,119,10.9,0.545,0.561,0.044,13.2,2.6,8.8,5.9,19.5,1.4,0.7,11.6,0.8,0.3,1.1,0.078,-0.8,-0.7,-1.5,0.1,18.8,0.439,0.072,0.133,0.133,0.1,0.561,0.468,0.692,0.625,0.292,0.333,0.396,0.432,0.725,0.0,0,0.356,0.472,51,48,1,0,0,3.0,-1.1,16,3,18,4,4,0,252,2,5
Jalen Smith,CHI,C,24,64,2,962,15.0,N/a,N/a,N/a,8.2,5.6,1.4,4.2,1.0,0.3,0.7,0.6,1.5,190,408,0.466,72,222,0.324,118,186,0.634,72,89,0.809,0.554,25.4,17.3,3.2,0.8,2.1,1.8,120,112,18.7,0.586,0.544,0.218,21.0,9.9,28.7,19.5,9.7,0.8,4.0,7.6,1.7,1.3,2.9,0.146,1.5,-0.6,0.9,0.7,15.4,0.456,0.319,0.098,0.025,0.015,0.544,0.634,0.677,0.625,0.3,0.333,0.324,0.703,0.986,0.071,27,0.162,0.333,0,0,0,2,98,-1.0,0.4,13,7,59,12,43,7,157,13,14
Jalen Wilson,BRK,PF,24,79,22,2031,25.7,N/a,N/a,N/a,9.5,3.4,0.9,2.5,1.8,0.5,0.1,1.0,2.1,246,620,0.397,122,362,0.337,124,258,0.481,135,165,0.818,0.495,18.4,6.6,3.6,1.0,0.1,1.9,110,119,9.5,0.541,0.584,0.266,16.6,4.0,11.4,7.5,10.8,1.0,0.2,10.2,0.9,1.0,1.9,0.046,-2.6,-1.3,-3.9,-1.0,16.9,0.416,0.165,0.216,0.023,0.013,0.584,0.481,0.608,0.41,0.286,0.375,0.337,0.597,1.0,0.002,0,0.29,0.352,0,2,33,53,13,-6.4,2.2,32,29,96,11,61,3,377,11,37
Jalen Johnson,ATL,SF,23,36,36,1284,35.7,N/a,N/a,N/a,18.9,10.0,1.7,8.3,5.0,1.6,1.0,2.9,1.9,271,542,0.5,44,141,0.312,227,401,0.566,94,126,0.746,0.541,24.8,13.1,6.6,2.0,1.3,3.9,110,113,17.3,0.569,0.26,0.232,22.5,5.2,26.0,15.3,20.5,2.0,2.6,15.1,0.8,1.6,2.4,0.089,0.5,1.4,1.8,1.2,10.2,0.74,0.352,0.279,0.09,0.018,0.26,0.566,0.749,0.437,0.245,0.6,0.312,0.626,0.955,0.127,63,0.298,0.333,0,0,9,91,0,1.4,3.8,66,15,34,11,64,5,426,18,39
Jalen Suggs,ORL,PG,23,35,35,1002,28.6,N/a,N/a,N/a,16.2,4.0,0.7,3.4,3.7,1.5,0.9,2.9,2.8,197,481,0.41,76,242,0.314,121,239,0.506,97,110,0.882,0.489,28.3,7.0,6.4,2.5,1.6,5.1,101,108,14.4,0.536,0.503,0.229,27.5,2.5,14.2,8.1,21.6,2.5,3.2,16.2,-0.7,1.8,1.1,0.052,-0.8,1.3,0.4,0.6,17.7,0.497,0.141,0.164,0.129,0.062,0.503,0.506,0.765,0.43,0.387,0.367,0.314,0.223,0.763,0.008,4,0.145,0.429,91,9,0,0,0,0.4,1.2,55,28,43,8,43,20,296,10,17
Jalen Williams,OKC,SG,23,69,69,2237,32.4,N/a,N/a,N/a,21.6,5.3,0.9,4.5,5.1,1.6,0.7,2.2,2.3,565,1168,0.484,124,340,0.365,441,828,0.533,236,299,0.789,0.537,32.0,7.9,7.6,2.4,1.0,3.2,116,107,20.3,0.573,0.291,0.256,27.5,2.9,14.6,8.8,23.4,2.4,2.1,10.3,3.7,4.1,7.8,0.168,2.7,1.4,4.0,3.4,13.3,0.709,0.201,0.237,0.187,0.084,0.291,0.533,0.723,0.43,0.523,0.388,0.365,0.395,0.782,0.069,70,0.094,0.406,0,11,56,32,1,9.7,-8.0,69,63,77,9,154,19,870,34,59
Jalen Green,HOU,SG,22,82,82,2697,32.9,N/a,N/a,N/a,21.0,4.6,0.5,4.0,3.4,0.9,0.3,2.5,1.5,608,1437,0.423,234,661,0.354,374,776,0.482,273,336,0.813,0.505,31.1,6.8,5.1,1.3,0.5,3.7,110,113,15.1,0.544,0.46,0.234,27.3,1.7,13.4,7.4,16.0,1.3,0.9,11.4,1.9,3.2,5.1,0.092,1.1,-0.5,0.5,1.7,16.3,0.54,0.191,0.175,0.058,0.116,0.46,0.482,0.664,0.418,0.298,0.371,0.354,0.262,0.538,0.046,54,0.107,0.366,27,71,1,0,0,2.0,-7.1,96,85,59,9,151,3,669,31,106
Jalen Duren,DET,C,21,78,78,2034,26.1,N/a,N/a,N/a,11.8,10.3,3.6,6.8,2.7,0.7,1.1,1.7,3.2,378,546,0.692,0,0,N/a,378,546,0.692,162,242,0.669,0.692,21.7,19.1,4.9,1.3,2.1,3.2,134,109,21.4,0.703,0.0,0.443,16.4,15.2,28.7,22.0,14.7,1.3,4.2,17.2,5.9,3.4,9.2,0.218,1.6,1.5,3.1,2.7,2.5,1.0,0.663,0.332,0.004,0.002,0.0,0.692,0.76,0.558,0.5,1.0,N/a,0.624,N/a,0.441,219,N/a,N/a,0,0,0,0,100,1.5,-1.1,71,30,148,30,119,2,480,28,55
Jalen Hood-Schifino,PHI,SG,21,15,0,315,21.0,N/a,N/a,N/a,7.1,1.8,0.2,1.6,2.5,0.3,0.5,1.2,1.7,37,98,0.378,14,46,0.304,23,52,0.442,18,21,0.857,0.449,16.6,4.2,5.8,0.8,1.1,2.8,100,122,7.9,0.494,0.469,0.214,17.3,1.1,9.0,4.9,16.7,0.8,2.2,14.4,-0.2,0.1,-0.1,-0.015,-4.4,-2.5,-6.9,-0.4,16.8,0.531,0.071,0.133,0.194,0.133,0.469,0.442,0.571,0.308,0.526,0.385,0.304,0.304,0.571,0.0,0,0.109,0.6,9,52,38,1,0,-16.0,-10.9,7,9,17,1,8,1,88,1,4
Jamal Murray,DEN,PG,27,67,67,2418,36.1,N/a,N/a,N/a,21.4,3.9,0.7,3.2,6.0,1.4,0.5,2.1,1.9,531,1121,0.474,156,397,0.393,375,724,0.518,218,246,0.886,0.543,28.6,5.2,8.0,1.8,0.7,2.7,120,118,17.8,0.584,0.354,0.219,24.0,2.2,9.3,5.9,23.2,1.8,1.2,10.1,4.6,1.6,6.2,0.123,1.8,-1.0,0.8,1.7,15.6,0.646,0.155,0.175,0.153,0.163,0.354,0.518,0.667,0.485,0.468,0.459,0.393,0.355,0.615,0.012,13,0.093,0.378,56,44,0,0,0,6.5,6.5,96,31,84,5,89,13,958,18,46
Jamal Cain,NOP,SF,25,37,0,502,13.6,N/a,N/a,N/a,5.3,2.3,0.7,1.6,0.6,0.6,0.2,0.6,1.2,68,158,0.43,26,80,0.325,42,78,0.538,34,50,0.68,0.513,18.9,8.2,2.1,2.2,0.9,2.1,109,120,11.4,0.544,0.506,0.316,17.0,5.6,12.8,9.1,6.2,2.2,1.7,10.9,0.1,0.2,0.4,0.036,-2.5,-0.8,-3.4,-0.2,15.4,0.494,0.19,0.215,0.07,0.019,0.506,0.538,0.767,0.471,0.273,0.0,0.325,0.595,0.885,0.044,6,0.488,0.308,0,19,68,13,0,-13.9,-4.8,12,7,23,2,23,2,55,6,0
Jamal Shead,TOR,PG,22,75,11,1467,19.6,N/a,N/a,N/a,7.1,1.5,0.4,1.1,4.2,0.8,0.1,1.6,2.1,204,504,0.405,72,223,0.323,132,281,0.47,53,69,0.768,0.476,17.5,3.8,10.4,1.9,0.3,3.8,104,117,9.9,0.499,0.442,0.137,18.6,2.1,6.4,4.2,29.8,1.9,0.7,18.0,-0.2,1.1,0.8,0.027,-3.2,-0.9,-4.1,-0.8,15.3,0.558,0.169,0.236,0.127,0.026,0.442,0.47,0.624,0.412,0.469,0.0,0.323,0.402,0.875,0.016,5,0.148,0.394,100,0,0,0,0,-7.5,-5.0,84,18,71,6,36,29,773,15,29
James Harden,LAC,PG,35,79,79,2789,35.3,N/a,N/a,N/a,22.8,5.8,0.7,5.1,8.7,1.5,0.7,4.3,2.1,531,1295,0.41,235,668,0.352,296,627,0.472,505,578,0.874,0.501,31.8,8.1,12.1,2.1,1.0,6.0,114,110,20.0,0.582,0.516,0.446,29.6,2.3,16.1,9.3,36.8,2.1,2.0,18.0,4.0,4.3,8.3,0.143,3.5,0.8,4.3,4.4,17.3,0.484,0.106,0.232,0.122,0.024,0.516,0.472,0.657,0.422,0.405,0.484,0.352,0.176,0.37,0.003,4,0.042,0.429,47,53,0,0,0,5.8,4.2,202,97,70,31,238,10,1570,43,65
Jamison Battle,TOR,SF,23,59,10,1042,17.7,N/a,N/a,N/a,7.1,2.7,0.6,2.1,0.9,0.3,0.2,0.5,1.6,149,347,0.429,105,259,0.405,44,88,0.5,16,18,0.889,0.581,19.4,7.3,2.4,0.8,0.5,1.2,118,118,10.7,0.59,0.746,0.052,15.3,3.7,12.8,8.1,7.1,0.8,0.9,7.1,1.0,0.7,1.7,0.079,-0.9,-1.3,-2.3,-0.1,20.4,0.254,0.098,0.075,0.058,0.023,0.746,0.5,0.588,0.385,0.5,0.5,0.405,0.818,0.971,0.02,4,0.394,0.412,0,19,58,22,0,-8.9,-6.3,14,8,42,1,6,6,133,1,14
Jarace Walker,IND,PF,21,75,5,1187,15.8,N/a,N/a,N/a,6.1,3.1,0.3,2.7,1.5,0.7,0.3,1.0,1.5,170,360,0.472,75,185,0.405,95,175,0.543,46,69,0.667,0.576,18.7,9.3,4.5,2.2,1.0,3.2,106,112,11.9,0.59,0.514,0.192,17.1,2.4,19.0,10.8,12.2,2.2,1.9,16.7,0.1,1.5,1.6,0.065,-1.8,0.8,-0.9,0.3,16.4,0.486,0.183,0.192,0.067,0.044,0.514,0.543,0.606,0.478,0.708,0.313,0.405,0.705,0.893,0.081,25,0.227,0.405,0,0,22,69,10,-5.4,-11.0,42,23,60,6,34,4,263,10,10
Jared Rhoden,TOR,SG,25,14,2,227,16.2,N/a,N/a,N/a,8.4,3.0,1.0,2.0,1.1,0.7,0.1,0.6,1.4,42,87,0.483,12,39,0.308,30,48,0.625,22,25,0.88,0.552,25.1,8.9,3.4,2.1,0.4,1.9,122,115,16.4,0.602,0.448,0.287,19.7,6.5,13.5,9.9,10.5,2.1,0.8,8.4,0.4,0.2,0.6,0.131,-0.5,0.0,-0.5,0.1,12.2,0.552,0.425,0.08,0.023,0.023,0.448,0.625,0.73,0.429,0.0,0.0,0.308,0.7,0.75,0.103,9,0.462,0.444,4,44,48,4,0,12.7,18.2,7,1,10,0,12,0,41,1,6
Jared Butler,PHI,SG,24,60,17,1044,17.4,N/a,N/a,N/a,9.0,1.8,0.4,1.4,3.7,0.7,0.2,1.3,1.6,203,453,0.448,60,169,0.355,143,284,0.504,75,91,0.824,0.514,25.2,5.1,10.3,2.0,0.6,3.7,112,120,15.6,0.549,0.373,0.201,23.6,2.5,9.3,5.8,33.8,2.0,1.2,14.0,1.0,0.4,1.4,0.063,0.5,-1.5,-1.0,0.3,13.4,0.627,0.196,0.287,0.119,0.026,0.373,0.504,0.663,0.438,0.407,0.417,0.355,0.259,0.783,0.0,0,0.213,0.472,87,13,0,0,0,-6.3,2.2,59,16,49,2,43,4,510,16,39
Jared McCain,PHI,SG,20,23,8,592,25.7,N/a,N/a,N/a,15.3,2.4,0.6,1.9,2.6,0.7,0.0,1.6,1.6,126,274,0.46,51,133,0.383,75,141,0.532,49,56,0.875,0.553,29.3,4.7,5.0,1.2,0.0,3.1,113,123,15.2,0.589,0.485,0.204,24.7,2.4,8.6,5.4,16.7,1.2,0.0,11.0,0.6,0.1,0.7,0.057,1.8,-1.6,0.2,0.3,16.0,0.515,0.193,0.179,0.106,0.036,0.485,0.532,0.642,0.429,0.448,0.7,0.383,0.32,0.804,0.007,2,0.203,0.333,13,86,1,0,0,-3.1,3.8,16,16,11,3,25,1,140,3,11
Jaren Jackson Jr.,MEM,C,25,74,74,2207,29.8,N/a,N/a,N/a,22.2,5.6,1.2,4.4,2.0,1.2,1.5,2.1,3.5,592,1213,0.488,146,389,0.375,446,824,0.541,311,398,0.781,0.548,34.6,8.8,3.1,1.9,2.4,3.2,115,111,19.6,0.591,0.321,0.328,28.1,4.4,15.5,10.0,10.1,1.9,4.7,9.9,3.2,3.2,6.4,0.139,1.6,0.8,2.3,2.4,13.1,0.679,0.119,0.415,0.134,0.011,0.321,0.541,0.667,0.518,0.509,0.462,0.375,0.451,0.952,0.029,31,0.206,0.4,0,0,0,46,54,6.4,3.4,42,58,136,29,189,11,378,49,87
Jarred Vanderbilt,LAL,PF,25,36,2,581,16.1,N/a,N/a,N/a,4.1,5.1,1.9,3.2,1.1,1.0,0.3,0.8,1.9,59,121,0.488,9,32,0.281,50,89,0.562,20,36,0.556,0.525,12.4,15.4,3.5,3.0,0.8,2.5,115,110,13.2,0.537,0.264,0.298,12.5,13.6,21.5,17.6,9.4,3.0,1.6,17.5,0.5,0.9,1.4,0.114,-2.3,1.3,-1.0,0.2,8.2,0.736,0.554,0.174,0.008,0.0,0.264,0.562,0.672,0.238,0.0,N/a,0.281,0.7,1.0,0.289,30,0.75,0.375,0,0,5,53,43,3.9,2.7,13,6,25,4,14,4,100,2,17
Jarrett Allen,CLE,C,26,82,82,2296,28.0,N/a,N/a,N/a,13.5,9.7,2.6,7.1,1.9,0.9,0.9,1.2,1.5,452,640,0.706,0,5,0.0,452,635,0.712,199,277,0.718,0.706,23.1,16.7,3.3,1.6,1.5,2.0,142,108,22.1,0.724,0.008,0.433,15.9,10.5,26.7,18.8,9.5,1.6,2.9,11.3,7.6,4.0,11.6,0.243,3.0,1.2,4.2,3.6,3.6,0.992,0.594,0.342,0.05,0.006,0.008,0.712,0.813,0.584,0.469,0.0,0.0,0.825,N/a,0.272,159,0.4,0.0,0,0,0,0,100,11.2,3.4,47,24,77,16,126,13,382,29,47
Javonte Green,CLE,SG,31,68,19,1258,18.5,N/a,N/a,N/a,5.1,3.2,0.9,2.3,0.8,1.0,0.5,0.5,1.4,123,287,0.429,46,141,0.326,77,146,0.527,55,76,0.724,0.509,13.3,8.4,2.2,2.5,1.2,1.2,114,117,10.7,0.541,0.491,0.265,11.8,5.0,13.9,9.4,5.9,2.5,2.4,9.1,0.7,0.9,1.6,0.063,-2.8,0.5,-2.3,-0.1,14.1,0.509,0.317,0.16,0.024,0.007,0.491,0.527,0.692,0.283,0.143,0.0,0.326,0.636,1.0,0.077,18,0.475,0.328,15,49,35,1,0,-7.3,-0.4,14,9,59,5,40,5,132,13,14
Jaxson Hayes,LAL,C,24,56,35,1093,19.5,N/a,N/a,N/a,6.8,4.8,1.4,3.4,1.0,0.6,0.9,0.8,2.4,161,223,0.722,0,3,0.0,161,220,0.732,61,98,0.622,0.722,17.2,12.1,2.6,1.4,2.3,1.9,135,112,15.8,0.72,0.013,0.439,12.4,8.3,19.1,13.9,7.5,1.4,4.4,13.9,2.3,1.4,3.7,0.162,-1.6,1.3,-0.3,0.5,2.9,0.987,0.664,0.309,0.013,0.0,0.013,0.732,0.838,0.522,0.333,N/a,0.0,0.857,N/a,0.578,120,0.333,0.0,0,0,0,0,100,3.9,3.1,14,6,95,19,47,7,152,12,11
Jay Huff,MEM,C,26,64,2,748,11.7,N/a,N/a,N/a,6.9,2.0,0.5,1.5,0.6,0.3,0.9,0.5,1.2,157,305,0.515,81,200,0.405,76,105,0.724,44,56,0.786,0.648,27.3,8.0,2.4,1.0,3.5,2.1,126,112,18.2,0.666,0.656,0.184,19.6,4.3,13.9,9.1,7.0,1.0,6.9,9.3,1.6,1.0,2.5,0.162,2.5,1.0,3.5,1.1,17.9,0.344,0.223,0.089,0.013,0.02,0.656,0.724,0.838,0.667,0.25,0.0,0.405,0.842,0.988,0.177,47,0.25,0.36,0,0,0,4,96,1.5,-4.3,9,15,55,1,22,2,94,4,8
Jaylen Brown,BOS,SF,28,63,63,2158,34.3,N/a,N/a,N/a,22.2,5.8,1.3,4.5,4.5,1.2,0.3,2.6,2.4,518,1118,0.463,116,358,0.324,402,760,0.529,246,322,0.764,0.515,32.5,8.6,6.6,1.7,0.4,3.8,112,112,17.8,0.555,0.32,0.288,28.9,4.1,14.4,9.3,21.4,1.7,0.8,11.4,2.3,2.9,5.2,0.115,0.4,-0.4,0.0,1.1,13.4,0.68,0.197,0.265,0.145,0.073,0.32,0.529,0.75,0.456,0.407,0.439,0.324,0.386,0.724,0.045,43,0.184,0.439,0,26,70,4,0,8.8,-0.5,57,74,68,23,160,11,727,42,68
Jaylen Clark,MIN,SG,23,40,4,522,13.1,N/a,N/a,N/a,4.1,1.3,0.7,0.7,0.7,0.9,0.1,0.2,1.5,56,120,0.467,22,51,0.431,34,69,0.493,29,37,0.784,0.558,15.4,5.0,2.5,3.4,0.2,0.8,130,111,12.0,0.598,0.425,0.308,12.0,5.6,5.6,5.6,6.7,3.4,0.4,5.5,0.9,0.7,1.6,0.147,-2.9,2.7,-0.2,0.2,13.4,0.575,0.3,0.217,0.05,0.008,0.425,0.493,0.528,0.462,0.5,0.0,0.431,0.559,1.0,0.025,2,0.549,0.429,3,51,44,2,0,4.6,-0.5,3,1,35,2,16,7,61,0,10
Jaylen Martin,WAS,SF,21,16,0,239,14.9,N/a,N/a,N/a,4.9,2.8,0.7,2.1,1.1,0.6,0.0,0.8,0.9,31,74,0.419,7,23,0.304,24,51,0.471,9,10,0.9,0.466,15.5,8.8,3.4,1.8,0.0,2.4,99,120,9.1,0.497,0.311,0.135,15.9,4.8,14.4,9.6,10.3,1.8,0.0,13.3,-0.1,0.1,0.0,-0.004,-4.5,-1.9,-6.3,-0.3,13.0,0.689,0.23,0.351,0.095,0.014,0.311,0.471,0.765,0.385,0.143,0.0,0.304,0.667,1.0,0.068,4,0.304,0.143,0,3,63,34,1,-25.7,-14.4,8,4,8,0,5,1,42,2,5
Jaylen Wells,MEM,SG,21,79,74,2043,25.9,N/a,N/a,N/a,10.4,3.4,1.1,2.3,1.7,0.6,0.1,0.9,1.8,287,676,0.425,138,392,0.352,149,284,0.525,111,135,0.822,0.527,18.7,6.1,3.1,1.0,0.2,1.6,117,118,10.5,0.56,0.58,0.2,15.9,4.6,9.3,6.9,8.4,1.0,0.4,8.6,2.1,1.4,3.5,0.083,-1.2,-1.0,-2.2,-0.1,17.4,0.42,0.142,0.163,0.059,0.056,0.58,0.525,0.729,0.382,0.625,0.316,0.352,0.658,0.906,0.036,20,0.38,0.369,0,20,72,8,0,4.1,-1.8,25,30,60,3,57,41,320,15,33
Jaylin Williams,OKC,PF,22,47,9,784,16.7,N/a,N/a,N/a,5.9,5.6,1.0,4.6,2.6,0.5,0.6,0.7,1.7,97,221,0.439,61,153,0.399,36,68,0.529,23,30,0.767,0.577,17.0,16.0,7.3,1.3,1.8,2.1,127,104,16.4,0.594,0.692,0.136,14.6,6.7,28.7,17.9,19.0,1.3,3.7,13.0,1.5,1.7,3.3,0.199,1.5,2.7,4.3,1.2,19.7,0.308,0.149,0.086,0.059,0.014,0.692,0.529,0.606,0.526,0.385,0.333,0.399,0.639,0.967,0.059,9,0.144,0.636,0,0,1,26,74,18.8,7.1,21,5,53,7,12,16,294,4,5
Jaylon Tyson,CLE,SG,22,47,3,453,9.6,N/a,N/a,N/a,3.6,2.0,0.8,1.3,0.9,0.3,0.1,0.6,1.1,64,149,0.43,20,58,0.345,44,91,0.484,19,24,0.792,0.497,17.7,10.2,4.7,1.4,0.3,2.8,111,114,11.1,0.523,0.389,0.161,17.4,9.1,13.7,11.5,12.4,1.4,0.6,14.0,0.3,0.5,0.8,0.083,-2.4,-0.2,-2.7,-0.1,12.4,0.611,0.302,0.242,0.054,0.013,0.389,0.484,0.533,0.444,0.375,0.5,0.345,0.477,0.85,0.047,5,0.448,0.346,3,25,42,30,0,0.1,-10.9,9,13,21,0,11,2,107,2,11
Jayson Tatum,BOS,PF,26,72,72,2624,36.4,N/a,N/a,N/a,26.8,8.7,0.7,8.0,6.0,1.1,0.5,2.9,2.2,662,1465,0.452,250,728,0.343,412,737,0.559,358,440,0.814,0.537,36.9,11.9,8.2,1.5,0.7,4.0,117,110,21.7,0.582,0.497,0.3,31.2,2.0,23.7,12.9,27.0,1.5,1.3,11.2,5.3,4.2,9.5,0.174,4.4,0.8,5.2,4.8,17.1,0.503,0.182,0.149,0.089,0.083,0.497,0.559,0.782,0.479,0.359,0.43,0.343,0.35,0.46,0.059,79,0.059,0.419,0,8,46,45,0,9.2,0.5,104,69,54,25,177,6,1118,37,56
Jeff Green,HOU,PF,38,32,3,396,12.4,N/a,N/a,N/a,5.4,1.8,0.3,1.5,0.6,0.2,0.1,0.3,1.0,61,121,0.504,29,79,0.367,32,42,0.762,21,26,0.808,0.624,21.1,7.1,2.5,0.7,0.5,1.1,134,114,13.6,0.649,0.653,0.215,14.7,2.9,12.9,7.8,7.0,0.7,0.9,6.4,0.9,0.4,1.3,0.159,0.3,0.0,0.4,0.2,18.5,0.347,0.124,0.099,0.091,0.033,0.653,0.762,0.8,0.75,0.636,1.0,0.367,0.531,0.966,0.074,9,0.506,0.4,0,1,21,60,19,-4.6,-9.8,4,2,25,1,13,2,50,2,2
Jeff Dowtin Jr.,PHI,PG,27,41,3,621,15.1,N/a,N/a,N/a,7.0,1.5,0.3,1.2,1.9,0.6,0.3,0.4,0.7,112,230,0.487,28,70,0.4,84,160,0.525,33,45,0.733,0.548,22.6,4.8,6.2,1.9,1.0,1.2,122,120,16.1,0.57,0.304,0.196,18.6,2.1,9.1,5.5,19.6,1.9,1.9,5.7,1.1,0.3,1.3,0.103,0.7,-0.5,0.2,0.3,13.5,0.696,0.209,0.217,0.187,0.083,0.304,0.525,0.604,0.44,0.628,0.316,0.4,0.298,0.607,0.004,1,0.2,0.5,100,1,0,0,0,-8.7,-2.7,9,3,11,1,22,1,196,7,12
Jerami Grant,POR,PF,30,47,47,1524,32.4,N/a,N/a,N/a,14.4,3.5,0.6,2.9,2.1,0.9,1.0,1.4,2.3,214,574,0.373,108,296,0.365,106,278,0.381,141,166,0.849,0.467,21.6,5.2,3.2,1.3,1.5,2.1,109,117,10.9,0.523,0.516,0.289,19.4,1.8,10.0,5.8,9.5,1.3,2.7,9.1,0.6,1.2,1.8,0.057,-1.4,-0.3,-1.6,0.1,16.0,0.484,0.197,0.166,0.073,0.049,0.516,0.381,0.504,0.284,0.333,0.286,0.365,0.519,0.963,0.035,12,0.368,0.367,0,0,62,35,4,-6.3,-4.9,31,22,46,6,72,8,245,13,42
Jeremiah Robinson-Earl,NOP,PF,24,66,9,1239,18.8,N/a,N/a,N/a,6.3,4.8,1.7,3.1,1.3,0.6,0.1,0.8,1.2,158,347,0.455,56,164,0.341,102,183,0.557,46,55,0.836,0.536,16.3,12.3,3.4,1.5,0.3,2.0,117,120,12.9,0.563,0.473,0.159,14.4,9.3,18.4,13.7,9.9,1.5,0.5,12.1,1.3,0.5,1.7,0.067,-0.9,-1.6,-2.5,-0.2,14.0,0.527,0.294,0.135,0.066,0.032,0.473,0.557,0.686,0.362,0.391,0.545,0.341,0.696,0.964,0.026,8,0.543,0.427,0,0,2,76,22,-12.3,-3.8,25,18,50,2,25,2,220,4,18
Jeremy Sochan,SAS,PF,21,54,23,1364,25.3,N/a,N/a,N/a,11.4,6.5,2.4,4.2,2.4,0.8,0.5,1.6,2.4,251,469,0.535,28,91,0.308,223,378,0.59,87,125,0.696,0.565,21.9,12.5,4.5,1.6,1.0,3.0,116,117,15.9,0.589,0.194,0.267,19.0,10.0,17.7,13.8,13.7,1.6,1.8,13.8,1.7,1.1,2.7,0.096,-0.8,-0.4,-1.2,0.3,7.4,0.806,0.546,0.207,0.038,0.015,0.194,0.59,0.707,0.361,0.333,0.143,0.308,0.744,0.964,0.196,77,0.385,0.314,0,0,0,59,41,-2.7,0.5,32,26,48,16,61,3,309,17,46
Jericho Sims,MIL,C,26,53,5,632,11.9,N/a,N/a,N/a,1.8,3.7,1.3,2.4,0.6,0.2,0.4,0.6,1.2,45,71,0.634,0,0,N/a,45,71,0.634,8,13,0.615,0.634,7.6,15.3,2.6,0.8,1.5,2.6,121,113,10.0,0.639,0.0,0.183,7.6,12.9,22.0,17.6,6.4,0.8,2.8,30.1,0.5,0.7,1.3,0.096,-3.1,0.1,-3.0,-0.2,2.5,1.0,0.718,0.239,0.042,0.0,0.0,0.634,0.725,0.412,0.333,N/a,N/a,0.8,N/a,0.577,35,N/a,N/a,0,0,0,7,93,3.0,-0.6,7,12,36,11,5,1,84,1,9
Jett Howard,ORL,SF,21,60,0,701,11.7,N/a,N/a,N/a,4.5,1.2,0.3,0.8,0.7,0.2,0.2,0.6,1.1,98,262,0.374,55,186,0.296,43,76,0.566,16,23,0.696,0.479,19.0,5.0,3.1,0.9,0.8,2.6,97,114,7.1,0.491,0.71,0.088,19.2,3.1,8.6,5.7,9.6,0.9,1.5,11.7,-0.6,0.8,0.1,0.01,-4.1,-1.2,-5.3,-0.6,20.8,0.29,0.103,0.092,0.027,0.069,0.71,0.566,0.741,0.458,0.714,0.389,0.296,0.488,0.909,0.027,3,0.247,0.37,0,25,48,25,2,-7.2,-8.1,22,7,38,3,10,0,107,2,6
Jevon Carter,CHI,PG,29,36,1,321,8.9,N/a,N/a,N/a,4.3,1.1,0.1,1.0,1.1,0.4,0.1,0.3,0.4,55,146,0.377,35,105,0.333,20,41,0.488,8,10,0.8,0.497,22.2,5.7,5.8,1.9,0.4,1.6,107,117,12.2,0.509,0.719,0.068,21.0,1.3,11.2,6.4,17.2,1.9,0.8,6.8,0.1,0.3,0.3,0.046,-1.0,-1.1,-2.1,0.0,20.3,0.281,0.103,0.082,0.068,0.027,0.719,0.488,0.533,0.417,0.5,0.5,0.333,0.6,0.743,0.007,1,0.238,0.4,90,10,0,0,0,2.2,3.7,4,6,8,0,5,0,93,2,4
Jimmy Butler,GSW,SF,35,55,55,1746,31.7,N/a,N/a,N/a,17.5,5.4,2.3,3.1,5.4,1.4,0.3,1.3,0.9,301,597,0.504,32,104,0.308,269,493,0.546,330,392,0.842,0.531,27.2,8.3,8.4,2.2,0.5,2.1,136,113,22.4,0.626,0.174,0.657,20.8,7.7,10.8,9.2,25.5,2.2,1.0,8.8,6.6,2.0,8.7,0.238,4.0,1.0,4.9,3.0,9.0,0.826,0.317,0.335,0.127,0.047,0.174,0.546,0.741,0.43,0.487,0.214,0.308,0.554,0.875,0.092,52,0.5,0.385,0,1,43,57,0,6.5,5.6,44,18,29,8,177,5,780,37,50
Jock Landale,HOU,C,29,42,3,500,11.9,N/a,N/a,N/a,4.8,3.3,1.3,1.9,0.9,0.3,0.2,0.5,1.2,81,152,0.533,11,26,0.423,70,126,0.556,27,40,0.675,0.569,19.5,13.3,3.6,1.3,1.0,2.0,126,111,16.0,0.59,0.171,0.263,15.7,11.7,17.6,14.6,10.3,1.3,1.8,11.0,1.0,0.7,1.7,0.159,0.0,0.4,0.4,0.3,9.2,0.829,0.355,0.289,0.132,0.053,0.171,0.556,0.648,0.545,0.35,0.5,0.423,0.629,0.909,0.105,15,0.077,0.0,0,0,0,0,100,-2.4,-7.6,6,7,32,6,21,3,92,6,17
Joel Embiid,PHI,C,30,19,19,574,30.2,N/a,N/a,N/a,23.8,8.2,1.9,6.3,4.5,0.7,0.9,3.3,2.2,140,315,0.444,23,77,0.299,117,238,0.492,149,169,0.882,0.481,38.8,13.3,7.3,1.2,1.5,5.3,114,116,23.4,0.58,0.244,0.537,34.2,6.8,24.5,15.3,25.6,1.2,3.1,13.7,0.9,0.5,1.4,0.118,3.7,-0.3,3.5,0.8,13.5,0.756,0.194,0.194,0.203,0.165,0.244,0.492,0.623,0.508,0.422,0.404,0.299,0.538,0.957,0.016,5,0.0,N/a,0,0,0,0,100,-5.4,1.2,25,22,21,11,77,1,207,13,14
John Konchar,MEM,SG,28,46,4,558,12.1,N/a,N/a,N/a,2.4,3.3,0.8,2.5,0.9,0.7,0.3,0.3,0.7,41,91,0.451,23,62,0.371,18,29,0.621,7,8,0.875,0.577,9.3,12.6,3.5,2.5,1.2,1.3,128,110,12.1,0.592,0.681,0.088,8.0,7.1,21.4,14.3,8.8,2.5,2.3,14.5,0.6,0.9,1.5,0.131,-0.7,2.3,1.7,0.5,18.0,0.319,0.22,0.066,0.033,0.0,0.681,0.621,0.7,0.5,0.333,N/a,0.371,0.667,1.0,0.011,1,0.5,0.387,6,60,32,2,0,7.0,2.5,8,6,21,1,5,1,101,2,5
John Collins,UTA,PF,27,40,31,1220,30.5,N/a,N/a,N/a,19.0,8.2,2.2,6.0,2.0,1.0,1.0,2.6,2.9,280,531,0.527,59,148,0.399,221,383,0.577,139,164,0.848,0.583,29.8,12.9,3.1,1.5,1.6,4.1,116,118,19.0,0.628,0.279,0.309,24.2,7.9,20.9,14.4,10.8,1.5,3.1,14.6,1.7,0.8,2.5,0.098,1.4,-0.4,1.0,0.9,11.0,0.721,0.234,0.371,0.066,0.051,0.279,0.577,0.702,0.548,0.343,0.519,0.399,0.647,0.966,0.13,66,0.385,0.439,0,0,43,55,3,-0.3,12.8,36,34,60,21,83,3,198,23,54
Johnny Juzang,UTA,SG,23,64,18,1270,19.8,N/a,N/a,N/a,8.9,2.9,0.7,2.2,1.1,0.6,0.1,0.6,2.0,204,475,0.429,118,314,0.376,86,161,0.534,45,53,0.849,0.554,21.6,7.0,2.6,1.5,0.3,1.4,117,122,11.8,0.573,0.661,0.112,17.6,3.6,12.0,7.8,7.9,1.5,0.6,6.7,1.3,0.3,1.6,0.06,-0.9,-1.4,-2.3,-0.1,19.2,0.339,0.072,0.16,0.069,0.038,0.661,0.534,0.676,0.513,0.424,0.556,0.376,0.605,0.89,0.006,3,0.395,0.419,1,34,59,6,0,-13.2,-5.9,15,13,81,4,21,4,171,7,15
Johnny Davis,WAS,SG,22,34,0,242,7.1,N/a,N/a,N/a,2.4,1.1,0.3,0.8,0.3,0.4,0.2,0.2,0.5,32,78,0.41,7,29,0.241,25,49,0.51,9,15,0.6,0.455,15.7,7.5,2.2,2.9,1.2,1.4,99,117,10.2,0.473,0.372,0.192,15.9,4.3,12.1,8.2,6.6,2.9,2.2,7.6,-0.1,0.2,0.1,0.01,-3.5,0.7,-2.8,0.0,12.8,0.628,0.295,0.218,0.09,0.026,0.372,0.51,0.652,0.412,0.286,0.5,0.241,0.68,1.0,0.103,6,0.345,0.2,6,67,27,0,0,-5.0,7.6,3,2,10,0,6,2,27,0,3
Johnny Furphy,IND,SG,20,50,0,379,7.6,N/a,N/a,N/a,2.1,1.4,0.5,1.0,0.4,0.4,0.2,0.2,0.8,35,92,0.38,15,50,0.3,20,42,0.476,18,22,0.818,0.462,13.1,9.0,2.4,2.3,1.4,1.5,108,113,9.8,0.506,0.543,0.239,13.0,6.8,14.0,10.4,6.2,2.3,2.6,10.6,0.1,0.5,0.5,0.07,-3.0,0.6,-2.5,0.0,15.3,0.457,0.261,0.174,0.0,0.022,0.543,0.476,0.667,0.25,N/a,0.0,0.3,0.85,0.933,0.098,8,0.44,0.364,3,59,38,0,0,2.6,0.3,4,5,21,2,7,2,44,4,11
Jonas Valančiūnas,SAC,C,32,81,21,1524,18.8,N/a,N/a,N/a,10.4,7.7,2.3,5.4,2.0,0.5,0.6,1.5,2.2,345,627,0.55,8,37,0.216,337,590,0.571,145,165,0.879,0.557,26.6,19.8,5.2,1.2,1.4,3.8,118,114,20.8,0.602,0.059,0.263,22.8,13.3,30.7,22.0,17.6,1.2,2.8,14.6,2.6,1.7,4.3,0.137,0.8,-0.1,0.6,1.0,7.3,0.941,0.319,0.4,0.129,0.093,0.059,0.571,0.67,0.578,0.42,0.414,0.216,0.573,1.0,0.07,40,0.081,0.0,0,0,0,0,100,-9.7,-2.9,42,33,97,36,79,2,388,16,39
Jonathan Isaac,ORL,PF,27,71,1,1090,15.4,N/a,N/a,N/a,5.4,4.4,1.7,2.7,0.6,0.9,1.1,0.5,1.3,134,324,0.414,39,151,0.258,95,173,0.549,73,107,0.682,0.474,17.4,14.4,1.8,2.8,3.7,1.5,113,103,16.6,0.512,0.466,0.33,16.2,12.0,21.5,16.5,5.5,2.8,7.0,8.2,0.8,2.5,3.4,0.148,-1.1,1.8,0.7,0.7,14.1,0.534,0.324,0.068,0.096,0.046,0.466,0.549,0.676,0.5,0.323,0.2,0.258,0.547,1.0,0.16,44,0.636,0.302,0,0,6,77,17,-1.6,-1.6,12,8,54,10,40,1,91,8,14
Jonathan Mogbo,TOR,PF,23,63,18,1286,20.4,N/a,N/a,N/a,6.2,4.9,1.7,3.2,2.3,0.9,0.5,1.1,2.2,156,356,0.438,17,70,0.243,139,286,0.486,60,82,0.732,0.462,14.6,11.6,5.5,2.1,1.3,2.6,108,113,11.9,0.496,0.197,0.23,15.0,8.9,17.3,13.0,15.3,2.1,2.5,15.1,0.3,1.6,1.9,0.071,-2.9,1.0,-1.9,0.0,8.6,0.803,0.461,0.233,0.073,0.037,0.197,0.486,0.634,0.277,0.346,0.231,0.243,0.712,1.0,0.216,66,0.443,0.323,0,0,0,42,57,-9.3,-7.3,38,17,75,9,44,5,346,12,31
Jonathan Kuminga,GSW,PF,22,47,10,1144,24.3,N/a,N/a,N/a,15.3,4.6,1.2,3.4,2.2,0.8,0.4,1.5,1.9,258,568,0.454,46,151,0.305,212,417,0.508,157,235,0.668,0.495,30.6,9.2,4.4,1.6,0.9,3.0,108,112,15.7,0.535,0.266,0.414,27.4,5.1,15.6,10.2,14.6,1.6,1.7,9.6,0.5,1.5,1.9,0.08,-0.5,-0.1,-0.6,0.4,11.3,0.734,0.22,0.371,0.113,0.03,0.266,0.508,0.736,0.455,0.328,0.176,0.305,0.519,0.891,0.095,48,0.305,0.283,0,0,7,61,32,0.7,-3.9,34,24,39,9,113,4,266,11,48
Jordan Clarkson,UTA,SG,32,37,9,962,26.0,N/a,N/a,N/a,16.2,3.2,0.7,2.5,3.7,0.8,0.2,2.3,1.4,201,493,0.408,84,232,0.362,117,261,0.448,114,143,0.797,0.493,29.9,5.9,6.9,1.5,0.4,4.3,107,122,14.5,0.54,0.471,0.29,27.8,2.8,10.4,6.6,22.9,1.5,0.9,13.4,0.2,0.2,0.4,0.021,0.6,-2.1,-1.5,0.1,16.6,0.529,0.073,0.302,0.12,0.034,0.471,0.448,0.667,0.389,0.492,0.353,0.362,0.282,0.69,0.006,3,0.103,0.5,3,78,18,0,0,-10.2,-1.4,37,34,24,6,58,2,333,14,37
Jordan McLaughlin,SAS,PG,28,46,0,314,6.8,N/a,N/a,N/a,2.1,0.7,0.1,0.5,1.1,0.3,0.0,0.3,0.4,31,72,0.431,19,46,0.413,12,26,0.462,17,22,0.773,0.563,15.2,4.7,7.9,2.5,0.2,2.5,122,118,12.3,0.6,0.639,0.306,13.3,2.1,8.5,5.3,21.0,2.5,0.3,16.4,0.4,0.2,0.6,0.098,-1.6,0.0,-1.6,0.0,19.5,0.361,0.097,0.139,0.083,0.042,0.639,0.462,0.571,0.4,0.333,0.667,0.413,0.417,0.684,0.0,0,0.283,0.231,96,4,0,0,0,8.0,9.1,10,6,12,0,6,6,126,2,4
Jordan Goodwin,LAL,PG,26,29,5,543,18.7,N/a,N/a,N/a,5.6,3.9,1.3,2.6,1.4,1.0,0.4,0.9,1.5,63,144,0.438,26,68,0.382,37,76,0.487,9,11,0.818,0.528,14.6,10.1,3.8,2.7,1.0,2.4,111,112,12.1,0.541,0.472,0.076,14.1,8.1,14.9,11.6,10.5,2.7,1.9,14.9,0.2,0.7,1.0,0.084,-1.7,0.8,-0.8,0.2,15.6,0.528,0.146,0.215,0.118,0.049,0.472,0.487,0.571,0.484,0.412,0.429,0.382,0.459,0.962,0.0,0,0.456,0.419,59,41,0,0,0,-1.0,-3.1,15,8,26,2,2,4,103,1,7
Jordan Miller,LAC,SF,25,37,0,420,11.4,N/a,N/a,N/a,4.1,1.6,0.6,0.9,0.9,0.5,0.1,0.7,0.7,58,134,0.433,8,38,0.211,50,96,0.521,28,35,0.8,0.463,17.8,6.8,4.0,2.0,0.6,3.0,103,112,10.5,0.509,0.284,0.261,18.2,6.3,9.3,7.8,11.2,2.0,1.2,14.8,-0.1,0.5,0.4,0.049,-3.0,0.2,-2.8,-0.1,10.2,0.716,0.313,0.343,0.06,0.0,0.284,0.521,0.619,0.457,0.375,N/a,0.211,0.48,1.0,0.052,6,0.289,0.182,0,2,64,33,1,-6.1,-11.9,13,9,14,4,14,0,81,2,12
Jordan Poole,WAS,SG,25,68,68,2001,29.4,N/a,N/a,N/a,20.5,3.0,0.5,2.5,4.5,1.3,0.4,3.0,3.0,457,1057,0.432,235,622,0.378,222,435,0.51,242,274,0.883,0.544,33.1,4.8,7.2,2.0,0.6,4.9,109,120,16.6,0.591,0.588,0.259,29.0,1.6,9.0,5.3,25.6,2.0,1.2,14.8,1.2,0.8,2.0,0.047,2.0,-1.6,0.4,1.2,18.8,0.412,0.166,0.156,0.056,0.034,0.588,0.51,0.703,0.412,0.271,0.417,0.378,0.347,0.574,0.01,10,0.087,0.333,32,60,9,0,0,-13.7,-3.2,103,62,84,16,102,21,715,17,68
Jordan Hawkins,NOP,SG,22,56,9,1321,23.6,N/a,N/a,N/a,10.8,2.8,0.4,2.4,1.2,0.5,0.4,1.0,0.9,207,556,0.372,110,332,0.331,97,224,0.433,80,98,0.816,0.471,22.1,5.8,2.4,1.1,0.8,2.1,101,123,9.6,0.504,0.597,0.176,21.0,2.0,11.2,6.5,7.3,1.1,1.7,8.8,-0.7,0.1,-0.5,-0.02,-2.4,-3.0,-5.4,-1.2,19.3,0.403,0.092,0.092,0.119,0.101,0.597,0.433,0.549,0.353,0.5,0.321,0.331,0.629,0.909,0.036,16,0.232,0.403,6,50,39,5,0,-12.5,-4.3,23,22,30,3,33,6,158,4,26
Jordan Walsh,BOS,PF,20,52,1,403,7.8,N/a,N/a,N/a,1.6,1.3,0.4,0.9,0.4,0.2,0.2,0.3,0.6,30,83,0.361,15,55,0.273,15,28,0.536,7,12,0.583,0.452,10.2,8.6,2.4,1.5,1.4,2.1,99,112,6.9,0.464,0.663,0.145,11.5,6.2,12.4,9.3,6.0,1.5,2.5,16.1,-0.2,0.5,0.4,0.044,-4.4,0.5,-3.9,-0.2,17.7,0.337,0.193,0.145,0.0,0.0,0.663,0.536,0.688,0.333,N/a,N/a,0.273,0.467,1.0,0.084,4,0.418,0.217,1,33,49,17,0,3.8,-5.9,8,4,14,0,6,2,50,2,3
Jose Alvarado,NOP,PG,26,56,23,1366,24.4,N/a,N/a,N/a,10.3,2.4,0.5,1.9,4.6,1.3,0.3,1.5,1.6,204,521,0.392,111,309,0.359,93,212,0.439,60,74,0.811,0.498,20.5,4.8,9.2,2.6,0.5,3.0,110,120,13.4,0.523,0.593,0.142,19.8,2.1,8.9,5.4,27.3,2.6,1.0,13.4,0.7,0.5,1.2,0.043,-0.6,-0.8,-1.4,0.2,17.9,0.407,0.136,0.177,0.081,0.013,0.593,0.439,0.563,0.348,0.452,0.286,0.359,0.376,0.703,0.0,0,0.207,0.359,100,0,0,0,0,-9.2,0.7,64,17,31,1,33,16,597,9,24
Josh Hart,NYK,SG,29,77,77,2897,37.6,N/a,N/a,N/a,13.6,9.6,2.1,7.5,5.9,1.5,0.4,2.1,2.6,404,770,0.525,84,252,0.333,320,518,0.618,159,205,0.776,0.579,18.0,12.6,7.8,2.0,0.5,2.7,125,112,16.5,0.611,0.327,0.266,15.3,6.4,22.6,14.6,20.7,2.0,0.9,15.5,5.4,3.8,9.2,0.153,1.1,1.8,2.8,3.6,11.3,0.673,0.408,0.162,0.066,0.036,0.327,0.618,0.732,0.44,0.412,0.5,0.333,0.613,0.869,0.03,21,0.258,0.308,0,66,31,3,0,3.6,-2.1,99,35,109,4,102,12,1095,28,59
Josh Okogie,CHO,SG,26,40,7,625,15.6,N/a,N/a,N/a,7.1,2.8,1.1,1.7,0.8,1.2,0.5,0.8,1.2,94,212,0.443,32,92,0.348,62,120,0.517,63,85,0.741,0.519,22.3,8.9,2.6,3.8,1.4,2.4,114,113,16.3,0.567,0.434,0.401,19.5,8.0,11.8,9.9,7.9,3.8,2.8,11.1,0.6,0.7,1.3,0.1,-0.1,1.6,1.5,0.6,13.2,0.566,0.283,0.25,0.028,0.005,0.434,0.517,0.733,0.302,0.333,0.0,0.348,0.629,1.0,0.08,14,0.522,0.396,1,38,55,6,0,1.2,7.4,18,7,24,2,45,8,82,9,21
Josh Green,CHO,SG,24,68,67,1887,27.8,N/a,N/a,N/a,7.4,2.5,0.8,1.7,1.6,1.1,0.2,1.0,2.4,180,421,0.428,97,248,0.391,83,173,0.48,49,72,0.681,0.543,13.2,4.5,2.8,1.9,0.4,1.8,109,119,7.8,0.559,0.589,0.171,11.8,3.1,6.7,4.9,8.2,1.9,0.8,13.4,0.4,1.0,1.5,0.037,-4.5,0.2,-4.3,-1.1,16.8,0.411,0.185,0.128,0.064,0.033,0.589,0.48,0.615,0.407,0.296,0.357,0.391,0.614,0.979,0.04,17,0.609,0.411,1,50,45,4,0,-9.3,0.1,42,11,65,13,31,21,262,5,26
Josh Giddey,CHI,PG,22,70,69,2117,30.2,N/a,N/a,N/a,14.6,8.1,1.8,6.3,7.2,1.2,0.6,2.9,1.7,371,798,0.465,105,278,0.378,266,520,0.512,175,224,0.781,0.531,22.5,12.5,11.1,1.9,1.0,4.5,115,113,18.1,0.57,0.348,0.281,21.7,6.4,21.4,14.0,32.9,1.9,1.8,18.4,2.8,2.5,5.3,0.121,1.9,1.1,3.0,2.7,12.3,0.652,0.277,0.276,0.076,0.023,0.348,0.512,0.584,0.5,0.377,0.222,0.378,0.414,0.895,0.013,9,0.277,0.39,70,29,1,0,0,-1.0,0.4,140,44,78,4,107,4,1223,21,66
Josh Minott,MIN,SF,22,46,0,276,6.0,N/a,N/a,N/a,2.6,1.0,0.3,0.8,0.4,0.3,0.3,0.2,0.7,44,90,0.489,14,43,0.326,30,47,0.638,17,19,0.895,0.567,21.3,8.4,3.2,2.7,2.1,2.0,121,108,15.5,0.605,0.478,0.211,17.2,4.9,13.8,9.4,9.5,2.7,4.0,10.1,0.4,0.5,0.9,0.153,-0.7,2.9,2.2,0.3,12.9,0.522,0.422,0.089,0.011,0.0,0.478,0.638,0.658,0.625,0.0,N/a,0.326,0.7,1.0,0.178,15,0.605,0.346,0,6,57,37,0,-1.2,-6.8,7,2,18,1,7,1,45,1,6
Jrue Holiday,BOS,PG,34,62,62,1896,30.6,N/a,N/a,N/a,11.1,4.3,1.2,3.0,3.9,1.1,0.4,1.2,1.6,254,573,0.443,108,306,0.353,146,267,0.547,70,77,0.909,0.538,18.1,7.0,6.3,1.7,0.7,2.0,121,113,13.5,0.565,0.534,0.134,15.8,4.4,10.8,7.6,17.3,1.7,1.3,11.3,2.8,2.4,5.1,0.13,-0.3,1.0,0.7,1.3,16.2,0.466,0.164,0.209,0.07,0.023,0.534,0.547,0.723,0.458,0.45,0.385,0.353,0.493,0.861,0.003,1,0.314,0.302,66,34,0,0,0,8.7,-0.7,50,17,52,2,30,10,596,7,23
JT Thor,WAS,PF,22,20,0,249,12.5,N/a,N/a,N/a,3.6,2.4,1.0,1.4,0.3,0.4,0.5,0.5,0.9,25,59,0.424,6,21,0.286,19,38,0.5,15,22,0.682,0.475,13.6,9.2,1.1,1.5,1.7,1.7,106,118,10.0,0.517,0.356,0.373,13.1,8.4,11.8,10.1,3.3,1.5,3.2,11.6,0.0,0.2,0.2,0.033,-4.3,-1.1,-5.4,-0.2,14.0,0.644,0.237,0.203,0.153,0.051,0.356,0.5,0.714,0.417,0.333,0.333,0.286,0.632,1.0,0.102,5,0.476,0.1,0,0,1,76,23,-19.9,-11.8,5,2,10,1,11,0,17,0,4
Julian Champagnie,SAS,SF,23,82,29,1932,23.6,N/a,N/a,N/a,9.9,3.9,0.8,3.1,1.4,0.7,0.4,0.9,1.4,276,665,0.415,178,480,0.371,98,185,0.53,85,94,0.904,0.549,20.4,8.0,2.8,1.5,0.9,1.9,113,118,12.2,0.577,0.722,0.141,17.2,3.7,13.9,8.8,7.9,1.5,1.6,9.5,1.3,1.2,2.5,0.062,-0.3,-0.9,-1.3,0.4,19.3,0.278,0.159,0.095,0.009,0.015,0.722,0.53,0.623,0.381,0.667,0.4,0.371,0.735,0.972,0.047,23,0.302,0.421,0,9,45,46,1,-1.9,2.2,39,15,73,8,39,0,257,10,32
Julian Strawther,DEN,SG,22,65,4,1384,21.3,N/a,N/a,N/a,9.0,2.2,0.3,1.9,1.3,0.6,0.2,0.9,2.3,210,486,0.432,94,269,0.349,116,217,0.535,74,90,0.822,0.529,20.4,4.9,2.9,1.4,0.6,2.0,109,119,9.5,0.559,0.553,0.185,17.8,1.4,9.5,5.6,7.6,1.4,1.0,9.8,0.5,0.8,1.3,0.043,-3.1,-1.4,-4.5,-0.9,17.2,0.447,0.142,0.191,0.097,0.016,0.553,0.535,0.681,0.473,0.489,0.25,0.349,0.724,0.894,0.012,6,0.138,0.541,0,42,58,1,0,-2.7,-10.3,22,17,87,12,34,6,204,7,19
Julian Phillips,CHI,SF,21,79,5,1123,14.2,N/a,N/a,N/a,4.6,2.1,0.8,1.3,0.5,0.5,0.3,0.3,1.4,128,287,0.446,50,153,0.327,78,134,0.582,60,76,0.789,0.533,15.2,7.0,1.6,1.6,0.8,1.1,118,117,10.2,0.571,0.533,0.265,12.9,6.4,9.4,7.9,4.4,1.6,1.5,7.8,1.0,0.8,1.9,0.08,-2.6,-0.4,-3.0,-0.3,14.2,0.467,0.321,0.136,0.007,0.003,0.533,0.582,0.652,0.436,0.5,0.0,0.327,0.679,1.0,0.153,36,0.66,0.406,0,0,33,67,1,1.9,4.4,9,9,53,1,35,5,100,10,17
Julius Randle,MIN,PF,30,69,69,2226,32.3,N/a,N/a,N/a,18.7,7.1,2.1,5.0,4.7,0.7,0.2,2.8,2.5,455,939,0.485,108,314,0.344,347,625,0.555,270,335,0.806,0.542,28.5,10.8,7.2,1.0,0.4,4.3,117,113,17.5,0.593,0.334,0.357,25.0,7.3,16.8,12.1,22.5,1.0,0.7,15.3,3.6,2.6,6.2,0.134,1.5,-0.2,1.3,1.8,12.4,0.666,0.252,0.262,0.121,0.03,0.334,0.555,0.751,0.423,0.465,0.429,0.344,0.447,0.843,0.052,46,0.21,0.273,0,0,0,94,6,3.4,-3.7,82,60,76,37,157,2,821,32,60
Justin Champagnie,WAS,SF,23,62,31,1340,21.6,N/a,N/a,N/a,8.8,5.7,1.8,3.9,1.0,1.0,0.6,0.9,1.8,210,411,0.511,74,193,0.383,136,218,0.624,50,73,0.685,0.601,19.3,12.5,2.1,2.3,1.4,1.9,119,116,15.7,0.614,0.47,0.178,15.6,8.6,18.6,13.6,6.8,2.3,2.6,10.9,1.6,1.2,2.8,0.1,-0.3,-0.2,-0.5,0.5,13.9,0.53,0.324,0.182,0.022,0.0,0.47,0.624,0.767,0.413,0.333,N/a,0.383,0.566,0.986,0.075,30,0.316,0.377,0,10,65,25,0,-9.0,4.8,31,14,59,3,32,4,145,10,22
Justin Edwards,PHI,SF,21,44,26,1155,26.3,N/a,N/a,N/a,10.1,3.4,1.0,2.3,1.6,1.0,0.4,1.1,2.2,172,378,0.455,69,190,0.363,103,188,0.548,32,46,0.696,0.546,19.0,6.3,2.9,1.9,0.7,2.1,109,120,11.3,0.559,0.503,0.122,16.9,4.3,10.4,7.3,8.9,1.9,1.4,11.0,0.4,0.5,0.9,0.039,-2.1,-1.6,-3.7,-0.5,16.0,0.497,0.212,0.138,0.106,0.042,0.503,0.548,0.663,0.423,0.525,0.438,0.363,0.544,0.928,0.024,9,0.253,0.375,0,36,54,10,0,-12.1,-8.0,19,22,58,1,20,4,163,2,25
Jusuf Nurkić,CHO,C,30,51,32,1063,20.8,N/a,N/a,N/a,8.9,7.8,1.7,6.1,2.3,0.8,0.7,1.9,2.5,168,352,0.477,32,105,0.305,136,247,0.551,85,128,0.664,0.523,21.0,18.5,5.3,1.9,1.6,4.5,105,112,15.2,0.555,0.298,0.364,20.6,8.8,32.0,20.5,16.8,1.9,3.1,19.2,0.0,1.5,1.5,0.066,-2.2,0.9,-1.3,0.2,10.9,0.702,0.293,0.375,0.028,0.006,0.298,0.551,0.689,0.47,0.3,0.0,0.305,0.676,0.969,0.065,20,0.105,0.455,0,0,0,0,100,-8.9,-3.7,42,23,71,30,63,2,286,15,16
Kai Jones,DAL,C,24,40,6,468,11.7,N/a,N/a,N/a,5.0,3.1,1.0,2.1,0.6,0.4,0.6,0.5,1.3,87,109,0.798,1,5,0.2,86,104,0.827,23,32,0.719,0.803,20.6,13.0,2.6,1.6,2.4,1.9,147,111,20.2,0.804,0.046,0.294,13.0,9.6,19.7,14.8,7.9,1.6,4.6,12.8,1.4,0.7,2.1,0.216,1.4,1.5,2.9,0.6,4.5,0.954,0.651,0.156,0.119,0.028,0.046,0.827,0.944,0.706,0.462,0.333,0.2,0.826,1.0,0.596,62,0.2,0.0,0,0,0,4,96,-1.7,-3.2,9,5,34,3,20,0,58,8,3
Karl-Anthony Towns,NYK,C,29,72,72,2517,35.0,N/a,N/a,N/a,24.4,12.8,2.9,9.8,3.1,1.0,0.7,2.7,3.5,639,1215,0.526,142,338,0.42,497,877,0.567,339,409,0.829,0.584,34.7,18.1,4.4,1.4,1.0,3.8,122,110,23.4,0.63,0.278,0.337,27.4,9.8,32.0,21.0,13.8,1.4,1.9,12.1,6.3,3.8,10.1,0.193,3.5,0.1,3.6,3.5,10.8,0.722,0.353,0.277,0.058,0.035,0.278,0.567,0.695,0.476,0.4,0.262,0.42,0.586,0.972,0.071,76,0.062,0.333,0,0,0,0,100,6.2,5.6,79,42,131,49,219,5,493,64,83
Karlo Matković,NOP,PF,23,42,7,791,18.8,N/a,N/a,N/a,7.7,5.0,1.5,3.5,1.1,0.5,1.0,1.0,2.5,135,235,0.574,21,66,0.318,114,169,0.675,34,44,0.773,0.619,19.9,12.8,2.8,1.3,2.5,2.6,120,117,15.6,0.639,0.281,0.187,15.9,8.5,20.4,14.2,8.6,1.3,5.0,14.5,1.0,0.6,1.6,0.096,-1.9,-0.2,-2.0,0.0,9.5,0.719,0.396,0.272,0.047,0.004,0.281,0.675,0.785,0.563,0.455,0.0,0.318,0.728,1.0,0.204,40,0.515,0.382,0,0,0,33,67,-4.4,6.5,22,6,67,11,21,0,111,8,11
Kawhi Leonard,LAC,SF,33,37,37,1180,31.9,N/a,N/a,N/a,21.5,5.9,0.9,5.0,3.1,1.6,0.5,1.9,1.5,310,623,0.498,78,190,0.411,232,433,0.536,98,121,0.81,0.56,33.2,9.1,4.8,2.5,0.7,3.0,114,109,20.5,0.589,0.305,0.194,27.7,3.4,17.4,10.5,16.4,2.5,1.4,9.6,1.5,1.9,3.5,0.141,2.5,0.6,3.1,1.5,14.4,0.695,0.132,0.199,0.266,0.098,0.305,0.536,0.768,0.54,0.476,0.377,0.411,0.431,0.679,0.056,32,0.137,0.385,0,0,15,80,5,12.7,11.5,28,32,23,6,57,0,280,14,11
Keaton Wallace,ATL,PG,25,31,5,501,16.2,N/a,N/a,N/a,5.4,1.6,0.2,1.4,2.6,0.9,0.3,1.1,1.3,65,162,0.401,27,82,0.329,38,80,0.475,11,11,1.0,0.485,15.7,4.7,7.6,2.6,0.8,3.1,103,116,10.1,0.503,0.506,0.068,16.4,1.5,9.6,5.5,21.0,2.6,1.7,16.5,-0.1,0.5,0.4,0.034,-3.3,1.0,-2.3,0.0,18.0,0.494,0.08,0.154,0.191,0.068,0.506,0.475,0.538,0.6,0.419,0.273,0.329,0.289,0.815,0.025,4,0.122,0.4,84,16,0,0,0,-0.7,0.6,23,7,25,0,5,2,206,1,3
Keegan Murray,SAC,PF,24,76,76,2610,34.3,N/a,N/a,N/a,12.4,6.7,1.9,4.8,1.4,0.8,0.9,0.8,2.4,364,820,0.444,154,449,0.343,210,371,0.566,60,72,0.833,0.538,17.7,9.5,2.0,1.1,1.3,1.1,116,117,12.0,0.553,0.548,0.088,15.0,6.3,15.5,10.9,5.6,1.1,2.6,6.6,2.4,2.1,4.4,0.082,-0.8,-0.8,-1.6,0.2,17.2,0.452,0.144,0.195,0.078,0.035,0.548,0.566,0.831,0.469,0.359,0.483,0.343,0.652,0.987,0.087,66,0.29,0.385,0,0,12,88,0,1.2,2.0,20,25,104,2,42,16,264,14,28
Keion Brooks Jr.,NOP,SF,24,14,6,332,23.7,N/a,N/a,N/a,10.1,4.1,0.9,3.3,0.9,0.7,0.7,0.9,2.1,53,109,0.486,14,43,0.326,39,66,0.591,22,30,0.733,0.55,20.7,8.5,1.9,1.5,1.5,1.8,114,120,12.8,0.581,0.394,0.275,17.1,3.8,15.4,9.4,5.7,1.5,2.9,8.9,0.3,0.1,0.4,0.057,-2.2,-1.3,-3.5,-0.1,13.3,0.606,0.275,0.202,0.11,0.018,0.394,0.591,0.8,0.318,0.5,1.0,0.326,0.718,1.0,0.092,8,0.395,0.412,0,0,52,47,1,-19.5,-10.8,3,4,18,3,15,0,31,4,6
Kel'el Ware,MIA,C,20,64,36,1422,22.2,N/a,N/a,N/a,9.3,7.4,1.8,5.6,0.9,0.6,1.1,0.9,1.7,257,464,0.554,35,111,0.315,222,353,0.629,46,67,0.687,0.592,20.9,16.6,2.1,1.4,2.5,2.0,118,108,17.4,0.603,0.239,0.144,17.2,9.1,27.5,18.4,6.5,1.4,4.8,10.4,1.7,2.5,4.1,0.14,-0.7,0.6,-0.1,0.7,9.3,0.761,0.401,0.269,0.075,0.015,0.239,0.629,0.715,0.576,0.429,0.286,0.315,0.766,0.971,0.321,128,0.18,0.2,0,0,0,0,100,2.1,2.3,28,12,87,10,34,3,143,7,17
Keldon Johnson,SAS,SF,25,77,0,1838,23.9,N/a,N/a,N/a,12.7,4.8,1.5,3.4,1.6,0.6,0.3,1.0,1.5,371,770,0.482,87,274,0.318,284,496,0.573,150,194,0.773,0.538,25.7,9.8,3.3,1.3,0.6,2.0,115,119,15.6,0.572,0.356,0.252,21.6,6.5,15.1,10.8,10.2,1.3,1.1,8.3,2.2,1.0,3.2,0.083,0.0,-1.6,-1.6,0.2,11.3,0.644,0.336,0.277,0.023,0.008,0.356,0.573,0.703,0.451,0.333,0.0,0.318,0.627,0.897,0.044,30,0.339,0.29,0,16,70,14,0,-5.9,-5.4,31,29,66,5,101,5,311,32,37
Kelly Olynyk,NOP,C,33,44,22,891,20.3,N/a,N/a,N/a,8.7,4.7,1.4,3.3,2.9,0.8,0.4,1.7,2.8,134,268,0.5,33,79,0.418,101,189,0.534,83,108,0.769,0.562,20.8,11.2,6.9,1.8,1.0,4.1,115,116,14.9,0.609,0.295,0.403,18.5,7.3,17.9,12.4,20.5,1.8,2.0,19.4,1.0,0.7,1.7,0.092,-1.1,0.4,-0.7,0.3,11.6,0.705,0.336,0.231,0.078,0.06,0.295,0.534,0.667,0.435,0.381,0.375,0.418,0.564,0.818,0.015,4,0.127,0.6,0,0,0,0,100,-4.0,3.9,44,16,73,10,44,7,294,4,13
Kelly Oubre Jr.,PHI,SF,29,60,57,2078,34.6,N/a,N/a,N/a,15.1,6.1,1.6,4.5,1.8,1.5,0.5,1.3,3.0,348,741,0.47,71,242,0.293,277,499,0.555,139,185,0.751,0.518,21.5,8.7,2.6,2.2,0.7,1.9,111,118,13.5,0.551,0.327,0.25,18.9,5.1,15.4,10.0,7.9,2.2,1.4,8.9,1.2,1.4,2.6,0.061,-1.7,-0.6,-2.3,-0.1,11.3,0.673,0.328,0.266,0.067,0.012,0.327,0.555,0.704,0.452,0.26,0.444,0.293,0.534,0.972,0.097,63,0.318,0.351,0,8,52,40,0,-5.6,1.6,28,37,84,9,96,22,267,30,66
Kenrich Williams,OKC,PF,30,69,7,1132,16.4,N/a,N/a,N/a,6.3,3.5,0.9,2.6,1.4,0.6,0.1,0.6,1.6,171,354,0.483,66,171,0.386,105,183,0.574,28,39,0.718,0.576,18.5,10.2,4.1,1.8,0.4,1.7,122,109,13.7,0.587,0.483,0.11,15.4,6.3,16.3,11.4,11.0,1.8,0.9,9.5,1.6,1.9,3.6,0.151,-0.4,0.9,0.6,0.7,15.3,0.517,0.234,0.175,0.056,0.051,0.483,0.574,0.735,0.5,0.3,0.389,0.386,0.6,1.0,0.017,6,0.263,0.422,0,0,11,61,28,15.1,2.8,16,14,53,2,20,17,237,7,22
Kentavious Caldwell-Pope,ORL,SG,31,77,77,2279,29.6,N/a,N/a,N/a,8.7,2.2,0.4,1.8,1.8,1.3,0.4,0.8,1.8,239,544,0.439,113,330,0.342,126,214,0.589,82,95,0.863,0.543,14.7,3.7,3.0,2.2,0.7,1.4,115,112,9.9,0.574,0.607,0.175,12.4,1.6,7.2,4.3,8.7,2.2,1.4,9.6,1.5,3.1,4.6,0.096,-3.0,1.6,-1.4,0.3,19.3,0.393,0.123,0.063,0.064,0.143,0.607,0.589,0.761,0.412,0.543,0.538,0.342,0.698,0.929,0.029,16,0.348,0.339,3,80,17,0,0,0.4,2.0,41,12,63,6,25,37,332,9,10
Keon Ellis,SAC,SG,25,80,28,1948,24.4,N/a,N/a,N/a,8.3,2.7,0.8,1.9,1.5,1.5,0.8,0.9,2.2,227,464,0.489,139,321,0.433,88,143,0.615,73,86,0.849,0.639,16.7,5.3,3.0,3.0,1.6,1.8,125,114,13.5,0.664,0.692,0.185,12.7,3.4,8.8,6.1,8.0,3.0,3.2,12.4,2.7,2.2,5.0,0.122,-0.1,2.0,1.9,1.9,19.8,0.308,0.103,0.119,0.056,0.03,0.692,0.615,0.833,0.6,0.308,0.5,0.433,0.682,0.921,0.05,23,0.324,0.51,30,60,10,0,0,3.2,5.1,39,19,93,6,37,14,289,9,14
Keon Johnson,BRK,SG,22,79,56,1925,24.4,N/a,N/a,N/a,10.6,3.8,0.8,3.0,2.2,1.0,0.4,1.5,2.6,303,779,0.389,126,401,0.314,177,378,0.468,107,139,0.77,0.47,21.7,7.7,4.5,2.1,0.8,3.0,100,115,10.4,0.499,0.515,0.178,21.7,3.5,14.5,8.8,14.6,2.1,1.5,12.1,-1.3,1.9,0.5,0.014,-3.1,-0.1,-3.3,-0.6,15.6,0.485,0.223,0.191,0.04,0.031,0.515,0.468,0.58,0.362,0.419,0.375,0.314,0.492,0.952,0.059,36,0.294,0.331,33,66,1,0,0,-10.8,-6.5,58,38,103,12,65,11,435,13,75
Kessler Edwards,DAL,SF,24,40,18,608,15.2,N/a,N/a,N/a,4.2,2.9,0.6,2.3,1.1,0.5,0.5,0.4,1.6,67,135,0.496,22,54,0.407,45,81,0.556,12,13,0.923,0.578,13.4,9.1,3.3,1.5,1.6,1.3,122,115,11.3,0.597,0.4,0.096,11.1,4.0,16.3,10.3,9.1,1.5,2.8,10.2,0.6,0.6,1.2,0.096,-2.0,0.6,-1.4,0.1,12.5,0.6,0.311,0.207,0.067,0.015,0.4,0.556,0.667,0.464,0.333,0.5,0.407,0.822,1.0,0.104,12,0.5,0.37,0,2,19,46,35,-11.8,-12.5,8,4,40,1,5,1,107,1,7
Kevin Durant,PHO,PF,36,62,62,2265,36.5,N/a,N/a,N/a,26.6,6.0,0.4,5.7,4.2,0.8,1.2,3.1,1.7,592,1124,0.527,160,372,0.43,432,752,0.574,303,361,0.839,0.598,36.0,8.2,5.7,1.1,1.7,4.1,117,119,21.2,0.642,0.331,0.321,28.7,1.2,16.9,9.2,19.6,1.1,3.2,12.9,4.0,1.2,5.2,0.111,3.9,-0.7,3.2,3.0,15.5,0.669,0.091,0.176,0.312,0.09,0.331,0.574,0.824,0.561,0.524,0.525,0.43,0.433,0.888,0.041,44,0.223,0.506,0,0,8,68,25,-1.0,4.2,100,58,55,17,154,8,625,38,32
Kevin Love,MIA,PF,36,23,9,251,10.9,N/a,N/a,N/a,5.3,4.1,1.0,3.1,1.0,0.7,0.2,0.6,0.9,41,115,0.357,24,67,0.358,17,48,0.354,16,23,0.696,0.461,24.2,18.7,4.4,3.0,0.8,2.8,103,106,16.2,0.488,0.583,0.2,24.6,9.8,31.4,20.7,13.1,3.0,1.5,10.1,-0.1,0.5,0.4,0.083,-0.3,0.7,0.4,0.2,17.3,0.417,0.191,0.157,0.043,0.026,0.583,0.354,0.318,0.389,0.4,0.333,0.358,0.471,0.917,0.0,0,0.209,0.357,0,0,0,49,51,-3.4,-4.3,12,1,16,0,8,4,49,1,6
Kevin Huerter,CHI,SG,26,69,31,1679,24.3,N/a,N/a,N/a,9.9,3.0,0.4,2.5,2.3,1.0,0.3,1.0,1.8,257,604,0.425,132,391,0.338,125,213,0.587,35,49,0.714,0.535,19.4,5.8,4.4,1.9,0.7,1.9,109,117,11.3,0.544,0.647,0.081,17.5,2.0,11.3,6.7,12.6,1.9,1.3,9.7,0.6,1.3,1.9,0.054,-1.8,-0.2,-2.0,0.0,18.8,0.353,0.134,0.151,0.04,0.028,0.647,0.587,0.765,0.505,0.458,0.353,0.338,0.76,0.932,0.015,8,0.23,0.389,0,43,53,4,0,2.4,3.3,50,12,76,1,22,10,372,3,14
Kevin Porter Jr.,MIL,SG,24,75,4,1482,19.8,N/a,N/a,N/a,10.3,3.7,0.6,3.1,3.4,1.1,0.2,1.8,1.6,293,652,0.449,55,177,0.311,238,475,0.501,130,169,0.769,0.492,25.4,9.2,8.4,2.7,0.4,4.5,105,110,15.4,0.531,0.271,0.259,25.4,3.2,17.3,10.4,25.9,2.7,0.9,15.8,-0.1,2.3,2.2,0.072,-1.6,0.9,-0.6,0.5,13.8,0.729,0.179,0.212,0.187,0.15,0.271,0.501,0.658,0.413,0.516,0.418,0.311,0.261,0.491,0.066,39,0.124,0.455,24,60,16,1,0,1.5,-2.9,71,42,49,14,73,10,625,15,48
Kevon Looney,GSW,C,28,76,6,1142,15.0,N/a,N/a,N/a,4.5,6.1,2.4,3.6,1.6,0.6,0.5,0.5,2.0,143,278,0.514,2,5,0.4,141,273,0.516,56,99,0.566,0.518,14.7,19.7,5.0,2.0,1.6,1.7,128,108,17.0,0.535,0.018,0.356,13.3,16.9,26.9,21.8,14.3,2.0,3.1,10.8,2.2,2.1,4.3,0.182,-1.0,1.3,0.3,0.7,4.6,0.982,0.525,0.342,0.054,0.061,0.018,0.516,0.671,0.379,0.267,0.176,0.4,0.567,1.0,0.09,24,0.4,1.0,0,0,0,1,99,5.9,3.4,13,9,86,15,44,3,299,12,17
Keyonte George,UTA,PG,21,67,35,2109,31.5,N/a,N/a,N/a,16.8,3.8,0.4,3.4,5.6,0.7,0.1,2.7,1.7,359,919,0.391,174,507,0.343,185,412,0.449,233,285,0.818,0.485,25.6,5.8,8.6,1.0,0.2,4.2,109,123,12.9,0.539,0.552,0.31,24.3,1.3,11.5,6.5,26.9,1.0,0.4,14.9,0.9,0.1,1.1,0.024,-0.2,-2.5,-2.7,-0.3,17.6,0.448,0.073,0.242,0.098,0.036,0.552,0.449,0.627,0.428,0.4,0.364,0.343,0.427,0.649,0.015,11,0.136,0.493,99,1,0,0,0,-11.5,-5.0,105,52,43,8,127,22,910,32,71
Khris Middleton,WAS,SF,33,37,21,843,22.8,N/a,N/a,N/a,11.9,3.7,0.4,3.4,4.1,0.9,0.2,1.5,2.0,160,337,0.475,48,133,0.361,112,204,0.549,72,84,0.857,0.546,25.1,7.8,8.6,2.0,0.5,3.2,117,115,16.7,0.588,0.395,0.249,22.0,1.7,15.4,8.7,26.8,2.0,0.9,13.0,1.2,0.8,2.0,0.116,0.4,0.3,0.7,0.6,17.1,0.605,0.074,0.193,0.196,0.142,0.395,0.549,0.6,0.6,0.47,0.563,0.361,0.402,0.75,0.003,1,0.165,0.318,0,0,48,51,1,1.2,4.7,31,19,29,2,35,5,359,10,13
KJ Martin,UTA,PF,24,43,16,912,21.2,N/a,N/a,N/a,6.4,2.9,0.7,2.2,1.1,0.4,0.5,0.6,2.3,111,201,0.552,15,58,0.259,96,143,0.671,37,47,0.787,0.59,14.6,6.7,2.6,0.9,1.2,1.3,124,122,10.2,0.618,0.289,0.234,11.5,3.6,11.8,7.6,7.4,0.9,2.3,9.8,1.1,0.2,1.3,0.068,-3.2,-0.3,-3.6,-0.4,9.0,0.711,0.388,0.318,0.0,0.005,0.289,0.671,0.705,0.625,N/a,1.0,0.259,0.844,1.0,0.254,47,0.724,0.333,0,3,46,49,2,-6.9,1.0,12,10,61,1,26,1,121,9,20
KJ Simpson,CHO,PG,22,36,15,842,23.4,N/a,N/a,N/a,7.8,3.0,1.1,1.9,3.1,0.9,0.2,1.6,1.6,104,301,0.346,33,130,0.254,71,171,0.415,41,50,0.82,0.4,16.5,6.4,6.5,2.0,0.4,3.3,95,118,8.3,0.437,0.432,0.166,19.1,4.8,9.0,6.9,19.8,2.0,0.7,14.8,-1.0,0.5,-0.4,-0.025,-4.5,-0.9,-5.4,-0.7,15.0,0.568,0.179,0.246,0.103,0.04,0.432,0.415,0.648,0.365,0.226,0.167,0.254,0.324,0.667,0.01,3,0.146,0.263,100,0,0,0,0,-15.8,-8.2,26,17,27,4,22,11,273,6,18
Klay Thompson,DAL,SF,34,72,72,1965,27.3,N/a,N/a,N/a,14.0,3.4,0.6,2.8,2.0,0.7,0.4,1.2,1.1,361,877,0.412,216,553,0.391,145,324,0.448,67,74,0.905,0.535,24.7,6.1,3.6,1.2,0.7,2.2,108,119,12.9,0.552,0.631,0.084,21.8,2.5,11.0,6.8,10.7,1.2,1.3,8.8,0.7,1.1,1.8,0.045,0.7,-1.6,-1.0,0.5,20.1,0.369,0.067,0.081,0.105,0.116,0.631,0.448,0.712,0.38,0.37,0.412,0.391,0.69,0.944,0.002,2,0.264,0.39,1,19,71,9,0,-2.1,-1.7,54,17,44,6,28,2,339,7,21
Kobe Brown,LAC,PF,25,40,0,272,6.8,N/a,N/a,N/a,1.9,1.6,0.5,1.2,0.6,0.2,0.1,0.3,0.6,33,72,0.458,6,26,0.231,27,46,0.587,5,7,0.714,0.5,13.9,11.8,4.3,1.3,0.7,2.2,110,111,10.8,0.513,0.361,0.097,14.0,8.0,18.9,13.5,11.9,1.3,1.5,13.8,0.1,0.4,0.5,0.085,-2.5,0.4,-2.1,0.0,11.6,0.639,0.319,0.264,0.056,0.0,0.361,0.587,0.739,0.526,0.0,N/a,0.231,0.556,1.0,0.097,6,0.231,0.5,0,0,0,62,38,-10.2,-15.8,6,3,13,1,4,1,54,3,3
Kris Dunn,LAC,PG,30,74,58,1783,24.1,N/a,N/a,N/a,6.4,3.4,0.7,2.7,2.8,1.7,0.4,1.0,2.7,192,437,0.439,75,224,0.335,117,213,0.549,15,22,0.682,0.525,13.1,6.9,5.8,3.5,0.7,2.0,111,108,11.3,0.531,0.513,0.05,12.7,3.4,12.4,8.0,15.6,3.5,1.5,14.2,0.8,3.2,4.0,0.108,-2.8,3.4,0.6,1.2,15.7,0.487,0.13,0.275,0.064,0.018,0.513,0.549,0.719,0.492,0.536,0.25,0.335,0.556,0.933,0.016,7,0.478,0.318,99,1,0,0,0,7.6,5.6,42,18,102,8,8,7,513,2,13
Kris Murray,POR,SF,24,69,6,1040,15.1,N/a,N/a,N/a,4.2,2.6,1.1,1.5,1.0,0.5,0.2,0.6,1.0,117,279,0.419,27,120,0.225,90,159,0.566,26,57,0.456,0.468,13.4,8.5,3.2,1.6,0.8,2.0,103,116,9.1,0.472,0.43,0.204,13.9,7.7,11.3,9.5,9.0,1.6,1.5,12.4,-0.2,0.9,0.7,0.033,-3.1,0.1,-3.0,-0.3,12.2,0.57,0.358,0.208,0.0,0.004,0.43,0.566,0.65,0.414,N/a,1.0,0.225,0.589,0.963,0.129,34,0.475,0.263,0,10,66,23,1,-1.5,2.4,19,17,34,3,26,5,167,5,20
Kristaps Porziņģis,BOS,C,29,42,42,1210,28.8,N/a,N/a,N/a,19.5,6.8,1.6,5.1,2.1,0.7,1.5,1.3,2.8,277,574,0.483,103,250,0.412,174,324,0.537,161,199,0.809,0.572,33.9,11.8,3.6,1.3,2.6,2.2,125,109,22.3,0.618,0.436,0.347,25.9,6.1,19.3,12.8,11.4,1.3,4.8,7.4,3.3,2.0,5.3,0.212,3.5,1.2,4.7,2.1,16.0,0.564,0.174,0.23,0.11,0.051,0.436,0.537,0.76,0.492,0.365,0.345,0.412,0.77,0.981,0.106,54,0.068,0.353,0,0,0,12,88,5.7,-4.9,16,14,65,16,89,3,230,14,23
Kyle Lowry,PHI,PG,38,35,12,659,18.8,N/a,N/a,N/a,3.9,1.9,0.3,1.6,2.7,0.9,0.3,0.6,1.8,41,117,0.35,29,88,0.33,12,29,0.414,27,33,0.818,0.474,10.3,5.0,7.2,2.5,0.8,1.6,119,118,9.8,0.525,0.752,0.282,10.1,1.8,10.0,5.8,19.2,2.5,1.6,13.8,0.6,0.4,1.0,0.07,-2.8,1.5,-1.3,0.1,22.5,0.248,0.051,0.111,0.034,0.051,0.752,0.414,0.667,0.308,0.75,0.167,0.33,0.667,0.931,0.0,0,0.182,0.375,100,0,0,0,0,-5.7,0.9,16,2,31,1,11,7,232,0,7
Kyle Anderson,MIA,PF,31,61,4,1002,16.4,N/a,N/a,N/a,5.9,3.4,0.9,2.5,2.4,0.7,0.5,0.6,1.3,142,303,0.469,25,70,0.357,117,233,0.502,48,65,0.738,0.51,17.5,10.1,7.1,2.0,1.6,1.8,119,111,15.1,0.538,0.231,0.215,15.9,5.7,16.8,11.2,20.7,2.0,3.1,10.0,1.3,1.5,2.8,0.135,-0.6,2.2,1.5,0.9,10.9,0.769,0.185,0.429,0.102,0.053,0.231,0.502,0.714,0.469,0.355,0.313,0.357,0.496,0.96,0.036,10,0.443,0.452,0,0,0,71,29,-0.7,-3.3,25,6,40,2,32,4,359,9,17
Kyle Kuzma,MIL,PF,29,65,62,1936,29.8,N/a,N/a,N/a,14.8,5.7,0.8,4.9,2.3,0.6,0.3,2.2,1.8,370,848,0.436,96,313,0.307,274,535,0.512,128,202,0.634,0.493,23.9,9.2,3.8,0.9,0.5,3.6,96,118,10.6,0.514,0.369,0.238,24.0,3.0,17.1,10.2,12.1,0.9,0.9,13.5,-2.3,1.3,-0.9,-0.024,-2.9,-2.0,-4.9,-1.4,13.5,0.631,0.222,0.285,0.085,0.039,0.369,0.512,0.75,0.413,0.361,0.212,0.307,0.573,0.854,0.029,24,0.246,0.325,0,0,24,74,1,-9.8,-7.1,58,56,69,17,97,17,382,19,39
Kyle Filipowski,UTA,C,21,72,27,1522,21.1,N/a,N/a,N/a,9.6,6.1,1.6,4.6,1.9,0.7,0.3,1.4,2.4,260,518,0.502,77,220,0.35,183,298,0.614,93,143,0.65,0.576,21.8,13.9,4.4,1.5,0.7,3.2,115,118,14.9,0.594,0.425,0.276,18.7,8.0,23.1,15.6,13.9,1.5,1.4,14.9,1.5,1.0,2.5,0.078,-0.6,-0.3,-1.0,0.4,13.2,0.575,0.218,0.32,0.031,0.006,0.425,0.614,0.726,0.53,0.75,0.333,0.35,0.579,0.935,0.098,47,0.336,0.351,0,0,0,17,83,-11.0,-3.0,45,30,99,16,73,4,335,19,40
Kyrie Irving,DAL,SG,32,50,50,1804,36.1,N/a,N/a,N/a,24.7,4.8,1.2,3.6,4.6,1.3,0.5,2.2,2.0,447,945,0.473,144,359,0.401,303,586,0.517,196,214,0.916,0.549,33.1,6.4,6.2,1.8,0.6,3.0,118,118,19.9,0.594,0.38,0.226,27.4,3.7,10.6,7.2,20.5,1.8,1.1,9.7,3.4,1.3,4.6,0.124,3.9,-0.5,3.4,2.5,14.9,0.62,0.153,0.252,0.134,0.08,0.38,0.517,0.703,0.487,0.441,0.382,0.401,0.32,0.632,0.001,1,0.15,0.5,29,66,5,0,0,2.2,6.3,65,32,48,9,92,5,541,25,40
Kyshawn George,WAS,SG,21,68,38,1802,26.5,N/a,N/a,N/a,8.7,4.2,0.7,3.5,2.5,1.0,0.7,1.4,3.0,203,546,0.372,114,354,0.322,89,192,0.464,70,93,0.753,0.476,15.6,7.5,4.5,1.8,1.3,2.6,100,118,8.8,0.503,0.648,0.17,15.9,2.8,13.7,8.2,13.3,1.8,2.5,14.2,-0.9,1.1,0.1,0.003,-3.8,-0.3,-4.1,-0.9,19.1,0.352,0.159,0.132,0.049,0.011,0.648,0.464,0.609,0.347,0.37,0.167,0.322,0.573,0.921,0.026,11,0.192,0.353,1,62,36,1,0,-9.6,4.8,44,33,119,9,39,7,415,7,36
LaMelo Ball,CHO,PG,23,47,47,1505,32.0,N/a,N/a,N/a,25.2,4.9,1.0,3.9,7.4,1.1,0.3,3.6,3.3,406,1003,0.405,179,528,0.339,227,475,0.478,193,229,0.843,0.494,38.7,7.6,11.3,1.8,0.4,5.5,108,117,19.1,0.536,0.526,0.228,35.9,3.3,13.4,8.2,43.8,1.8,0.8,13.1,0.9,1.1,2.0,0.065,4.1,-0.9,3.2,2.0,17.8,0.474,0.138,0.208,0.093,0.035,0.526,0.478,0.601,0.426,0.452,0.371,0.339,0.233,0.62,0.005,4,0.089,0.319,88,12,0,0,0,-5.4,6.6,86,39,50,21,95,9,835,20,43
Landry Shamet,NYK,SG,27,50,0,762,15.2,N/a,N/a,N/a,5.7,1.2,0.2,1.0,0.5,0.5,0.0,0.4,1.0,106,230,0.461,62,156,0.397,44,74,0.595,12,18,0.667,0.596,18.6,4.0,1.8,1.5,0.1,1.4,114,118,9.7,0.601,0.678,0.078,14.8,1.7,7.5,4.6,4.7,1.5,0.2,8.5,0.5,0.5,1.0,0.065,-1.9,-0.6,-2.4,-0.1,19.3,0.322,0.135,0.07,0.087,0.03,0.678,0.595,0.71,0.438,0.65,0.286,0.397,0.818,0.919,0.013,3,0.397,0.468,0,61,39,1,0,6.4,2.7,12,8,29,1,9,9,63,3,12
Larry Nance Jr.,ATL,PF,32,24,3,463,19.3,N/a,N/a,N/a,8.5,4.3,1.0,3.3,1.6,0.8,0.5,0.7,1.5,80,155,0.516,34,76,0.447,46,79,0.582,9,13,0.692,0.626,20.5,10.4,3.8,2.0,1.3,1.6,125,114,16.0,0.632,0.49,0.084,15.7,5.3,19.4,12.2,11.3,2.0,2.6,9.1,0.8,0.5,1.3,0.131,1.1,0.7,1.8,0.4,15.0,0.51,0.239,0.206,0.045,0.019,0.49,0.582,0.703,0.469,0.571,0.333,0.447,0.848,0.971,0.135,16,0.342,0.423,0,0,0,32,68,-8.9,-8.8,12,0,14,2,5,7,95,1,6
Lauri Markkanen,UTA,PF,27,47,47,1476,31.4,N/a,N/a,N/a,19.0,5.9,1.5,4.4,1.5,0.7,0.4,1.4,1.7,296,700,0.423,138,399,0.346,158,301,0.525,162,185,0.876,0.521,29.0,9.0,2.3,1.1,0.6,2.1,115,122,15.6,0.571,0.57,0.264,24.0,5.3,14.9,10.1,7.5,1.1,1.1,7.8,1.8,0.3,2.2,0.07,1.8,-2.1,-0.3,0.7,17.3,0.43,0.15,0.204,0.044,0.031,0.57,0.525,0.638,0.51,0.355,0.318,0.346,0.658,1.0,0.104,61,0.18,0.417,0,0,9,82,9,-6.5,4.2,20,29,39,12,68,8,179,13,39
LeBron James,LAL,SF,40,70,70,2444,34.9,N/a,N/a,N/a,24.4,7.8,1.0,6.8,8.2,1.0,0.6,3.7,1.4,651,1270,0.513,149,396,0.376,502,874,0.574,259,331,0.782,0.571,34.4,11.0,11.6,1.4,0.8,5.2,117,114,22.7,0.604,0.312,0.261,30.1,3.4,21.2,12.6,40.3,1.4,1.5,15.5,4.9,2.8,7.7,0.152,4.9,0.7,5.6,4.7,13.4,0.688,0.242,0.23,0.113,0.104,0.312,0.574,0.782,0.473,0.503,0.394,0.376,0.382,0.691,0.056,71,0.088,0.343,0,4,66,30,1,-0.3,-5.3,172,57,42,13,152,11,1348,33,51
Lindy Waters III,DET,SG,27,52,9,778,15.0,N/a,N/a,N/a,4.9,2.1,0.4,1.7,1.0,0.5,0.2,0.4,1.2,92,249,0.369,64,186,0.344,28,63,0.444,8,11,0.727,0.498,16.0,6.9,3.2,1.7,0.7,1.2,107,113,8.8,0.504,0.747,0.044,14.8,2.7,12.8,7.6,9.1,1.7,1.3,7.3,0.1,0.9,1.0,0.062,-3.0,0.2,-2.8,-0.2,22.0,0.253,0.064,0.092,0.052,0.044,0.747,0.444,0.438,0.565,0.231,0.455,0.344,0.714,0.938,0.02,4,0.312,0.328,0,43,53,3,0,0.7,-3.3,11,6,36,3,4,5,129,1,10
Lonnie Walker IV,PHI,SG,26,20,7,477,23.9,N/a,N/a,N/a,12.4,3.2,0.3,2.9,2.5,0.5,0.3,1.3,1.4,89,212,0.42,45,127,0.354,44,85,0.518,24,30,0.8,0.526,25.5,6.5,5.2,1.0,0.5,2.6,108,121,13.1,0.548,0.599,0.142,22.8,1.4,14.1,7.5,16.5,1.0,1.0,10.0,0.2,0.1,0.3,0.033,0.0,-2.4,-2.4,0.0,19.0,0.401,0.165,0.099,0.061,0.075,0.599,0.518,0.686,0.333,0.462,0.438,0.354,0.591,0.778,0.028,5,0.142,0.333,28,68,5,0,0,-14.3,-9.0,12,6,20,2,14,0,118,4,8
Lonzo Ball,CHI,PG,27,35,14,777,22.2,N/a,N/a,N/a,7.6,3.4,0.7,2.7,3.3,1.3,0.5,1.2,1.6,89,243,0.366,67,195,0.344,22,48,0.458,22,27,0.815,0.504,16.0,7.1,6.9,2.8,1.0,2.5,110,113,12.2,0.524,0.802,0.111,15.9,3.4,12.3,8.0,18.9,2.8,1.9,13.9,0.3,0.9,1.2,0.075,-1.5,1.7,0.2,0.4,23.0,0.198,0.07,0.058,0.037,0.033,0.802,0.458,0.529,0.5,0.333,0.375,0.344,0.545,0.881,0.021,4,0.221,0.372,97,3,0,0,0,6.5,9.7,34,3,30,3,6,2,281,1,4
Luguentz Dort,OKC,SF,25,71,71,2073,29.2,N/a,N/a,N/a,10.1,4.1,1.3,2.9,1.6,1.1,0.5,0.7,2.9,258,593,0.435,170,413,0.412,88,180,0.489,33,46,0.717,0.578,16.6,6.8,2.7,1.8,0.9,1.2,120,110,11.3,0.586,0.696,0.078,13.6,4.7,10.3,7.6,6.9,1.8,1.9,7.7,2.4,3.2,5.6,0.129,-0.6,0.8,0.2,1.2,19.5,0.304,0.123,0.094,0.059,0.027,0.696,0.489,0.589,0.375,0.429,0.563,0.412,0.67,0.959,0.032,14,0.259,0.421,0,1,21,66,12,13.5,0.8,22,13,88,11,25,55,273,8,23
Luka Garza,MIN,C,26,39,0,219,5.6,N/a,N/a,N/a,3.5,1.4,0.8,0.6,0.3,0.2,0.1,0.3,0.7,52,105,0.495,10,36,0.278,42,69,0.609,24,35,0.686,0.543,31.1,12.2,2.5,1.4,0.7,2.7,118,114,18.8,0.573,0.343,0.333,26.2,16.0,11.5,13.7,8.2,1.4,1.3,9.1,0.4,0.3,0.7,0.144,-0.4,-1.9,-2.3,0.0,11.8,0.657,0.286,0.267,0.105,0.0,0.343,0.609,0.7,0.607,0.364,N/a,0.278,0.714,1.0,0.048,5,0.083,0.0,0,0,0,25,75,2.4,-2.8,2,3,18,4,16,5,28,3,8
Luka Dončić,LAL,PG,25,50,50,1769,35.4,N/a,N/a,N/a,28.2,8.2,0.8,7.4,7.7,1.8,0.4,3.6,2.5,461,1025,0.45,177,481,0.368,284,544,0.522,309,395,0.782,0.536,38.9,11.3,10.6,2.5,0.6,4.9,116,112,24.1,0.587,0.469,0.385,33.9,2.6,22.6,12.8,36.1,2.5,1.1,13.0,3.5,2.4,5.9,0.16,5.5,1.2,6.7,3.9,17.4,0.531,0.104,0.193,0.167,0.066,0.469,0.522,0.748,0.535,0.45,0.309,0.368,0.261,0.441,0.001,1,0.046,0.364,57,36,7,0,0,8.3,10.2,119,46,55,4,186,14,927,45,30
Luke Kornet,BOS,C,29,73,16,1361,18.6,N/a,N/a,N/a,6.0,5.3,2.6,2.7,1.6,0.5,1.0,0.4,1.6,187,280,0.668,0,3,0.0,187,277,0.675,67,97,0.691,0.668,16.2,14.3,4.3,1.3,2.6,1.1,152,110,19.6,0.683,0.011,0.346,11.4,15.2,15.8,15.5,11.9,1.3,4.8,8.8,4.8,2.2,7.0,0.246,1.6,1.7,3.3,1.8,2.8,0.989,0.732,0.225,0.029,0.004,0.011,0.675,0.761,0.429,0.375,1.0,0.0,0.695,N/a,0.354,86,0.333,0.0,0,0,0,0,100,14.7,8.4,12,6,80,10,50,6,309,9,21
Luke Kennard,MEM,SG,28,65,11,1472,22.6,N/a,N/a,N/a,8.9,2.8,0.6,2.2,3.3,0.8,0.1,1.1,0.9,206,431,0.478,113,261,0.433,93,170,0.547,51,57,0.895,0.609,18.2,5.8,6.8,1.6,0.2,2.3,127,116,13.6,0.631,0.606,0.132,14.5,2.7,10.4,6.6,18.5,1.6,0.3,13.6,2.6,1.3,3.9,0.127,0.9,0.2,1.1,1.2,19.1,0.394,0.074,0.128,0.132,0.06,0.606,0.547,0.75,0.473,0.561,0.423,0.433,0.538,0.947,0.002,1,0.241,0.54,34,51,15,1,0,3.3,-2.6,45,20,27,3,15,1,513,4,11
Malaki Branham,SAS,SG,21,47,0,427,9.1,N/a,N/a,N/a,5.0,1.1,0.1,0.9,0.8,0.2,0.0,0.7,0.6,87,190,0.458,34,84,0.405,53,106,0.5,27,33,0.818,0.547,26.6,5.8,4.3,1.2,0.2,3.8,104,120,12.0,0.575,0.442,0.174,23.8,1.8,11.1,6.4,13.4,1.2,0.4,14.3,-0.1,0.2,0.1,0.007,-1.2,-1.9,-3.2,-0.1,15.3,0.558,0.184,0.195,0.126,0.053,0.442,0.5,0.8,0.351,0.333,0.4,0.405,0.509,0.941,0.026,4,0.19,0.438,27,58,14,1,0,-3.7,-0.8,14,17,15,1,14,0,90,1,13
Malcolm Brogdon,WAS,PG,32,24,13,564,23.5,N/a,N/a,N/a,12.7,3.8,0.9,2.9,4.1,0.5,0.2,1.6,1.3,104,240,0.433,16,56,0.286,88,184,0.478,81,92,0.88,0.467,25.7,7.7,8.3,1.1,0.4,3.2,113,121,15.8,0.544,0.233,0.383,23.7,3.9,13.0,8.4,27.4,1.1,0.8,11.9,0.6,0.1,0.7,0.061,-0.1,-1.5,-1.5,0.1,11.5,0.767,0.296,0.242,0.129,0.1,0.233,0.478,0.676,0.362,0.355,0.333,0.286,0.364,0.938,0.0,0,0.089,0.4,50,49,1,0,0,-9.8,2.8,20,17,10,1,38,1,239,6,19
Malik Beasley,DET,SG,28,82,18,2283,27.8,N/a,N/a,N/a,16.3,2.6,0.6,2.0,1.7,0.9,0.1,1.0,1.5,461,1071,0.43,319,766,0.416,142,305,0.466,95,140,0.679,0.579,28.1,4.5,2.9,1.5,0.1,1.7,116,117,14.4,0.59,0.715,0.131,22.5,2.3,8.0,5.2,8.9,1.5,0.2,6.8,2.9,1.8,4.7,0.1,2.0,-1.2,0.8,1.6,20.8,0.285,0.057,0.132,0.055,0.041,0.715,0.466,0.656,0.447,0.356,0.409,0.416,0.634,0.937,0.022,20,0.209,0.531,15,75,10,0,0,2.8,1.9,44,27,61,6,53,8,332,14,29
Malik Monk,SAC,SG,26,65,45,2054,31.6,N/a,N/a,N/a,17.2,3.8,0.5,3.3,5.6,0.9,0.6,2.4,2.4,412,939,0.439,139,428,0.325,273,511,0.534,154,178,0.865,0.513,26.6,5.8,8.6,1.5,0.9,3.8,110,117,15.0,0.549,0.456,0.19,24.6,1.6,11.7,6.7,25.7,1.5,1.8,13.5,1.3,1.4,2.8,0.065,0.3,-1.1,-0.8,0.6,16.0,0.544,0.145,0.242,0.106,0.051,0.456,0.534,0.632,0.524,0.47,0.438,0.325,0.443,0.82,0.036,29,0.121,0.442,53,46,1,0,0,2.3,3.8,100,43,108,10,79,20,842,21,54
Marcus Smart,WAS,PG,30,34,7,680,20.0,N/a,N/a,N/a,9.0,2.1,0.5,1.6,3.2,1.1,0.3,1.6,1.6,101,257,0.393,49,141,0.348,52,116,0.448,54,71,0.761,0.488,21.0,5.0,7.5,2.7,0.6,3.7,107,116,12.4,0.529,0.549,0.276,20.6,2.8,8.3,5.6,21.7,2.7,1.2,15.8,0.1,0.6,0.7,0.051,-1.6,0.1,-1.5,0.1,17.4,0.451,0.074,0.28,0.066,0.031,0.549,0.448,0.579,0.403,0.412,0.625,0.348,0.385,0.837,0.004,0,0.27,0.342,34,64,3,0,0,3.8,6.4,34,12,22,5,19,13,262,3,9
Marcus Sasser,DET,PG,24,57,1,811,14.2,N/a,N/a,N/a,6.6,1.2,0.3,0.9,2.3,0.6,0.1,0.9,1.3,137,296,0.463,58,152,0.382,79,144,0.549,43,51,0.843,0.561,22.2,4.1,7.9,2.2,0.2,3.2,117,115,14.0,0.589,0.514,0.172,19.4,2.5,6.9,4.7,22.9,2.2,0.5,14.5,1.0,0.8,1.8,0.108,-0.4,-0.2,-0.6,0.3,17.5,0.486,0.128,0.155,0.118,0.084,0.514,0.549,0.789,0.435,0.514,0.44,0.382,0.418,0.586,0.0,0,0.151,0.391,95,5,0,0,0,2.7,0.8,32,16,34,2,23,0,327,6,16
Marcus Bagley,PHI,SF,23,10,4,253,25.3,N/a,N/a,N/a,6.7,7.0,2.3,4.7,1.0,0.9,1.2,0.7,1.6,27,69,0.391,5,32,0.156,22,37,0.595,8,10,0.8,0.428,13.1,13.6,1.9,1.8,2.3,1.4,105,115,11.8,0.456,0.464,0.145,13.8,9.9,21.9,15.7,5.5,1.8,4.7,8.7,0.0,0.2,0.2,0.045,-3.4,-0.9,-4.3,-0.1,13.4,0.536,0.391,0.087,0.043,0.014,0.464,0.595,0.704,0.333,0.333,0.0,0.156,0.545,0.8,0.159,10,0.406,0.308,0,0,14,86,0,-14.2,-8.3,5,0,12,1,5,2,23,0,5
Mark Williams,CHO,C,23,44,41,1171,26.6,N/a,N/a,N/a,15.3,10.2,3.0,7.2,2.5,0.7,1.2,1.6,2.4,270,447,0.604,0,4,0.0,270,443,0.609,131,163,0.804,0.604,28.2,18.8,4.6,1.3,2.3,3.0,127,111,23.9,0.647,0.009,0.365,21.4,11.8,29.3,20.3,16.5,1.3,4.5,12.0,3.1,1.6,4.7,0.195,2.5,0.9,3.5,1.6,3.8,0.991,0.555,0.376,0.056,0.004,0.009,0.609,0.754,0.423,0.44,0.5,0.0,0.807,N/a,0.264,109,0.25,0.0,0,0,0,1,100,-13.1,-5.3,27,23,60,15,87,3,276,25,25
Marvin Bagley III,MEM,PF,25,31,2,265,8.5,N/a,N/a,N/a,4.4,2.7,1.2,1.5,0.4,0.3,0.3,0.4,0.6,55,106,0.519,3,19,0.158,52,87,0.598,23,35,0.657,0.533,24.2,14.9,2.0,1.6,1.4,2.1,117,115,18.4,0.56,0.179,0.33,20.9,15.0,18.2,16.6,6.5,1.6,2.7,9.0,0.4,0.2,0.6,0.108,0.4,-1.6,-1.2,0.1,7.8,0.821,0.5,0.264,0.057,0.0,0.179,0.598,0.736,0.393,0.333,N/a,0.158,0.538,1.0,0.208,21,0.316,0.167,0,0,0,24,76,-1.5,4.4,6,5,13,0,17,1,27,3,4
Mason Plumlee,PHO,C,34,74,21,1300,17.6,N/a,N/a,N/a,4.5,6.1,1.6,4.6,1.8,0.4,0.6,0.8,2.1,125,202,0.619,0,4,0.0,125,198,0.631,83,128,0.648,0.619,12.7,17.3,5.1,1.3,1.8,2.2,131,115,14.8,0.645,0.02,0.634,10.8,10.2,28.4,19.5,13.6,1.3,3.4,18.6,2.4,1.3,3.7,0.136,-1.5,1.0,-0.6,0.5,3.9,0.98,0.545,0.396,0.035,0.005,0.02,0.631,0.782,0.475,0.143,0.0,0.0,0.776,N/a,0.347,62,0.5,0.0,0,0,0,1,99,1.1,5.7,19,17,97,16,59,3,317,8,26
Matas Buzelis,CHI,SF,20,80,31,1511,18.9,N/a,N/a,N/a,8.6,3.5,0.7,2.8,1.0,0.4,0.9,0.9,1.6,252,555,0.454,96,266,0.361,156,289,0.54,88,108,0.815,0.541,21.3,8.6,2.4,0.9,2.3,2.3,108,115,12.5,0.571,0.479,0.195,18.7,3.9,15.2,9.6,7.2,0.9,4.3,10.9,0.5,1.4,1.9,0.06,-2.0,-0.5,-2.5,-0.2,13.7,0.521,0.305,0.178,0.023,0.014,0.479,0.54,0.633,0.434,0.154,0.5,0.361,0.699,0.979,0.141,65,0.504,0.366,0,0,20,75,6,-1.6,-0.6,25,33,97,4,57,4,195,10,29
Matisse Thybulle,POR,SG,27,15,5,312,20.8,N/a,N/a,N/a,7.5,3.5,0.9,2.5,1.9,2.2,0.6,0.9,0.9,42,88,0.477,21,48,0.438,21,40,0.525,7,15,0.467,0.597,17.4,8.1,4.4,5.1,1.4,2.0,119,107,17.0,0.592,0.545,0.17,14.4,4.7,13.6,9.0,12.7,5.1,2.6,12.1,0.4,0.6,0.9,0.146,0.0,5.1,5.0,0.6,15.6,0.455,0.148,0.295,0.011,0.0,0.545,0.525,0.769,0.423,0.0,N/a,0.438,0.571,1.0,0.091,7,0.458,0.364,19,61,18,2,0,0.3,3.9,8,4,5,0,6,2,69,1,3
Max Strus,CLE,SF,28,50,37,1273,25.5,N/a,N/a,N/a,9.4,4.3,1.1,3.3,3.2,0.5,0.2,1.1,2.1,165,373,0.442,113,293,0.386,52,80,0.65,28,34,0.824,0.594,17.8,8.2,6.0,1.0,0.5,2.0,125,115,12.6,0.607,0.786,0.091,14.7,4.6,13.6,9.2,15.6,1.0,0.9,12.2,2.2,1.3,3.4,0.13,1.1,0.2,1.3,1.1,20.6,0.214,0.134,0.078,0.0,0.003,0.786,0.65,0.78,0.448,N/a,0.0,0.386,0.731,0.965,0.035,10,0.304,0.382,0,21,68,11,0,8.9,-1.2,32,13,59,2,10,12,365,2,11
Max Christie,DAL,SG,21,78,36,2127,27.3,N/a,N/a,N/a,9.6,3.3,0.5,2.8,1.9,0.8,0.4,1.1,1.5,252,590,0.427,115,314,0.366,137,276,0.496,130,152,0.855,0.525,17.2,5.9,3.4,1.5,0.7,2.0,111,117,10.4,0.57,0.532,0.258,15.2,2.0,11.2,6.7,9.2,1.5,1.3,11.8,1.1,1.6,2.7,0.06,-2.1,-0.5,-2.5,-0.3,16.9,0.468,0.144,0.18,0.073,0.071,0.532,0.496,0.8,0.396,0.279,0.357,0.366,0.606,0.957,0.053,25,0.366,0.383,2,62,35,0,0,-0.8,-1.6,45,34,68,4,71,5,360,16,39
Maxi Kleber,DAL,PF,33,34,4,637,18.7,N/a,N/a,N/a,3.0,2.8,0.7,2.1,1.3,0.3,0.5,0.7,1.9,37,96,0.385,13,49,0.265,24,47,0.511,16,21,0.762,0.453,7.8,7.2,3.3,0.7,1.3,1.7,104,119,5.6,0.489,0.51,0.219,8.7,4.4,11.7,8.1,8.3,0.7,2.3,17.9,0.0,0.4,0.3,0.023,-4.2,0.4,-3.8,-0.3,15.9,0.49,0.177,0.208,0.021,0.083,0.51,0.511,0.706,0.3,0.5,0.625,0.265,0.833,0.923,0.073,6,0.347,0.235,0,0,0,66,35,-0.7,0.7,12,4,41,4,9,4,109,1,7
Maxwell Lewis,BRK,SF,22,28,1,327,11.7,N/a,N/a,N/a,4.1,2.0,0.6,1.3,0.7,0.3,0.3,0.5,1.0,45,108,0.417,19,50,0.38,26,58,0.448,7,10,0.7,0.505,17.6,8.4,2.9,1.4,1.1,2.1,104,117,9.9,0.516,0.463,0.093,16.9,6.0,13.5,9.5,9.0,1.4,2.1,11.1,-0.1,0.3,0.2,0.03,-3.2,-1.1,-4.4,-0.2,13.7,0.537,0.167,0.25,0.065,0.056,0.463,0.448,0.722,0.333,0.429,0.167,0.38,0.654,0.895,0.037,3,0.4,0.35,13,50,34,3,0,-8.4,-1.5,4,8,19,0,5,2,53,0,10
Micah Potter,UTA,C,26,38,10,705,18.6,N/a,N/a,N/a,4.3,4.3,1.1,3.2,0.8,0.4,0.4,0.8,1.3,57,135,0.422,31,98,0.316,26,37,0.703,17,20,0.85,0.537,11.0,11.2,2.1,1.0,1.0,2.1,110,121,8.5,0.563,0.726,0.148,10.3,6.6,18.4,12.5,5.8,1.0,1.9,17.7,0.2,0.3,0.4,0.03,-2.9,-0.6,-3.5,-0.3,18.8,0.274,0.156,0.096,0.015,0.007,0.726,0.703,0.81,0.538,0.5,1.0,0.316,0.654,1.0,0.111,13,0.571,0.321,0,0,0,48,52,-7.8,1.7,11,8,32,4,9,4,78,2,5
Michael Porter Jr.,DEN,SF,26,77,77,2593,33.7,N/a,N/a,N/a,18.2,7.0,1.8,5.2,2.1,0.6,0.5,1.4,2.0,528,1048,0.504,193,489,0.395,335,559,0.599,149,194,0.768,0.596,25.9,10.0,3.1,0.9,0.7,1.9,122,118,16.2,0.617,0.467,0.185,20.2,6.1,16.2,11.4,8.7,0.9,1.3,8.4,4.6,1.8,6.4,0.118,1.6,-1.7,-0.1,1.2,15.9,0.533,0.228,0.156,0.053,0.095,0.467,0.599,0.762,0.53,0.536,0.36,0.395,0.74,0.922,0.096,88,0.125,0.508,0,0,42,56,1,4.6,1.8,44,40,92,7,88,0,384,18,48
Mikal Bridges,NYK,SF,28,82,82,3036,37.0,N/a,N/a,N/a,17.6,3.2,0.9,2.3,3.7,0.9,0.5,1.6,1.5,592,1183,0.5,164,463,0.354,428,720,0.594,96,118,0.814,0.57,23.6,4.2,5.0,1.2,0.7,2.2,117,118,14.0,0.585,0.391,0.1,19.6,2.7,7.0,4.9,14.4,1.2,1.3,9.7,3.7,2.0,5.7,0.09,0.4,-0.9,-0.5,1.2,14.7,0.609,0.185,0.189,0.192,0.042,0.391,0.594,0.785,0.513,0.507,0.52,0.354,0.682,0.957,0.025,28,0.449,0.423,0,2,83,16,0,5.6,5.9,79,42,51,6,52,11,745,14,24
Mike Conley,MIN,PG,37,71,64,1756,24.7,N/a,N/a,N/a,8.2,2.6,0.5,2.1,4.5,1.1,0.2,1.1,1.6,187,468,0.4,127,310,0.41,60,158,0.38,81,90,0.9,0.535,16.4,5.1,9.0,2.2,0.4,2.1,125,113,13.3,0.573,0.662,0.192,14.4,2.1,9.3,5.7,24.5,2.2,0.7,12.9,3.0,2.2,5.2,0.142,-0.1,1.3,1.2,1.4,19.4,0.338,0.077,0.15,0.081,0.03,0.662,0.38,0.583,0.371,0.342,0.0,0.41,0.433,0.819,0.0,0,0.268,0.494,100,0,0,0,0,6.2,2.1,53,15,58,2,29,24,760,2,18
Miles Bridges,CHO,PF,26,64,64,2029,31.7,N/a,N/a,N/a,20.3,7.5,1.1,6.4,3.9,0.7,0.7,2.1,1.5,469,1089,0.431,141,450,0.313,328,639,0.513,221,254,0.87,0.495,31.5,11.7,6.0,1.1,1.1,3.3,110,116,17.7,0.541,0.413,0.233,28.0,3.7,21.9,12.6,21.7,1.1,2.2,10.2,1.3,1.8,3.2,0.075,2.3,-0.5,1.8,2.0,13.8,0.587,0.242,0.274,0.051,0.02,0.413,0.513,0.712,0.393,0.309,0.273,0.313,0.482,0.908,0.058,55,0.236,0.396,0,0,11,79,9,-6.3,6.4,68,54,50,7,128,7,590,37,72
Miles McBride,NYK,SG,24,64,10,1593,24.9,N/a,N/a,N/a,9.5,2.5,0.7,1.8,2.9,1.0,0.3,0.6,1.7,222,547,0.406,115,312,0.369,107,235,0.455,52,64,0.813,0.511,19.0,5.0,5.8,2.1,0.5,1.3,117,116,12.6,0.531,0.57,0.117,16.8,3.4,8.1,5.8,15.6,2.1,1.0,6.7,1.8,1.4,3.2,0.098,-0.4,0.4,0.0,0.8,18.3,0.43,0.141,0.101,0.11,0.079,0.57,0.455,0.494,0.327,0.55,0.419,0.369,0.393,0.809,0.026,10,0.276,0.395,19,81,0,0,0,7.5,5.6,22,11,50,2,25,14,466,4,33
Mitchell Robinson,NYK,C,26,17,3,290,17.1,N/a,N/a,N/a,5.1,5.9,3.1,2.9,0.8,0.9,1.1,0.6,1.5,37,56,0.661,0,0,N/a,37,56,0.661,13,19,0.684,0.661,14.9,17.3,2.2,2.7,3.1,1.7,143,108,20.4,0.676,0.0,0.339,11.1,20.8,19.2,20.0,5.9,2.7,5.8,13.4,0.8,0.5,1.3,0.221,1.5,1.8,3.3,0.4,1.1,1.0,0.893,0.107,0.0,0.0,0.0,0.661,0.72,0.167,N/a,N/a,N/a,0.378,N/a,0.411,20,N/a,N/a,0,0,0,16,84,7.1,3.2,4,1,19,2,6,0,32,1,1
Mo Bamba,NOP,C,26,32,2,413,12.9,N/a,N/a,N/a,4.3,4.5,1.0,3.5,0.6,0.3,1.0,0.6,1.8,52,112,0.464,15,54,0.278,37,58,0.638,19,27,0.704,0.531,16.4,17.2,2.1,1.1,3.7,2.4,111,106,13.9,0.557,0.482,0.241,15.2,8.8,30.5,19.7,6.0,1.1,7.4,13.9,0.2,0.8,1.0,0.117,-2.7,1.9,-0.9,0.1,13.3,0.518,0.259,0.214,0.027,0.018,0.482,0.638,0.793,0.458,0.667,0.5,0.278,0.649,1.0,0.107,10,0.352,0.263,0,0,0,0,100,-8.0,-11.4,6,4,34,6,15,0,44,3,6
Monte Morris,PHO,PG,29,45,0,571,12.7,N/a,N/a,N/a,5.2,1.5,0.3,1.2,1.6,0.4,0.1,0.5,0.5,83,195,0.426,31,86,0.36,52,109,0.477,36,42,0.857,0.505,20.2,5.8,6.3,1.7,0.3,1.8,115,121,13.1,0.546,0.441,0.215,18.1,2.4,10.5,6.5,18.1,1.7,0.5,9.0,0.6,0.2,0.8,0.064,-1.0,-0.8,-1.8,0.0,16.1,0.559,0.056,0.262,0.144,0.097,0.441,0.477,0.909,0.431,0.393,0.474,0.36,0.462,0.903,0.0,0,0.465,0.375,100,0,0,0,0,3.9,7.8,14,5,10,0,17,3,169,1,14
Moritz Wagner,ORL,C,27,30,1,564,18.8,N/a,N/a,N/a,12.9,4.9,1.3,3.6,1.4,0.8,0.4,1.6,1.8,140,249,0.562,27,75,0.36,113,174,0.649,79,110,0.718,0.616,34.2,13.1,3.7,2.1,1.1,4.3,118,108,22.3,0.649,0.301,0.442,26.8,7.7,23.1,15.0,13.7,2.1,2.0,14.1,1.0,1.0,2.0,0.174,2.6,1.4,4.0,0.9,9.5,0.699,0.486,0.201,0.008,0.004,0.301,0.649,0.711,0.54,0.0,0.0,0.36,0.69,1.0,0.076,18,0.307,0.391,0,0,0,4,96,-3.0,-2.9,12,17,22,11,50,9,100,14,14
Moses Moody,GSW,SG,22,74,34,1649,22.3,N/a,N/a,N/a,9.8,2.6,0.7,1.9,1.3,0.8,0.4,0.7,1.6,246,568,0.433,126,337,0.374,120,231,0.519,106,133,0.797,0.544,21.4,5.6,2.8,1.7,0.9,1.6,116,114,12.4,0.578,0.593,0.234,17.4,3.3,9.2,6.2,8.3,1.7,1.8,7.9,1.7,1.8,3.5,0.102,-0.9,0.0,-0.9,0.5,17.0,0.407,0.137,0.201,0.055,0.014,0.593,0.519,0.718,0.509,0.194,0.0,0.374,0.667,0.968,0.033,17,0.368,0.435,18,51,27,5,0,4.8,2.2,23,18,53,5,64,7,241,10,36
Mouhamed Gueye,ATL,PF,22,33,28,533,16.2,N/a,N/a,N/a,6.0,4.2,1.3,2.9,0.8,0.8,1.0,0.5,1.7,72,171,0.421,21,81,0.259,51,90,0.567,32,42,0.762,0.482,17.3,12.2,2.4,2.5,2.9,1.3,114,111,14.4,0.52,0.474,0.246,15.7,8.8,20.0,14.3,6.6,2.5,5.7,7.3,0.4,0.8,1.2,0.106,-1.6,1.0,-0.6,0.2,13.3,0.526,0.339,0.129,0.053,0.006,0.474,0.567,0.655,0.364,0.556,0.0,0.259,0.824,1.0,0.17,25,0.593,0.25,0,0,0,74,26,7.8,10.4,6,6,35,1,21,2,65,3,11
Moussa Diabaté,CHO,C,23,71,8,1241,17.5,N/a,N/a,N/a,5.7,6.2,2.6,3.5,0.8,0.6,0.6,0.9,1.5,167,280,0.596,0,6,0.0,167,274,0.609,69,116,0.595,0.596,16.0,17.4,2.2,1.8,1.6,2.4,122,113,16.5,0.609,0.021,0.414,13.4,15.7,22.0,18.8,6.8,1.8,3.2,15.6,1.8,1.5,3.2,0.125,-1.4,-0.4,-1.9,0.0,3.6,0.979,0.65,0.271,0.054,0.004,0.021,0.609,0.698,0.447,0.4,0.0,0.0,0.743,N/a,0.329,78,0.333,0.0,0,0,0,9,91,-3.4,8.6,25,18,49,9,51,7,142,12,24
Myles Turner,IND,C,28,72,72,2174,30.2,N/a,N/a,N/a,15.6,6.5,1.3,5.3,1.5,0.8,2.0,1.7,2.5,390,811,0.481,156,394,0.396,234,417,0.561,184,238,0.773,0.577,24.8,10.4,2.5,1.2,3.2,2.7,113,112,16.1,0.612,0.486,0.293,20.7,4.7,19.4,12.1,7.1,1.2,6.0,11.8,1.8,2.9,4.7,0.104,0.0,0.4,0.4,1.3,16.2,0.514,0.175,0.206,0.073,0.06,0.486,0.561,0.746,0.425,0.559,0.49,0.396,0.846,0.981,0.09,59,0.14,0.491,0,0,0,0,100,3.9,3.4,43,32,103,31,117,1,251,25,37
Naji Marshall,DAL,SF,27,69,31,1919,27.8,N/a,N/a,N/a,13.2,4.8,1.1,3.7,3.0,1.0,0.2,1.6,1.6,362,712,0.508,60,218,0.275,302,494,0.611,130,160,0.813,0.551,23.0,8.3,5.2,1.8,0.3,2.8,115,117,15.1,0.584,0.306,0.225,20.0,4.4,14.0,9.3,15.8,1.8,0.5,12.5,2.0,1.5,3.5,0.087,-0.3,-0.5,-0.8,0.6,12.0,0.694,0.25,0.33,0.098,0.015,0.306,0.611,0.73,0.528,0.571,0.727,0.275,0.483,1.0,0.038,20,0.482,0.295,0,3,43,52,2,-2.6,-2.7,59,38,52,9,80,2,502,18,37
Naz Reid,MIN,C,25,80,17,2200,27.5,N/a,N/a,N/a,14.2,6.0,1.2,4.9,2.3,0.7,0.9,1.4,2.4,426,923,0.462,175,462,0.379,251,461,0.544,111,143,0.776,0.556,25.5,10.8,4.1,1.3,1.6,2.4,115,110,15.8,0.577,0.501,0.155,21.5,4.7,19.3,12.1,12.6,1.3,3.0,9.9,2.4,3.3,5.7,0.125,0.8,0.8,1.6,2.0,15.4,0.499,0.2,0.255,0.044,0.0,0.501,0.544,0.681,0.468,0.366,N/a,0.379,0.641,0.92,0.034,25,0.227,0.39,0,0,0,43,57,7.1,4.6,46,35,131,13,69,7,458,20,41
Neemias Queta,BOS,C,25,62,6,863,13.9,N/a,N/a,N/a,5.0,3.8,1.4,2.4,0.7,0.3,0.7,0.6,1.7,132,203,0.65,0,3,0.0,132,200,0.66,46,61,0.754,0.65,18.0,13.7,2.6,1.0,2.4,2.3,132,110,16.3,0.674,0.015,0.3,13.7,11.2,18.5,14.9,7.4,1.0,4.5,14.8,1.8,1.4,3.2,0.179,-1.7,1.0,-0.7,0.3,3.6,0.985,0.591,0.355,0.039,0.0,0.015,0.66,0.708,0.583,0.625,N/a,0.0,0.795,N/a,0.315,59,0.333,0.0,0,0,0,11,89,10.1,1.4,6,8,57,18,28,2,120,5,13
Nic Claxton,BRK,C,25,70,62,1882,26.9,N/a,N/a,N/a,10.3,7.4,2.2,5.1,2.2,0.9,1.4,1.2,2.1,320,568,0.563,5,21,0.238,315,547,0.576,79,154,0.513,0.568,19.2,13.6,4.2,1.6,2.6,2.3,115,112,16.5,0.569,0.037,0.271,16.8,9.0,22.7,15.5,13.7,1.6,5.3,12.0,1.8,2.5,4.3,0.11,-1.1,1.5,0.4,1.1,5.3,0.963,0.481,0.359,0.1,0.023,0.037,0.576,0.755,0.397,0.456,0.154,0.238,0.673,1.0,0.229,119,0.381,0.25,0,0,0,1,99,-12.7,-9.8,27,19,56,27,67,6,380,16,30
Nick Richards,PHO,C,27,57,43,1256,22.0,N/a,N/a,N/a,9.3,8.2,2.6,5.6,0.9,0.2,1.0,1.4,2.5,205,347,0.591,0,2,0.0,205,345,0.594,119,160,0.744,0.591,20.8,18.3,1.9,0.6,2.2,3.2,120,115,16.6,0.634,0.006,0.461,17.3,13.1,27.5,20.4,5.9,0.5,4.2,16.3,1.8,1.2,3.0,0.114,-2.0,-1.3,-3.3,-0.4,4.0,0.994,0.496,0.398,0.092,0.009,0.006,0.594,0.75,0.428,0.469,0.667,0.0,0.683,N/a,0.288,83,1.0,0.0,0,0,0,0,100,-8.6,-4.5,24,25,83,24,76,9,120,16,51
Nick Smith Jr.,CHO,SG,20,60,27,1369,22.8,N/a,N/a,N/a,9.9,2.1,0.2,1.9,2.4,0.3,0.1,1.4,1.3,222,568,0.391,104,306,0.34,118,262,0.45,43,46,0.935,0.482,21.2,4.6,5.2,0.6,0.2,2.9,100,121,8.3,0.502,0.539,0.081,20.8,1.0,9.1,5.0,16.7,0.6,0.4,12.2,-0.9,0.3,-0.5,-0.019,-3.2,-2.6,-5.7,-1.3,18.5,0.461,0.069,0.174,0.158,0.06,0.539,0.45,0.59,0.404,0.467,0.382,0.34,0.381,0.817,0.004,2,0.193,0.356,17,73,11,0,0,-15.0,-8.6,52,23,43,2,15,4,348,3,23
Nickeil Alexander-Walker,MIN,SG,26,82,10,2073,25.3,N/a,N/a,N/a,9.4,3.2,0.7,2.6,2.7,0.6,0.4,1.2,1.7,270,616,0.438,141,370,0.381,129,246,0.524,92,118,0.78,0.553,18.4,6.3,5.3,1.2,0.8,2.4,116,114,11.6,0.579,0.601,0.192,16.0,2.9,11.1,7.1,15.0,1.2,1.5,12.9,2.0,2.3,4.3,0.099,-0.8,0.4,-0.4,0.8,17.5,0.399,0.166,0.14,0.063,0.031,0.601,0.524,0.667,0.43,0.359,0.526,0.381,0.612,0.986,0.019,8,0.335,0.468,26,61,14,0,0,6.7,3.6,70,17,80,4,48,42,534,16,24
Nicolas Batum,LAC,PF,36,78,8,1367,17.5,N/a,N/a,N/a,4.0,2.8,0.6,2.2,1.1,0.7,0.5,0.4,1.4,104,238,0.437,88,203,0.433,16,35,0.457,17,21,0.81,0.622,11.3,7.9,3.0,1.9,1.3,1.2,126,111,10.3,0.633,0.853,0.088,9.0,4.0,14.0,9.0,7.8,1.9,2.6,12.1,1.5,2.0,3.5,0.124,-1.2,2.0,0.8,1.0,22.1,0.147,0.059,0.055,0.008,0.025,0.853,0.457,0.571,0.385,0.0,0.5,0.433,0.5,0.989,0.021,4,0.478,0.474,0,0,0,71,29,5.9,2.1,22,3,55,6,9,2,202,2,5
Nikola Vučević,CHI,C,34,73,72,2278,31.2,N/a,N/a,N/a,18.5,10.1,2.4,7.6,3.5,0.8,0.7,1.6,2.2,550,1038,0.53,129,321,0.402,421,717,0.587,120,149,0.805,0.592,27.6,15.1,5.2,1.2,1.1,2.4,122,113,20.3,0.611,0.309,0.144,22.4,8.3,25.2,16.9,17.1,1.2,2.0,9.7,4.7,2.6,7.3,0.153,2.5,0.1,2.6,2.7,12.5,0.691,0.214,0.319,0.118,0.04,0.309,0.587,0.689,0.565,0.508,0.452,0.402,0.758,0.992,0.012,10,0.084,0.407,0,0,0,0,100,-2.1,-2.0,61,28,106,15,70,3,648,21,38
Nikola Jokić,DEN,C,29,70,70,2571,36.7,N/a,N/a,N/a,29.6,12.7,2.9,9.9,10.2,1.8,0.6,3.3,2.3,786,1364,0.576,138,331,0.417,648,1033,0.627,361,451,0.8,0.627,38.7,16.7,13.4,2.4,0.8,4.3,133,111,32.0,0.663,0.243,0.331,29.5,9.0,28.2,19.1,44.1,2.4,1.6,12.8,12.7,3.8,16.4,0.307,9.9,3.3,13.3,9.8,11.5,0.757,0.235,0.403,0.078,0.042,0.243,0.627,0.725,0.605,0.491,0.544,0.417,0.653,0.862,0.019,25,0.045,0.533,0,0,0,0,100,10.5,19.0,135,65,76,17,174,5,1668,57,63
Nikola Jović,MIA,PF,21,46,10,1156,25.1,N/a,N/a,N/a,10.7,3.9,0.6,3.3,2.8,0.8,0.3,1.3,1.8,172,377,0.456,78,210,0.371,94,167,0.563,72,87,0.828,0.56,21.3,7.8,5.7,1.6,0.6,2.6,115,114,13.8,0.595,0.557,0.231,18.3,2.5,14.6,8.6,16.6,1.6,1.1,12.6,1.2,1.3,2.5,0.104,-0.3,0.6,0.3,0.7,16.1,0.443,0.183,0.21,0.034,0.016,0.557,0.563,0.739,0.468,0.231,0.5,0.371,0.649,0.949,0.016,5,0.348,0.479,0,0,3,90,7,-1.3,-2.7,29,14,47,7,43,3,316,10,12
Noah Clowney,BRK,PF,20,46,20,1042,22.7,N/a,N/a,N/a,9.1,3.9,0.9,3.0,0.9,0.5,0.5,1.0,2.3,133,372,0.358,87,261,0.333,46,111,0.414,67,80,0.838,0.474,20.1,8.6,1.9,1.1,1.0,2.2,102,117,9.2,0.516,0.702,0.215,19.0,4.5,15.8,9.9,5.9,1.1,2.0,10.2,-0.3,0.8,0.5,0.023,-3.1,-1.0,-4.1,-0.5,19.2,0.298,0.142,0.118,0.035,0.003,0.702,0.414,0.642,0.205,0.231,0.0,0.333,0.696,0.954,0.065,17,0.249,0.338,0,0,10,63,27,-13.4,-8.1,14,14,58,10,37,13,103,6,28
Norman Powell,LAC,SG,31,60,60,1958,32.6,N/a,N/a,N/a,21.8,3.2,0.4,2.8,2.1,1.2,0.2,1.8,1.9,457,945,0.484,179,428,0.418,278,517,0.538,213,265,0.804,0.578,32.8,4.8,3.1,1.8,0.2,2.7,116,113,17.5,0.615,0.453,0.28,26.1,1.2,9.6,5.5,10.2,1.8,0.5,9.2,2.9,2.3,5.3,0.129,1.7,-0.2,1.5,1.8,15.3,0.547,0.184,0.236,0.086,0.041,0.453,0.538,0.718,0.453,0.42,0.462,0.418,0.601,0.793,0.019,16,0.145,0.419,9,47,44,1,0,8.3,7.4,42,42,62,9,112,8,293,16,52
Obi Toppin,IND,PF,26,79,4,1545,19.6,N/a,N/a,N/a,10.5,4.0,0.7,3.3,1.6,0.6,0.4,0.9,1.4,317,599,0.529,110,301,0.365,207,298,0.695,89,114,0.781,0.621,25.9,9.9,4.0,1.4,0.9,2.1,122,114,17.4,0.642,0.503,0.19,20.1,4.1,18.7,11.5,11.9,1.4,1.6,9.5,2.7,1.6,4.3,0.135,1.8,-0.1,1.7,1.4,14.9,0.497,0.295,0.159,0.037,0.007,0.503,0.695,0.791,0.632,0.273,0.25,0.365,0.758,0.964,0.129,74,0.385,0.44,0,0,0,65,36,-2.6,-8.3,32,19,61,8,49,1,296,12,25
Ochai Agbaji,TOR,SG,24,64,45,1739,27.2,N/a,N/a,N/a,10.4,3.8,1.0,2.8,1.5,0.9,0.5,0.8,2.0,266,534,0.498,101,253,0.399,165,281,0.587,34,48,0.708,0.593,18.5,6.7,2.7,1.6,0.8,1.5,117,116,12.0,0.601,0.474,0.09,14.6,3.7,11.4,7.5,7.9,1.6,1.6,8.9,1.6,1.5,3.1,0.087,-0.9,0.2,-0.7,0.5,13.2,0.526,0.365,0.124,0.028,0.009,0.474,0.587,0.672,0.439,0.2,0.4,0.399,0.794,0.96,0.069,33,0.542,0.416,10,64,25,1,0,-5.7,-2.4,20,17,72,5,22,1,240,6,36
OG Anunoby,NYK,PF,27,74,74,2706,36.6,N/a,N/a,N/a,18.0,4.8,1.3,3.5,2.2,1.5,0.9,1.4,2.3,489,1027,0.476,171,460,0.372,318,567,0.561,183,226,0.81,0.559,24.4,6.6,3.0,2.0,1.2,1.9,118,114,15.4,0.591,0.448,0.22,19.7,4.2,11.0,7.6,8.5,2.0,2.2,8.3,3.7,2.8,6.5,0.116,0.7,0.1,0.7,1.9,13.5,0.552,0.338,0.123,0.055,0.037,0.448,0.561,0.706,0.349,0.321,0.289,0.372,0.717,0.93,0.14,132,0.45,0.377,0,0,5,95,0,5.2,3.2,38,37,98,10,117,14,392,26,89
Olivier-Maxence Prosper,DAL,PF,22,52,4,584,11.2,N/a,N/a,N/a,3.9,2.4,0.8,1.6,0.8,0.5,0.1,0.3,0.5,70,174,0.402,12,51,0.235,58,123,0.472,49,76,0.645,0.437,16.6,10.4,3.3,2.2,0.5,1.2,111,116,12.6,0.484,0.293,0.437,16.3,8.4,15.0,11.8,9.1,2.2,0.9,6.3,0.3,0.5,0.9,0.072,-1.6,-0.5,-2.1,0.0,10.4,0.707,0.356,0.276,0.029,0.046,0.293,0.472,0.661,0.313,0.0,0.25,0.235,0.638,1.0,0.08,11,0.667,0.265,0,0,7,56,37,-7.4,-7.3,6,3,14,2,37,2,100,6,17
Onyeka Okongwu,ATL,C,24,74,40,2064,27.9,N/a,N/a,N/a,13.4,8.9,3.0,5.9,2.3,0.9,0.9,1.2,2.6,388,684,0.567,48,148,0.324,340,536,0.634,164,216,0.759,0.602,22.4,15.0,3.8,1.6,1.5,2.0,129,114,19.0,0.634,0.216,0.316,17.3,11.4,24.0,17.5,11.4,1.6,3.0,10.4,4.9,2.3,7.2,0.168,1.2,0.2,1.3,1.7,7.9,0.784,0.48,0.263,0.038,0.003,0.216,0.634,0.738,0.472,0.5,0.0,0.324,0.768,1.0,0.145,91,0.534,0.354,0,0,0,0,100,0.5,3.6,39,23,119,17,103,0,402,24,50
Orlando Robinson,TOR,C,24,44,8,770,17.5,N/a,N/a,N/a,6.9,5.0,2.0,3.0,1.8,0.4,0.4,1.1,2.3,116,261,0.444,17,52,0.327,99,209,0.474,54,70,0.771,0.477,19.0,13.8,4.8,1.1,1.0,3.1,110,115,12.9,0.519,0.199,0.268,18.5,12.1,18.7,15.4,14.0,1.1,2.0,14.4,0.4,0.8,1.2,0.072,-3.0,-0.4,-3.4,-0.3,10.0,0.801,0.345,0.333,0.111,0.011,0.199,0.474,0.622,0.345,0.379,0.667,0.327,0.657,1.0,0.077,14,0.135,0.286,0,0,0,2,98,-5.5,-2.0,17,16,62,10,34,1,190,2,26
Oscar Tshiebwe,UTA,C,25,14,1,255,18.2,N/a,N/a,N/a,7.6,8.7,3.3,5.4,0.6,0.9,0.1,0.7,1.7,42,70,0.6,0,0,N/a,42,70,0.6,23,31,0.742,0.6,20.1,23.0,1.7,2.4,0.2,1.9,135,114,21.0,0.64,0.0,0.443,15.3,19.6,31.9,25.8,5.3,2.4,0.4,10.7,0.7,0.3,1.0,0.182,0.6,-2.0,-1.4,0.0,4.6,1.0,0.3,0.629,0.071,0.0,0.0,0.6,0.81,0.545,0.2,N/a,N/a,0.595,N/a,0.114,6,N/a,N/a,0,0,3,59,38,-1.0,8.8,3,2,12,1,19,1,23,7,10
Oso Ighodaro,PHO,PF,22,61,6,1045,17.1,N/a,N/a,N/a,4.2,3.6,1.1,2.6,1.2,0.5,0.5,0.6,1.7,113,187,0.604,0,2,0.0,113,185,0.611,29,50,0.58,0.604,12.1,10.5,3.4,1.3,1.4,1.8,121,119,11.1,0.61,0.011,0.267,10.5,7.2,16.2,11.9,9.1,1.3,2.6,15.7,1.1,0.6,1.6,0.075,-2.9,0.3,-2.6,-0.2,6.4,0.989,0.353,0.358,0.278,0.0,0.011,0.611,0.833,0.493,0.481,N/a,0.0,0.858,N/a,0.31,50,0.0,N/a,0,0,2,46,53,0.5,4.4,17,15,65,6,20,1,166,5,15
Ousmane Dieng,OKC,C,21,37,1,405,10.9,N/a,N/a,N/a,3.8,2.2,0.5,1.7,0.8,0.5,0.2,0.5,0.9,54,125,0.432,23,71,0.324,31,54,0.574,11,16,0.688,0.524,16.8,9.6,3.7,2.0,0.8,2.1,109,108,11.5,0.538,0.568,0.128,15.7,4.9,16.3,10.7,9.6,2.0,1.7,12.0,0.1,0.7,0.9,0.104,-2.0,1.1,-0.9,0.1,16.6,0.432,0.232,0.12,0.048,0.032,0.568,0.574,0.655,0.467,0.5,0.5,0.324,0.742,0.913,0.136,16,0.31,0.318,0,0,1,28,71,6.0,-7.9,10,4,22,0,9,0,77,2,6
P.J. Washington,DAL,PF,26,57,56,1835,32.2,N/a,N/a,N/a,14.7,7.8,1.4,6.3,2.3,1.1,1.1,2.1,2.3,301,665,0.453,91,239,0.381,210,426,0.493,143,198,0.722,0.521,22.0,11.7,3.5,1.7,1.6,3.1,107,114,14.0,0.556,0.359,0.298,20.4,5.0,20.9,13.1,10.1,1.7,2.8,13.6,0.3,2.1,2.4,0.062,-1.1,0.2,-0.9,0.5,12.3,0.641,0.223,0.332,0.068,0.018,0.359,0.493,0.703,0.38,0.4,0.333,0.381,0.524,0.901,0.054,34,0.331,0.367,0,0,12,79,8,1.4,4.9,37,62,68,12,93,12,320,19,50
Paolo Banchero,ORL,PF,22,46,46,1582,34.4,N/a,N/a,N/a,25.9,7.5,1.1,6.4,4.8,0.8,0.6,3.0,2.1,412,911,0.452,87,272,0.32,325,639,0.509,280,385,0.727,0.5,37.6,10.9,6.9,1.1,0.9,4.3,109,110,20.0,0.551,0.299,0.423,33.6,3.5,22.4,12.5,26.0,1.1,1.7,11.2,1.1,2.4,3.5,0.106,3.4,0.2,3.5,2.2,13.8,0.701,0.213,0.21,0.165,0.114,0.299,0.509,0.691,0.45,0.44,0.375,0.32,0.378,0.494,0.055,40,0.092,0.28,0,0,0,89,11,-1.0,-0.9,64,60,59,10,197,4,534,47,51
Pascal Siakam,IND,PF,30,78,78,2548,32.7,N/a,N/a,N/a,20.2,6.9,1.7,5.2,3.4,0.9,0.5,1.4,2.4,613,1182,0.519,126,324,0.389,487,858,0.568,226,308,0.734,0.572,29.8,10.2,5.0,1.3,0.8,2.1,120,115,19.2,0.599,0.274,0.261,24.2,5.9,17.6,11.8,15.7,1.3,1.5,7.6,5.0,2.5,7.5,0.142,2.2,-0.5,1.7,2.4,12.4,0.726,0.218,0.258,0.179,0.071,0.274,0.568,0.771,0.544,0.441,0.345,0.389,0.589,0.976,0.041,45,0.29,0.404,0,0,20,79,2,6.3,11.0,40,42,84,19,154,8,635,40,45
Pat Connaughton,MIL,SG,32,41,1,603,14.7,N/a,N/a,N/a,5.3,2.7,0.5,2.2,1.7,0.2,0.3,0.6,1.1,83,177,0.469,26,81,0.321,57,96,0.594,24,31,0.774,0.542,17.3,8.7,5.6,0.7,0.9,1.9,116,115,12.1,0.567,0.458,0.175,15.6,3.6,15.6,9.8,15.8,0.7,1.7,11.2,0.6,0.6,1.2,0.093,-1.4,-0.8,-2.3,0.0,13.7,0.542,0.35,0.164,0.023,0.006,0.458,0.594,0.661,0.448,0.5,1.0,0.321,0.702,0.885,0.04,6,0.235,0.211,2,31,55,12,0,-1.4,-4.3,18,4,30,1,12,5,171,3,10
Pat Spencer,GSW,PG,28,39,0,250,6.4,N/a,N/a,N/a,2.5,1.2,0.4,0.8,1.2,0.4,0.1,0.5,0.5,41,101,0.406,5,22,0.227,36,79,0.456,11,15,0.733,0.431,19.1,9.0,9.3,2.7,0.6,3.5,103,111,12.6,0.455,0.218,0.149,21.2,6.3,13.7,9.9,28.1,2.7,1.1,14.3,-0.1,0.4,0.3,0.055,-3.0,1.4,-1.6,0.0,10.3,0.782,0.139,0.525,0.099,0.02,0.218,0.456,0.286,0.491,0.5,0.5,0.227,0.556,1.0,0.04,3,0.136,0.333,80,20,0,0,0,-1.1,-5.0,12,5,10,1,8,2,113,1,10
Patrick Williams,CHI,PF,23,63,36,1576,25.0,N/a,N/a,N/a,9.0,3.8,0.7,3.1,2.0,0.8,0.5,1.4,1.4,205,516,0.397,96,272,0.353,109,244,0.447,60,83,0.723,0.49,16.8,7.0,3.7,1.4,0.9,2.5,100,117,9.0,0.512,0.527,0.161,16.9,2.9,12.7,7.9,10.3,1.4,1.8,13.5,-0.9,1.3,0.4,0.012,-3.0,-0.7,-3.7,-0.7,16.6,0.473,0.211,0.161,0.052,0.048,0.527,0.447,0.541,0.373,0.444,0.28,0.353,0.569,0.938,0.048,18,0.217,0.39,0,0,2,95,3,-4.8,-6.0,37,26,50,7,40,1,310,8,37
Patty Mills,LAC,PG,36,29,0,321,11.1,N/a,N/a,N/a,3.8,0.8,0.1,0.6,0.9,0.4,0.1,0.6,0.8,36,96,0.375,26,75,0.347,10,21,0.476,13,14,0.929,0.51,16.7,3.3,3.9,2.0,0.5,2.6,105,121,8.4,0.543,0.781,0.146,15.6,1.4,6.0,3.7,11.1,1.9,0.9,14.3,0.0,0.1,0.1,0.017,-3.2,0.0,-3.2,-0.1,23.1,0.219,0.021,0.094,0.031,0.073,0.781,0.476,0.5,0.556,0.333,0.429,0.347,0.5,0.769,0.0,0,0.147,0.455,98,2,0,0,0,-3.5,3.5,14,3,12,0,3,8,64,0,3
Paul George,PHI,PF,34,41,41,1334,32.5,N/a,N/a,N/a,16.2,5.3,0.6,4.8,4.3,1.8,0.5,2.6,2.5,245,570,0.43,96,268,0.358,149,302,0.493,79,97,0.814,0.514,24.6,8.1,6.6,2.8,0.7,3.9,104,116,14.5,0.543,0.47,0.17,23.5,2.0,17.2,9.3,20.9,2.8,1.5,14.7,-0.2,1.2,1.0,0.036,-0.5,0.1,-0.4,0.5,18.0,0.53,0.105,0.125,0.14,0.16,0.47,0.493,0.75,0.408,0.525,0.363,0.358,0.282,0.656,0.021,8,0.175,0.277,0,0,9,89,2,-3.6,4.2,59,29,42,12,44,7,435,11,20
Paul Reed,DET,C,25,45,0,438,9.7,N/a,N/a,N/a,4.1,2.7,0.9,1.8,1.0,0.9,0.6,0.6,1.7,72,142,0.507,8,28,0.286,64,114,0.561,32,42,0.762,0.535,20.2,13.5,4.8,4.3,2.7,2.9,118,103,18.6,0.573,0.197,0.296,18.0,10.2,20.8,15.6,14.0,4.3,5.4,13.9,0.6,1.0,1.6,0.173,-1.2,4.0,2.9,0.5,9.6,0.803,0.359,0.254,0.155,0.035,0.197,0.561,0.765,0.389,0.318,0.8,0.286,0.688,1.0,0.141,18,0.179,0.2,0,0,0,2,98,5.5,4.0,9,9,39,4,17,2,102,4,7
Payton Pritchard,BOS,PG,27,80,3,2271,28.4,N/a,N/a,N/a,14.3,3.8,1.3,2.6,3.5,0.9,0.2,1.0,1.5,409,866,0.472,255,626,0.407,154,240,0.642,71,84,0.845,0.62,25.3,6.8,6.2,1.5,0.3,1.8,131,114,17.6,0.633,0.723,0.097,19.0,4.9,9.8,7.3,18.1,1.5,0.6,8.4,6.1,2.5,8.6,0.183,3.4,0.2,3.5,3.2,21.3,0.277,0.112,0.09,0.044,0.031,0.723,0.642,0.794,0.615,0.447,0.444,0.407,0.247,0.804,0.0,0,0.157,0.469,99,1,0,0,0,8.8,-0.6,41,20,41,7,24,6,690,7,38
Pelle Larsson,MIA,SG,23,55,8,782,14.2,N/a,N/a,N/a,4.6,1.7,0.5,1.2,1.2,0.6,0.1,0.4,1.7,89,203,0.438,32,95,0.337,57,108,0.528,41,61,0.672,0.517,16.0,5.9,4.1,2.0,0.4,1.5,114,114,10.2,0.546,0.468,0.3,14.4,4.0,9.0,6.5,11.6,2.0,0.9,9.5,0.6,0.8,1.4,0.086,-3.8,0.7,-3.1,-0.2,13.3,0.532,0.345,0.158,0.03,0.0,0.468,0.528,0.614,0.438,0.0,N/a,0.337,0.789,0.969,0.034,7,0.337,0.406,8,59,32,1,0,3.1,3.1,16,4,50,0,27,9,164,7,11
Peyton Watson,DEN,SF,22,68,18,1656,24.4,N/a,N/a,N/a,8.1,3.4,0.7,2.7,1.4,0.7,1.4,0.8,1.8,204,428,0.477,48,136,0.353,156,292,0.534,95,137,0.693,0.533,16.0,6.8,2.7,1.4,2.7,1.6,113,116,11.4,0.564,0.318,0.32,13.9,3.3,11.8,7.7,7.0,1.4,5.0,10.3,1.0,1.5,2.5,0.073,-2.1,0.3,-1.8,0.1,10.7,0.682,0.35,0.257,0.058,0.016,0.318,0.534,0.707,0.382,0.32,0.0,0.353,0.801,0.979,0.178,59,0.551,0.453,0,7,66,27,0,1.3,-4.6,25,20,82,7,67,4,218,13,36
Precious Achiuwa,NYK,C,25,57,10,1170,20.5,N/a,N/a,N/a,6.6,5.6,1.8,3.8,1.0,0.8,0.7,0.8,1.4,164,327,0.502,10,36,0.278,154,291,0.529,41,69,0.594,0.517,16.1,13.4,2.3,2.0,1.8,1.9,112,111,13.6,0.53,0.11,0.211,14.9,10.0,21.0,15.5,6.2,2.0,3.3,11.2,0.7,1.7,2.3,0.095,-2.1,0.2,-1.9,0.0,6.2,0.89,0.523,0.266,0.098,0.003,0.11,0.529,0.661,0.31,0.438,0.0,0.278,0.695,1.0,0.171,52,0.75,0.259,0,0,0,49,51,-0.9,-7.2,15,16,53,10,36,2,129,9,24
Quentin Grimes,PHI,SG,24,75,37,2013,26.8,N/a,N/a,N/a,14.6,4.3,0.8,3.5,3.0,1.0,0.3,1.9,1.8,384,823,0.467,162,421,0.385,222,402,0.552,162,214,0.757,0.565,26.5,7.9,5.5,1.8,0.5,3.4,113,118,15.9,0.595,0.512,0.26,22.8,3.2,14.7,8.9,17.7,1.8,1.0,13.3,2.0,1.4,3.4,0.081,1.3,-0.9,0.4,1.2,16.2,0.488,0.232,0.113,0.077,0.067,0.512,0.552,0.728,0.409,0.397,0.364,0.385,0.441,0.79,0.033,26,0.233,0.49,5,57,37,1,0,-6.0,-3.0,67,52,62,7,85,15,555,25,32
Quenton Jackson,IND,PG,26,28,7,381,13.6,N/a,N/a,N/a,5.8,1.6,0.5,1.1,1.9,0.8,0.2,0.6,1.5,58,122,0.475,15,40,0.375,43,82,0.524,31,40,0.775,0.537,20.4,5.6,6.7,2.6,0.6,2.0,121,114,14.7,0.58,0.328,0.328,17.7,4.1,8.7,6.4,18.6,2.6,1.2,10.3,0.6,0.4,1.0,0.126,-1.2,0.8,-0.3,0.2,10.8,0.672,0.451,0.156,0.025,0.041,0.328,0.524,0.618,0.368,0.333,0.2,0.375,0.558,0.933,0.074,8,0.3,0.333,75,26,0,0,0,0.7,-1.8,9,2,21,3,17,18,122,4,13
Quinten Post,GSW,PF,24,42,14,686,16.3,N/a,N/a,N/a,8.1,3.5,0.8,2.7,1.3,0.4,0.4,0.8,2.0,123,274,0.449,73,179,0.408,50,95,0.526,21,27,0.778,0.582,24.1,10.5,4.0,1.1,1.3,2.3,116,112,14.2,0.595,0.653,0.099,19.6,5.3,18.3,11.6,12.2,1.1,2.5,10.3,0.8,0.9,1.7,0.116,0.1,0.0,0.1,0.4,18.5,0.347,0.128,0.182,0.015,0.022,0.653,0.526,0.543,0.5,0.75,0.5,0.408,0.82,1.0,0.033,7,0.268,0.417,0,0,0,2,98,2.7,-0.9,13,8,50,8,13,1,143,3,16
Rayan Rupert,POR,SG,20,52,0,460,8.8,N/a,N/a,N/a,3.0,1.3,0.5,0.8,0.5,0.3,0.1,0.6,0.7,58,142,0.408,16,59,0.271,42,83,0.506,23,30,0.767,0.465,16.4,7.4,2.6,1.7,0.4,3.2,99,117,8.1,0.499,0.415,0.211,16.8,6.0,10.6,8.2,7.6,1.7,0.8,16.2,-0.3,0.4,0.1,0.007,-4.1,-0.6,-4.7,-0.3,13.2,0.585,0.268,0.254,0.063,0.0,0.415,0.506,0.632,0.389,0.444,N/a,0.271,0.524,0.813,0.035,5,0.339,0.35,6,60,35,0,0,-9.8,-7.5,13,12,18,1,15,4,60,4,15
Reece Beekman,BRK,PG,23,36,4,469,13.0,N/a,N/a,N/a,2.6,1.1,0.4,0.7,1.8,0.9,0.1,0.6,1.0,35,107,0.327,7,40,0.175,28,67,0.418,16,21,0.762,0.36,9.9,4.1,6.7,3.5,0.2,2.2,95,115,7.5,0.4,0.374,0.196,12.8,3.0,6.6,4.7,19.1,3.5,0.4,15.3,-0.4,0.5,0.1,0.01,-6.7,1.3,-5.4,-0.4,8.2,0.626,0.215,0.318,0.047,0.047,0.374,0.418,0.609,0.382,0.0,0.2,0.175,0.464,1.0,0.009,1,0.4,0.25,100,0,0,0,0,-11.4,-4.5,15,6,21,0,9,7,157,1,8
Reed Sheppard,HOU,PG,20,52,3,654,12.6,N/a,N/a,N/a,4.4,1.5,0.3,1.2,1.4,0.7,0.3,0.7,1.0,84,239,0.351,48,142,0.338,36,97,0.371,13,16,0.813,0.452,17.0,5.8,5.6,2.6,1.3,2.8,101,110,9.7,0.465,0.594,0.067,17.8,2.6,10.3,6.4,15.2,2.6,2.3,13.1,-0.3,1.0,0.8,0.055,-3.0,1.3,-1.7,0.1,19.5,0.406,0.088,0.109,0.151,0.059,0.594,0.371,0.667,0.269,0.278,0.357,0.338,0.333,0.833,0.008,1,0.169,0.25,68,32,0,0,0,-4.2,-10.1,24,10,38,0,6,0,184,0,13
Reggie Jackson,PHI,PG,34,31,1,384,12.4,N/a,N/a,N/a,4.4,1.4,0.3,1.1,1.5,0.5,0.1,0.5,1.1,52,133,0.391,25,74,0.338,27,59,0.458,7,9,0.778,0.485,17.5,5.4,5.8,2.1,0.4,2.2,104,120,9.8,0.496,0.556,0.068,17.5,2.3,10.4,6.2,17.1,2.1,0.8,11.0,0.0,0.2,0.1,0.015,-3.2,-0.8,-4.0,-0.2,18.3,0.444,0.128,0.158,0.083,0.075,0.556,0.458,0.647,0.524,0.273,0.2,0.338,0.444,0.8,0.0,0,0.189,0.429,44,40,17,0,0,-1.0,6.0,12,1,10,2,3,1,111,1,3
Richaun Holmes,WAS,PF,31,31,7,534,17.2,N/a,N/a,N/a,7.4,5.7,2.0,3.7,1.4,0.3,0.7,0.7,1.6,90,139,0.647,0,3,0.0,90,136,0.662,50,60,0.833,0.647,20.5,15.8,3.7,0.8,2.0,1.9,139,117,19.8,0.695,0.022,0.432,14.7,12.0,22.5,17.2,12.1,0.8,3.9,11.3,1.6,0.4,2.0,0.178,1.2,0.0,1.1,0.4,3.6,0.978,0.626,0.309,0.036,0.007,0.022,0.662,0.77,0.488,0.4,0.0,0.0,0.633,N/a,0.281,39,0.667,0.0,0,0,0,3,97,-3.3,10.2,4,7,30,7,33,3,105,8,10
Ricky Council IV,PHI,SF,23,73,12,1250,17.1,N/a,N/a,N/a,7.3,2.9,0.7,2.2,1.3,0.4,0.2,0.7,0.9,177,463,0.382,55,213,0.258,122,250,0.488,123,153,0.804,0.442,21.0,8.4,3.8,1.3,0.5,2.1,106,120,11.6,0.502,0.46,0.33,20.3,4.4,15.4,9.7,11.4,1.3,1.0,8.9,0.1,0.5,0.6,0.023,-2.0,-2.3,-4.3,-0.7,15.2,0.54,0.24,0.197,0.089,0.015,0.46,0.488,0.631,0.352,0.439,0.286,0.258,0.516,0.927,0.071,31,0.183,0.41,0,11,64,25,0,-5.7,1.0,21,16,31,8,77,5,239,16,25
RJ Barrett,TOR,SF,24,58,58,1869,32.2,N/a,N/a,N/a,21.1,6.3,1.1,5.3,5.4,0.8,0.3,2.8,2.4,460,982,0.468,107,306,0.35,353,676,0.522,196,311,0.63,0.523,31.5,9.4,8.1,1.2,0.4,4.2,108,116,16.5,0.547,0.312,0.317,28.7,3.4,17.9,10.5,27.3,1.2,0.9,12.9,0.6,1.7,2.4,0.061,1.2,-0.7,0.6,1.2,10.9,0.688,0.354,0.273,0.049,0.012,0.312,0.522,0.624,0.392,0.542,0.417,0.35,0.459,0.925,0.032,27,0.229,0.4,0,12,62,26,0,-3.4,1.8,104,45,85,6,163,14,740,33,81
Rob Dillingham,MIN,PG,20,49,1,516,10.5,N/a,N/a,N/a,4.5,1.0,0.2,0.8,2.0,0.4,0.0,1.1,0.8,93,211,0.441,25,74,0.338,68,137,0.496,8,15,0.533,0.5,20.9,4.8,9.4,1.9,0.1,5.1,99,114,10.2,0.503,0.351,0.071,22.7,2.6,8.0,5.4,28.4,1.9,0.2,19.6,-0.4,0.6,0.1,0.012,-3.3,-0.9,-4.2,-0.3,13.9,0.649,0.213,0.223,0.123,0.09,0.351,0.496,0.733,0.404,0.462,0.211,0.338,0.309,0.48,0.014,3,0.135,0.5,93,7,0,0,0,1.8,-3.7,31,16,20,0,7,2,235,3,8
Robert Williams,POR,C,27,20,3,351,17.6,N/a,N/a,N/a,5.8,5.9,1.8,4.2,1.1,0.7,1.7,0.9,1.6,50,78,0.641,1,3,0.333,49,75,0.653,15,17,0.882,0.647,16.1,16.3,2.9,1.8,4.6,2.4,130,107,18.9,0.679,0.038,0.218,12.2,10.5,26.3,18.2,8.6,1.8,8.5,16.6,0.6,0.7,1.3,0.175,-0.1,3.2,3.0,0.4,3.7,0.962,0.705,0.205,0.026,0.026,0.038,0.653,0.8,0.25,0.5,0.0,0.333,0.755,1.0,0.385,25,0.667,0.5,0,0,0,10,90,-3.6,-0.4,8,4,23,5,9,0,52,3,6
Ron Holland,DET,SF,19,81,2,1266,15.6,N/a,N/a,N/a,6.4,2.7,0.5,2.2,1.0,0.6,0.2,0.9,1.7,197,416,0.474,36,151,0.238,161,265,0.608,92,122,0.754,0.517,19.8,8.3,3.1,1.9,0.6,2.7,107,113,11.1,0.556,0.363,0.293,18.1,3.5,15.5,9.5,8.9,1.9,1.3,13.3,0.2,1.5,1.8,0.067,-3.3,0.3,-3.0,-0.3,12.1,0.637,0.296,0.288,0.038,0.014,0.363,0.608,0.691,0.55,0.5,0.333,0.238,0.596,1.0,0.091,34,0.483,0.205,0,2,75,23,0,-1.0,-4.4,26,29,67,8,66,13,208,18,23
Royce O'Neale,PHO,SF,31,75,22,1837,24.5,N/a,N/a,N/a,9.1,4.7,0.7,3.9,2.2,0.9,0.5,0.9,2.0,241,570,0.423,179,441,0.406,62,129,0.481,19,26,0.731,0.58,18.3,9.4,4.4,1.8,0.9,1.8,115,118,12.6,0.585,0.774,0.046,15.5,3.3,17.5,10.6,12.3,1.8,1.7,10.1,1.6,1.2,2.8,0.073,0.2,-0.1,0.1,1.0,21.2,0.226,0.089,0.111,0.021,0.005,0.774,0.481,0.725,0.349,0.25,0.0,0.406,0.71,0.961,0.007,3,0.231,0.529,0,5,58,37,0,-3.3,-1.1,41,15,91,5,11,3,406,2,19
Rudy Gobert,MIN,C,32,72,72,2389,33.2,N/a,N/a,N/a,12.0,10.9,3.7,7.2,1.8,0.8,1.4,1.2,2.5,341,510,0.669,0,0,N/a,341,510,0.669,184,273,0.674,0.669,17.9,16.2,2.6,1.2,2.1,1.8,138,109,18.3,0.687,0.0,0.535,13.0,12.5,23.8,18.2,7.5,1.2,4.1,12.4,6.1,4.0,10.1,0.204,0.6,1.3,1.9,2.4,2.4,1.0,0.757,0.218,0.022,0.004,0.0,0.669,0.79,0.324,0.0,0.0,N/a,0.707,N/a,0.494,225,N/a,N/a,0,0,0,0,100,6.7,4.1,29,32,84,22,130,20,327,24,54
Rui Hachimura,LAL,PF,26,59,57,1869,31.7,N/a,N/a,N/a,13.1,5.0,1.3,3.7,1.4,0.8,0.4,0.8,1.8,293,576,0.509,102,247,0.413,191,329,0.581,87,113,0.77,0.597,20.4,7.8,2.2,1.2,0.7,1.3,123,117,13.6,0.619,0.429,0.196,15.8,4.9,12.6,8.9,6.4,1.2,1.3,7.3,2.8,1.5,4.3,0.11,-0.1,-0.6,-0.7,0.6,13.7,0.571,0.274,0.181,0.073,0.043,0.429,0.581,0.753,0.394,0.5,0.4,0.413,0.817,0.961,0.13,67,0.429,0.425,0,0,1,74,26,4.8,6.1,22,19,48,3,60,4,219,11,40
Russell Westbrook,DEN,PG,36,75,36,2092,27.9,N/a,N/a,N/a,13.3,4.9,1.4,3.6,6.1,1.4,0.5,3.2,2.5,373,831,0.449,94,291,0.323,279,540,0.517,154,233,0.661,0.505,22.8,8.5,10.5,2.4,0.9,5.6,105,115,14.3,0.532,0.35,0.28,23.8,5.6,13.4,9.7,28.8,2.4,1.6,20.6,-0.1,2.1,1.9,0.045,-0.9,-0.2,-1.1,0.5,12.3,0.65,0.314,0.213,0.063,0.06,0.35,0.517,0.682,0.424,0.212,0.3,0.323,0.423,0.862,0.032,23,0.337,0.439,100,0,0,0,0,0.1,-8.3,166,51,81,17,110,10,1013,21,53
Ryan Dunn,PHO,SF,22,74,44,1410,19.1,N/a,N/a,N/a,6.9,3.6,1.2,2.4,0.8,0.6,0.5,0.5,2.2,205,477,0.43,82,264,0.311,123,213,0.577,19,39,0.487,0.516,17.9,9.4,2.0,1.5,1.4,1.4,107,119,10.7,0.517,0.553,0.082,16.7,7.5,13.5,10.6,5.7,1.5,2.7,7.5,0.2,0.7,1.0,0.034,-2.9,-1.2,-4.1,-0.7,16.0,0.447,0.166,0.203,0.061,0.017,0.553,0.577,0.759,0.495,0.414,0.375,0.311,0.748,1.0,0.075,31,0.564,0.329,0,0,48,51,1,-1.7,1.6,18,12,93,7,19,3,146,2,21
Ryan Rollins,MIL,PG,22,56,19,820,14.6,N/a,N/a,N/a,6.2,1.9,0.4,1.6,1.9,0.8,0.3,0.9,1.6,132,271,0.487,49,120,0.408,83,151,0.55,36,45,0.8,0.577,20.6,6.4,6.1,2.5,1.0,3.1,113,112,14.0,0.6,0.443,0.166,18.4,2.9,11.1,7.2,17.8,2.5,1.9,15.4,0.7,1.0,1.7,0.101,-1.4,0.9,-0.5,0.3,14.6,0.557,0.225,0.185,0.111,0.037,0.443,0.55,0.754,0.42,0.4,0.4,0.408,0.349,0.918,0.022,5,0.417,0.48,92,8,0,0,0,5.4,4.0,34,11,49,6,20,6,245,6,21
Sam Merrill,CLE,SG,28,71,4,1401,19.7,N/a,N/a,N/a,7.2,2.2,0.5,1.7,1.5,0.7,0.2,0.5,1.7,172,424,0.406,137,368,0.372,35,56,0.625,28,29,0.966,0.567,17.5,5.4,3.7,1.8,0.5,1.2,122,114,11.1,0.583,0.868,0.068,14.3,3.0,8.9,6.1,9.6,1.8,0.9,7.4,1.8,1.5,3.3,0.113,-0.4,0.7,0.3,0.8,22.7,0.132,0.085,0.028,0.005,0.014,0.868,0.625,0.722,0.5,0.0,0.5,0.372,0.8,0.993,0.0,0,0.22,0.383,12,80,9,0,0,10.8,1.6,23,3,65,5,5,20,265,0,15
Sam Hauser,BOS,PF,27,71,19,1541,21.7,N/a,N/a,N/a,8.5,3.2,0.6,2.5,0.9,0.6,0.2,0.3,1.2,214,474,0.451,166,399,0.416,48,75,0.64,11,11,1.0,0.627,19.7,7.3,2.1,1.3,0.4,0.7,128,113,12.8,0.632,0.842,0.023,14.3,3.1,12.7,7.9,5.8,1.3,0.8,4.6,2.6,1.8,4.4,0.136,0.9,-0.1,0.8,1.1,22.9,0.158,0.053,0.032,0.04,0.034,0.842,0.64,0.72,0.467,0.737,0.563,0.416,0.813,0.952,0.006,1,0.268,0.458,0,0,30,67,3,9.7,1.1,13,7,45,0,4,3,164,2,4
Sandro Mamukelashvili,SAS,PF,25,61,0,681,11.2,N/a,N/a,N/a,6.3,3.1,1.0,2.0,0.8,0.4,0.3,0.4,1.0,141,281,0.502,60,161,0.373,81,120,0.675,43,58,0.741,0.609,27.3,13.3,3.4,1.6,1.2,1.8,126,116,19.7,0.628,0.573,0.206,20.8,9.7,19.7,14.7,10.7,1.6,2.3,7.8,1.6,0.6,2.2,0.152,3.3,-1.0,2.3,0.7,16.1,0.427,0.256,0.146,0.025,0.0,0.573,0.675,0.792,0.488,0.571,N/a,0.373,0.667,1.0,0.103,25,0.211,0.265,0,0,1,39,60,-1.2,2.2,16,6,32,1,29,1,119,6,10
Santi Aldama,MEM,PF,24,65,16,1660,25.5,N/a,N/a,N/a,12.5,6.4,1.4,5.0,2.9,0.8,0.4,1.1,1.2,313,648,0.483,120,326,0.368,193,322,0.599,65,94,0.691,0.576,22.7,11.6,5.3,1.5,0.8,2.0,123,113,16.8,0.588,0.503,0.145,18.5,6.1,20.3,13.3,15.2,1.5,1.6,9.3,2.9,2.0,5.0,0.144,2.5,0.7,3.2,2.2,15.6,0.497,0.208,0.21,0.059,0.02,0.503,0.599,0.763,0.493,0.5,0.308,0.368,0.642,0.967,0.073,46,0.261,0.412,0,0,7,70,23,4.2,-1.4,42,17,46,5,45,9,462,14,21
Scoot Henderson,POR,PG,20,66,10,1759,26.7,N/a,N/a,N/a,12.7,3.0,0.8,2.2,5.1,1.0,0.2,2.7,2.7,287,685,0.419,105,297,0.354,182,388,0.469,158,206,0.767,0.496,23.1,5.5,9.3,1.9,0.4,4.9,107,117,12.5,0.54,0.434,0.301,22.5,3.1,9.2,6.1,28.1,1.9,0.7,18.6,0.4,1.4,1.8,0.049,-1.4,-0.8,-2.2,-0.1,14.9,0.566,0.235,0.199,0.072,0.061,0.434,0.469,0.59,0.346,0.49,0.381,0.354,0.253,0.771,0.02,11,0.138,0.39,100,0,0,0,0,-1.5,3.2,99,54,78,12,88,9,805,14,44
Scottie Barnes,TOR,PF,23,65,65,2134,32.8,N/a,N/a,N/a,19.3,7.7,1.7,6.0,5.8,1.4,1.0,2.8,1.7,474,1063,0.446,76,280,0.271,398,783,0.508,228,302,0.755,0.482,28.2,11.3,8.5,2.1,1.4,4.2,107,112,17.8,0.523,0.263,0.284,27.0,5.3,20.2,12.6,27.7,2.1,2.8,13.4,0.6,2.9,3.5,0.078,1.5,0.9,2.4,2.3,12.6,0.737,0.219,0.26,0.176,0.082,0.263,0.508,0.687,0.428,0.476,0.356,0.271,0.452,0.737,0.066,60,0.132,0.351,0,0,24,74,3,-2.7,3.4,109,50,49,16,136,10,879,25,40
Scotty Pippen Jr.,MEM,PG,24,79,21,1683,21.3,N/a,N/a,N/a,9.9,3.3,0.8,2.5,4.4,1.3,0.4,1.7,2.6,285,594,0.48,87,219,0.397,198,375,0.528,122,171,0.713,0.553,21.5,7.2,9.6,2.8,0.8,3.8,118,112,15.8,0.582,0.369,0.288,19.3,4.1,12.1,8.1,27.1,2.8,1.6,17.1,2.4,2.3,4.7,0.133,0.0,1.8,1.9,1.7,12.5,0.631,0.261,0.296,0.061,0.013,0.369,0.528,0.658,0.466,0.333,0.25,0.397,0.5,0.977,0.02,11,0.205,0.489,81,20,0,0,0,2.9,-3.6,81,29,89,13,83,33,842,25,43
Seth Curry,CHO,SG,34,68,14,1062,15.6,N/a,N/a,N/a,6.5,1.7,0.4,1.3,0.9,0.4,0.1,0.5,0.9,164,343,0.478,83,182,0.456,81,161,0.503,33,39,0.846,0.599,20.6,5.2,2.8,1.3,0.3,1.5,120,120,12.2,0.616,0.531,0.114,15.7,2.4,9.1,5.7,8.8,1.3,0.6,8.2,1.3,0.5,1.8,0.08,-0.8,-0.9,-1.7,0.1,18.8,0.469,0.067,0.117,0.122,0.163,0.531,0.503,0.826,0.35,0.429,0.536,0.456,0.593,0.843,0.0,0,0.297,0.537,22,72,6,0,0,-8.8,0.8,16,13,26,1,16,5,149,6,7
Shaedon Sharpe,POR,SG,21,72,52,2252,31.3,N/a,N/a,N/a,18.5,4.5,0.9,3.6,2.8,0.9,0.2,2.1,1.7,499,1104,0.452,147,472,0.311,352,632,0.557,190,242,0.785,0.519,28.8,7.0,4.3,1.3,0.3,3.2,110,117,14.5,0.551,0.428,0.219,25.1,3.2,12.7,7.8,14.2,1.3,0.6,11.0,1.3,1.7,3.0,0.064,0.0,-1.3,-1.3,0.4,15.7,0.572,0.226,0.14,0.106,0.101,0.428,0.557,0.755,0.419,0.47,0.396,0.311,0.409,0.707,0.07,65,0.165,0.333,2,72,25,1,0,-3.3,-0.1,73,59,48,8,119,5,495,33,48
Shai Gilgeous-Alexander,OKC,PG,26,76,76,2598,34.2,N/a,N/a,N/a,32.7,5.0,0.9,4.1,6.4,1.7,1.0,2.4,2.2,860,1656,0.519,163,435,0.375,697,1221,0.571,601,669,0.898,0.569,45.9,7.0,9.0,2.4,1.4,3.4,129,107,30.7,0.637,0.263,0.404,34.8,2.8,12.6,7.8,31.3,2.4,3.0,8.6,11.9,4.8,16.7,0.309,8.9,2.6,11.5,8.9,12.9,0.737,0.206,0.231,0.222,0.079,0.263,0.571,0.742,0.492,0.548,0.42,0.375,0.212,0.35,0.028,46,0.034,0.333,100,0,0,0,0,16.9,11.1,89,59,100,13,280,8,1232,61,77
Shake Milton,LAL,SG,28,57,2,837,14.7,N/a,N/a,N/a,5.5,1.8,0.5,1.3,1.8,0.4,0.1,0.7,1.2,115,254,0.453,38,106,0.358,77,148,0.52,47,59,0.797,0.528,18.6,6.2,6.0,1.5,0.2,2.4,115,118,11.9,0.563,0.417,0.232,16.7,4.2,9.9,7.0,18.3,1.5,0.5,12.5,0.8,0.5,1.3,0.077,-1.7,-0.5,-2.2,0.0,14.3,0.583,0.181,0.24,0.146,0.016,0.417,0.52,0.63,0.492,0.432,0.5,0.358,0.364,1.0,0.0,0,0.321,0.294,24,54,21,1,0,-7.3,-3.9,22,12,31,3,30,6,253,9,19
Simone Fontecchio,DET,SF,29,75,0,1237,16.5,N/a,N/a,N/a,5.9,2.9,0.7,2.2,0.9,0.4,0.2,0.7,1.3,150,373,0.402,76,227,0.335,74,146,0.507,70,84,0.833,0.504,17.3,8.4,2.5,1.2,0.5,2.1,109,115,9.7,0.544,0.609,0.225,15.8,4.7,14.5,9.6,6.9,1.2,0.9,11.6,0.4,1.2,1.6,0.063,-2.2,-0.7,-2.9,-0.3,17.7,0.391,0.164,0.15,0.032,0.046,0.609,0.507,0.623,0.429,0.5,0.353,0.335,0.649,1.0,0.035,11,0.361,0.28,0,0,22,77,1,0.4,-2.3,25,21,52,2,36,10,168,9,18
Spencer Dinwiddie,DAL,PG,31,79,30,2136,27.0,N/a,N/a,N/a,11.0,2.6,0.2,2.4,4.4,0.9,0.2,1.3,1.5,284,682,0.416,109,326,0.334,175,356,0.492,195,243,0.802,0.496,19.7,4.7,7.9,1.6,0.4,2.3,116,119,13.0,0.553,0.478,0.356,17.9,0.9,9.5,5.3,22.1,1.6,0.7,11.4,2.4,1.2,3.7,0.082,-0.9,-0.7,-1.6,0.2,15.9,0.522,0.136,0.252,0.106,0.028,0.478,0.492,0.645,0.419,0.458,0.526,0.334,0.211,0.55,0.012,4,0.184,0.417,83,16,1,0,0,-5.1,-8.5,68,15,63,12,120,20,838,31,23
Stephen Curry,GSW,PG,36,70,70,2252,32.2,N/a,N/a,N/a,24.5,4.4,0.6,3.9,6.0,1.1,0.4,2.9,1.4,564,1258,0.448,311,784,0.397,253,474,0.534,279,299,0.933,0.572,37.1,6.7,9.1,1.7,0.6,4.3,120,113,21.5,0.618,0.623,0.238,29.8,1.9,13.3,7.4,31.3,1.7,1.3,12.6,5.2,2.7,7.9,0.168,6.4,0.0,6.3,4.8,20.0,0.377,0.083,0.171,0.07,0.053,0.623,0.534,0.673,0.488,0.455,0.567,0.397,0.478,0.704,0.001,1,0.101,0.494,100,0,0,0,0,5.3,4.3,140,34,55,9,106,9,975,31,47
Stephon Castle,SAS,SG,20,81,47,2162,26.7,N/a,N/a,N/a,14.7,3.7,1.1,2.6,4.1,0.9,0.3,2.2,2.0,423,988,0.428,95,333,0.285,328,655,0.501,249,344,0.724,0.476,26.6,6.6,7.4,1.7,0.5,4.0,106,119,13.7,0.522,0.337,0.348,26.0,4.4,10.3,7.4,22.8,1.7,0.9,13.4,0.1,1.0,1.1,0.025,-1.5,-1.7,-3.2,-0.6,12.6,0.663,0.311,0.217,0.084,0.052,0.337,0.501,0.655,0.369,0.373,0.333,0.285,0.46,0.789,0.078,69,0.147,0.347,29,68,2,0,0,-4.1,-2.5,97,52,72,11,176,15,814,40,66
Steven Adams,HOU,C,31,58,3,794,13.7,N/a,N/a,N/a,3.9,5.6,2.9,2.8,1.1,0.4,0.5,0.9,1.0,91,167,0.545,0,2,0.0,91,165,0.552,43,93,0.462,0.545,13.8,20.0,4.0,1.3,1.7,3.3,118,109,16.6,0.541,0.012,0.557,13.6,21.8,22.0,21.9,10.9,1.3,3.2,20.6,1.0,1.3,2.3,0.137,0.0,0.3,0.3,0.5,4.1,0.988,0.611,0.311,0.066,0.0,0.012,0.552,0.608,0.5,0.273,N/a,0.0,0.451,N/a,0.138,21,0.0,N/a,0,0,0,0,100,8.6,5.4,30,14,31,7,37,2,154,10,10
Svi Mykhailiuk,UTA,SF,27,38,13,760,20.0,N/a,N/a,N/a,8.8,2.4,0.6,1.8,2.0,0.5,0.2,1.4,1.1,118,302,0.391,70,203,0.345,48,99,0.485,28,35,0.8,0.507,21.1,5.7,4.8,1.2,0.4,3.3,103,123,9.8,0.526,0.672,0.116,20.3,3.1,9.6,6.4,14.7,1.2,0.9,14.1,-0.2,0.1,-0.1,-0.009,-1.4,-2.1,-3.5,-0.3,19.7,0.328,0.089,0.156,0.066,0.017,0.672,0.485,0.63,0.404,0.5,0.4,0.345,0.375,0.786,0.013,4,0.236,0.375,0,20,55,24,1,-7.0,2.7,31,14,21,0,17,4,183,5,16
T.J. McConnell,IND,PG,32,79,1,1415,17.9,N/a,N/a,N/a,9.1,2.4,0.6,1.9,4.4,1.1,0.3,1.4,1.0,324,624,0.519,15,49,0.306,309,575,0.537,57,77,0.74,0.531,24.5,6.6,11.9,2.8,0.7,3.7,113,113,18.4,0.547,0.079,0.123,23.4,3.5,11.6,7.6,37.0,2.8,1.3,14.2,1.5,1.7,3.2,0.109,0.6,0.6,1.2,1.2,9.1,0.921,0.24,0.357,0.263,0.061,0.079,0.537,0.667,0.52,0.457,0.474,0.306,0.388,0.733,0.0,0,0.306,0.4,100,0,0,0,0,-1.0,-5.2,64,36,44,1,31,32,855,5,42
Taj Gibson,CHO,C,39,37,11,409,11.1,N/a,N/a,N/a,2.9,3.2,1.4,1.9,0.6,0.2,0.5,0.7,1.5,47,95,0.495,1,2,0.5,46,93,0.495,12,20,0.6,0.5,12.9,14.4,2.5,1.1,2.2,3.0,105,115,10.8,0.515,0.021,0.211,13.4,13.0,18.4,15.6,7.5,1.1,4.3,19.4,0.0,0.4,0.4,0.043,-5.2,-0.1,-5.3,-0.3,5.1,0.979,0.505,0.316,0.137,0.021,0.021,0.495,0.625,0.4,0.231,0.5,0.5,0.63,1.0,0.095,9,1.0,0.5,0,0,0,15,85,-15.5,-6.8,8,8,31,5,6,1,52,1,12
Talen Horton-Tucker,CHI,SG,24,58,0,724,12.5,N/a,N/a,N/a,6.5,1.7,0.3,1.4,1.4,0.4,0.2,0.7,1.0,133,291,0.457,41,122,0.336,92,169,0.544,72,98,0.735,0.527,24.4,6.4,5.4,1.4,0.7,2.6,112,117,13.8,0.567,0.419,0.337,21.6,2.8,11.5,7.2,16.1,1.4,1.3,10.7,0.6,0.5,1.1,0.075,-1.4,-1.1,-2.4,-0.1,12.6,0.581,0.385,0.168,0.021,0.007,0.419,0.544,0.607,0.429,0.5,0.0,0.336,0.348,0.878,0.045,12,0.213,0.423,4,55,40,1,0,2.6,4.7,14,15,32,6,47,4,206,8,17
Tari Eason,HOU,PF,23,57,16,1420,24.9,N/a,N/a,N/a,12.0,6.4,2.2,4.1,1.5,1.7,0.9,1.1,2.4,272,559,0.487,63,184,0.342,209,375,0.557,79,104,0.76,0.543,23.5,12.4,2.8,3.3,1.7,2.2,119,106,18.5,0.567,0.329,0.186,19.4,9.4,17.9,13.6,8.5,3.3,3.2,9.7,2.1,2.9,5.0,0.169,1.0,2.6,3.6,2.0,11.3,0.671,0.377,0.193,0.075,0.025,0.329,0.557,0.678,0.435,0.405,0.143,0.342,0.531,0.984,0.1,47,0.364,0.358,0,3,27,65,5,5.6,2.0,30,14,64,9,49,1,201,11,45
Taurean Prince,MIL,SF,30,80,73,2166,27.1,N/a,N/a,N/a,8.2,3.6,0.4,3.2,1.9,1.0,0.2,1.0,2.1,235,514,0.457,147,335,0.439,88,179,0.492,39,48,0.813,0.6,14.6,6.4,3.5,1.7,0.3,1.8,114,115,9.8,0.613,0.652,0.093,12.5,1.8,12.2,7.2,9.4,1.7,0.6,13.3,1.3,2.2,3.5,0.077,-2.0,0.3,-1.7,0.1,18.0,0.348,0.16,0.119,0.058,0.012,0.652,0.492,0.646,0.361,0.333,0.5,0.439,0.773,0.986,0.018,8,0.507,0.453,0,19,66,15,0,-0.8,-6.8,49,19,87,4,14,17,363,4,22
Terance Mann,ATL,SG,28,67,13,1414,21.1,N/a,N/a,N/a,7.7,3.0,1.0,2.0,1.8,0.7,0.2,0.7,1.9,205,413,0.496,60,163,0.368,145,250,0.58,47,68,0.691,0.569,17.6,6.8,4.1,1.6,0.5,1.6,120,116,12.0,0.584,0.395,0.165,14.7,5.3,10.4,7.8,11.7,1.6,1.0,9.6,1.7,1.3,3.0,0.101,-1.4,0.0,-1.3,0.2,13.5,0.605,0.247,0.199,0.116,0.044,0.395,0.58,0.765,0.463,0.438,0.444,0.368,0.579,0.9,0.08,31,0.466,0.421,9,49,40,2,0,-2.3,-5.0,23,18,55,5,32,8,289,7,28
Terrence Shannon Jr.,MIN,SG,24,32,1,339,10.6,N/a,N/a,N/a,4.3,1.5,0.3,1.2,1.0,0.2,0.2,0.5,0.8,55,114,0.482,11,31,0.355,44,83,0.53,17,21,0.81,0.531,20.1,6.8,4.7,1.0,0.7,2.2,114,114,11.9,0.56,0.272,0.184,17.7,3.3,11.9,7.7,13.8,1.0,1.4,10.9,0.3,0.4,0.6,0.091,-2.1,0.0,-2.1,0.0,9.8,0.728,0.325,0.333,0.044,0.026,0.272,0.53,0.73,0.368,0.6,0.0,0.355,0.841,1.0,0.07,6,0.645,0.4,0,6,60,33,1,2.6,-2.6,5,5,17,2,12,1,77,3,18
Terry Rozier,MIA,PG,30,64,23,1658,25.9,N/a,N/a,N/a,10.6,3.7,0.7,3.0,2.6,0.6,0.2,1.2,1.1,248,635,0.391,91,308,0.295,157,327,0.48,92,108,0.852,0.462,20.4,7.2,5.0,1.1,0.4,2.3,103,116,10.5,0.497,0.485,0.17,20.4,3.0,12.8,7.9,14.8,1.1,0.8,10.3,-0.5,1.5,1.0,0.029,-2.6,-1.0,-3.7,-0.7,15.7,0.515,0.173,0.216,0.072,0.054,0.485,0.48,0.6,0.394,0.435,0.5,0.295,0.459,0.802,0.002,1,0.412,0.268,100,0,0,0,0,-3.8,-7.5,43,18,31,10,48,15,410,9,36
Thomas Bryant,IND,C,27,66,8,963,14.6,N/a,N/a,N/a,6.5,3.8,1.3,2.5,0.8,0.4,0.6,0.5,1.2,163,321,0.508,48,148,0.324,115,173,0.665,55,64,0.859,0.583,21.5,12.6,2.7,1.4,2.1,1.5,125,113,17.2,0.614,0.461,0.199,17.1,9.7,19.2,14.5,7.6,1.4,3.9,7.9,1.8,1.2,3.1,0.152,0.7,0.0,0.6,0.6,14.9,0.539,0.336,0.14,0.053,0.009,0.461,0.665,0.648,0.667,0.706,1.0,0.324,0.67,0.979,0.109,29,0.358,0.415,0,0,0,0,100,-1.1,-4.4,14,5,48,6,32,4,118,9,17
Tidjane Salaün,CHO,PF,19,60,10,1244,20.7,N/a,N/a,N/a,5.9,4.7,1.2,3.5,1.2,0.5,0.2,1.0,1.4,114,345,0.33,58,205,0.283,56,140,0.4,67,94,0.713,0.414,14.0,11.1,2.9,1.1,0.6,2.3,97,117,7.7,0.457,0.594,0.272,15.2,5.9,18.4,12.0,8.5,1.1,1.1,13.1,-0.9,0.9,0.0,0.002,-4.3,-0.8,-5.2,-1.0,17.6,0.406,0.191,0.157,0.038,0.02,0.594,0.4,0.606,0.222,0.077,0.429,0.283,0.643,0.879,0.038,11,0.21,0.326,0,0,6,84,10,-13.1,-5.4,19,21,44,10,39,7,179,6,29
Tim Hardaway Jr.,DET,SG,32,77,77,2153,28.0,N/a,N/a,N/a,11.0,2.4,0.2,2.1,1.6,0.5,0.1,0.6,1.2,276,680,0.406,168,457,0.368,108,223,0.484,124,145,0.855,0.529,18.9,4.1,2.7,0.8,0.2,1.1,117,118,9.8,0.567,0.672,0.213,15.5,0.9,8.4,4.7,7.6,0.8,0.3,6.1,2.1,1.4,3.5,0.077,-1.1,-0.9,-2.1,0.0,20.2,0.328,0.082,0.1,0.072,0.074,0.672,0.484,0.679,0.485,0.469,0.28,0.368,0.815,0.923,0.016,8,0.241,0.373,0,42,56,2,0,0.0,-4.3,27,13,49,4,57,41,292,16,19
Tobias Harris,DET,PF,32,73,73,2306,31.6,N/a,N/a,N/a,13.7,5.9,0.9,5.0,2.2,1.0,0.8,1.2,1.9,384,805,0.477,91,264,0.345,293,541,0.542,143,166,0.861,0.534,20.9,9.0,3.4,1.5,1.2,1.8,116,113,13.9,0.571,0.328,0.206,17.6,3.1,17.5,10.4,9.8,1.5,2.4,8.8,2.3,2.9,5.2,0.108,-0.5,0.6,0.1,1.2,13.1,0.672,0.168,0.293,0.168,0.043,0.328,0.542,0.77,0.475,0.489,0.314,0.345,0.539,0.934,0.075,56,0.447,0.39,0,0,0,98,2,3.7,4.1,29,32,89,15,84,4,396,20,46
Torrey Craig,BOS,SF,34,26,4,314,12.1,N/a,N/a,N/a,4.2,2.8,1.0,1.8,0.7,0.3,0.5,0.3,1.3,38,90,0.422,24,66,0.364,14,24,0.583,8,12,0.667,0.556,16.8,11.4,2.6,1.2,1.9,1.2,121,112,12.9,0.567,0.733,0.133,14.1,9.3,15.6,12.5,7.2,1.3,3.5,7.7,0.4,0.4,0.8,0.122,-1.0,0.1,-0.9,0.1,19.5,0.267,0.167,0.067,0.022,0.011,0.733,0.583,0.667,0.333,1.0,0.0,0.364,0.714,0.958,0.056,4,0.424,0.286,0,12,45,41,2,-3.1,-8.8,5,2,19,1,6,4,44,0,3
Tosan Evbuomwan,BRK,SF,23,28,0,665,23.8,N/a,N/a,N/a,9.5,4.3,1.1,3.1,2.0,0.9,0.4,1.4,2.0,94,220,0.427,24,77,0.312,70,143,0.49,55,73,0.753,0.482,20.0,9.0,4.1,1.8,0.7,2.9,105,116,11.6,0.53,0.35,0.332,19.1,5.2,15.8,10.2,12.9,1.8,1.5,13.4,0.0,0.6,0.6,0.044,-3.0,-0.3,-3.2,-0.2,12.4,0.65,0.186,0.345,0.095,0.023,0.35,0.49,0.732,0.382,0.476,0.2,0.312,0.557,1.0,0.023,4,0.416,0.281,1,29,50,18,3,-4.4,3.8,18,9,27,5,37,3,137,6,21
Toumani Camara,POR,PF,24,78,78,2548,32.7,N/a,N/a,N/a,11.3,5.8,2.2,3.6,2.2,1.5,0.6,1.4,2.9,328,716,0.458,135,360,0.375,193,356,0.542,91,126,0.722,0.552,16.8,8.6,3.3,2.2,1.0,2.1,117,115,12.5,0.572,0.503,0.176,14.4,7.2,12.1,9.6,9.6,2.2,1.8,12.4,2.5,2.6,5.2,0.097,-0.9,0.8,-0.1,1.2,14.0,0.497,0.289,0.198,0.008,0.001,0.503,0.542,0.652,0.401,0.167,0.0,0.375,0.658,0.956,0.084,49,0.419,0.358,0,0,0,84,16,-2.1,3.2,49,31,112,17,58,91,438,12,28
Trae Young,ATL,PG,26,76,76,2739,36.0,N/a,N/a,N/a,24.2,3.1,0.5,2.6,11.6,1.2,0.2,4.7,1.9,566,1376,0.411,218,642,0.34,348,734,0.474,491,561,0.875,0.491,31.4,4.0,15.0,1.6,0.2,6.1,114,119,18.3,0.567,0.467,0.408,29.6,1.4,8.2,4.7,46.4,1.6,0.4,17.9,4.4,1.3,5.7,0.1,3.3,-2.7,0.5,1.7,17.3,0.533,0.124,0.219,0.134,0.057,0.467,0.474,0.544,0.468,0.467,0.359,0.34,0.287,0.294,0.001,0,0.078,0.44,100,0,0,0,0,-0.1,3.8,265,62,69,10,187,26,2031,37,66
Trayce Jackson-Davis,GSW,C,24,62,37,967,15.6,N/a,N/a,N/a,6.6,5.0,2.0,3.0,1.7,0.4,0.6,0.7,1.2,174,302,0.576,0,3,0.0,174,299,0.582,59,102,0.578,0.576,20.5,15.6,5.2,1.2,1.9,2.3,125,111,18.5,0.587,0.01,0.338,17.1,13.2,21.7,17.3,16.1,1.2,3.7,11.5,1.9,1.4,3.4,0.167,0.3,0.9,1.2,0.8,3.4,0.99,0.49,0.49,0.003,0.007,0.01,0.582,0.703,0.473,0.0,0.0,0.0,0.799,N/a,0.387,101,0.667,0.0,0,0,0,0,100,-2.5,-7.9,18,9,44,16,57,0,269,16,43
Tre Jones,CHI,PG,25,46,9,905,19.7,N/a,N/a,N/a,7.2,2.5,0.7,1.8,4.2,0.8,0.2,0.8,1.2,128,238,0.538,19,48,0.396,109,190,0.574,55,67,0.821,0.578,17.3,6.1,10.1,1.9,0.5,1.8,134,118,16.3,0.617,0.202,0.282,14.1,3.7,9.9,6.8,28.6,1.9,1.0,11.6,2.3,0.6,2.9,0.155,0.5,1.0,1.5,0.8,8.9,0.798,0.345,0.361,0.076,0.017,0.202,0.574,0.671,0.558,0.222,0.5,0.396,0.514,1.0,0.004,1,0.5,0.458,92,8,0,0,0,-2.5,-0.4,18,12,24,3,28,11,485,10,18
Tre Mann,CHO,PG,23,13,0,319,24.5,N/a,N/a,N/a,14.1,2.9,0.9,2.0,3.0,0.5,0.3,1.9,1.8,70,161,0.435,24,60,0.4,46,101,0.455,19,21,0.905,0.509,28.2,5.9,6.0,1.1,0.6,3.9,105,120,13.3,0.537,0.373,0.13,26.0,3.9,8.9,6.3,21.2,1.1,1.2,12.8,0.0,0.1,0.1,0.019,-0.6,-1.9,-2.4,0.0,13.6,0.627,0.273,0.205,0.099,0.05,0.373,0.455,0.455,0.515,0.375,0.375,0.4,0.174,0.542,0.006,1,0.217,0.385,100,0,0,0,0,-8.4,1.0,10,9,13,4,9,1,102,3,13
Trendon Watford,BRK,PF,24,44,6,913,20.8,N/a,N/a,N/a,10.2,3.6,0.8,2.8,2.6,0.6,0.3,1.9,2.2,164,350,0.469,29,88,0.33,135,262,0.515,93,122,0.762,0.51,24.5,8.7,6.3,1.5,0.7,4.5,105,116,13.0,0.557,0.251,0.349,23.3,4.4,16.0,9.9,21.0,1.5,1.3,17.1,0.0,0.8,0.7,0.038,-2.3,-0.8,-3.1,-0.3,10.2,0.749,0.3,0.369,0.077,0.003,0.251,0.515,0.667,0.465,0.185,0.0,0.33,0.363,0.966,0.02,6,0.273,0.292,0,0,0,80,20,-4.3,4.1,29,29,43,15,61,5,297,14,36
Trevelin Queen,ORL,SG,27,31,2,430,13.9,N/a,N/a,N/a,4.9,1.7,0.8,0.9,1.2,1.0,0.3,0.7,1.2,56,147,0.381,22,77,0.286,34,70,0.486,18,21,0.857,0.456,17.7,6.3,4.4,3.6,1.2,2.6,103,108,11.9,0.486,0.524,0.143,18.1,6.6,7.9,7.2,13.3,3.6,2.2,12.3,-0.1,0.8,0.7,0.074,-2.6,2.3,-0.3,0.2,16.2,0.476,0.238,0.19,0.027,0.02,0.524,0.486,0.6,0.393,0.25,0.333,0.286,0.588,0.818,0.088,11,0.234,0.444,1,47,48,4,0,-11.0,-11.8,13,7,21,1,10,1,92,1,11
Trey Lyles,SAC,PF,29,69,5,1349,19.6,N/a,N/a,N/a,6.5,4.6,1.2,3.4,1.2,0.6,0.3,0.6,1.2,157,374,0.42,81,238,0.34,76,136,0.559,56,80,0.7,0.528,16.3,11.5,3.0,1.5,0.8,1.4,117,116,12.3,0.551,0.636,0.214,14.3,6.6,19.6,13.1,7.9,1.5,1.7,8.7,1.3,1.2,2.6,0.091,-0.4,-0.3,-0.7,0.4,17.6,0.364,0.171,0.152,0.029,0.011,0.636,0.559,0.688,0.404,0.636,0.5,0.34,0.789,1.0,0.078,27,0.311,0.378,0,0,0,59,41,-2.5,-4.6,20,11,56,5,37,11,200,6,12
Trey Jemison,LAL,C,25,38,0,392,10.3,N/a,N/a,N/a,2.5,2.8,1.2,1.6,0.4,0.2,0.4,0.6,1.8,41,74,0.554,0,0,N/a,41,74,0.554,13,33,0.394,0.554,11.8,13.1,2.0,1.1,1.9,3.0,104,116,8.9,0.537,0.0,0.446,12.4,12.4,17.1,14.8,5.5,1.1,3.6,21.3,0.0,0.3,0.3,0.037,-6.3,-0.5,-6.8,-0.5,3.9,1.0,0.514,0.419,0.054,0.014,0.0,0.554,0.658,0.484,0.25,0.0,N/a,0.756,N/a,0.203,13,N/a,N/a,0,0,0,8,92,-3.5,-0.4,5,7,34,10,13,0,39,1,10
Trey Murphy III,NOP,SF,24,53,51,1854,35.0,N/a,N/a,N/a,21.2,5.1,0.9,4.2,3.5,1.1,0.7,1.9,2.1,381,839,0.454,158,438,0.361,223,401,0.556,204,230,0.887,0.548,29.4,7.0,4.9,1.5,1.0,2.7,118,121,17.3,0.598,0.522,0.274,23.7,2.7,13.2,7.8,15.9,1.5,2.0,9.9,3.0,0.5,3.5,0.091,2.1,-1.4,0.8,1.3,16.6,0.478,0.217,0.178,0.054,0.03,0.522,0.556,0.725,0.43,0.378,0.4,0.361,0.691,0.848,0.093,73,0.155,0.441,0,8,48,44,0,-10.2,-1.0,46,43,56,6,104,10,449,26,29
Tristan Thompson,CLE,C,33,40,0,328,8.2,N/a,N/a,N/a,1.7,3.4,0.8,2.6,0.6,0.1,0.3,0.4,0.9,31,71,0.437,0,3,0.0,31,68,0.456,7,30,0.233,0.437,10.1,19.6,3.5,0.3,1.6,2.1,100,109,9.1,0.41,0.042,0.423,12.7,10.9,32.7,22.1,8.8,0.3,3.0,14.3,-0.2,0.5,0.4,0.057,-4.9,0.3,-4.6,-0.2,5.8,0.958,0.465,0.366,0.113,0.014,0.042,0.456,0.606,0.385,0.125,0.0,0.0,0.71,N/a,0.155,7,0.333,0.0,0,0,0,0,100,-11.9,-23.6,5,4,12,3,13,0,61,2,7
Tristan Da Silva,ORL,SF,23,74,38,1629,22.0,N/a,N/a,N/a,7.2,3.3,1.0,2.3,1.5,0.4,0.2,0.8,1.3,199,483,0.412,80,239,0.335,119,244,0.488,55,63,0.873,0.495,16.3,7.5,3.5,1.0,0.6,1.7,109,113,9.9,0.522,0.495,0.13,15.2,4.9,12.7,8.6,10.3,1.0,1.1,9.9,0.5,1.9,2.5,0.073,-2.3,-0.3,-2.6,-0.3,15.1,0.505,0.197,0.23,0.043,0.035,0.495,0.488,0.589,0.468,0.333,0.235,0.335,0.613,0.95,0.062,23,0.393,0.372,0,11,53,30,6,-4.4,-6.6,28,15,51,8,30,3,268,6,24
Tristan Vukcevic,WAS,C,21,35,1,513,14.7,N/a,N/a,N/a,9.4,3.7,0.7,3.0,1.1,0.3,0.7,1.2,1.6,120,242,0.496,38,102,0.373,82,140,0.586,52,67,0.776,0.574,30.6,12.1,3.6,1.0,2.1,3.9,110,117,17.8,0.608,0.421,0.277,25.7,5.2,21.2,13.2,13.0,1.0,4.0,13.4,0.3,0.4,0.7,0.069,0.4,-0.9,-0.5,0.2,15.1,0.579,0.186,0.252,0.103,0.037,0.421,0.586,0.8,0.426,0.52,0.778,0.373,0.793,1.0,0.058,14,0.098,0.3,0,0,0,15,85,-10.8,1.6,15,15,35,7,38,5,90,11,9
Ty Jerome,CLE,SG,27,70,3,1393,19.9,N/a,N/a,N/a,12.5,2.5,0.7,1.8,3.4,1.1,0.0,1.3,1.5,319,618,0.516,111,253,0.439,208,365,0.57,129,148,0.872,0.606,30.3,6.0,8.2,2.7,0.1,3.2,128,113,21.0,0.643,0.409,0.239,23.6,4.0,9.3,6.7,24.5,2.7,0.2,11.9,4.2,1.8,5.9,0.204,3.5,0.8,4.3,2.2,15.6,0.591,0.121,0.275,0.168,0.026,0.409,0.57,0.56,0.571,0.577,0.563,0.439,0.332,0.64,0.0,0,0.146,0.459,5,50,45,0,0,9.6,-0.3,42,36,33,4,74,2,576,22,27
Tyler Herro,MIA,SG,25,77,77,2725,35.4,N/a,N/a,N/a,23.9,5.2,0.5,4.7,5.5,0.9,0.2,2.6,1.1,651,1378,0.472,251,670,0.375,400,708,0.565,287,327,0.878,0.563,33.7,7.3,7.8,1.3,0.3,3.6,117,115,19.7,0.605,0.486,0.237,28.0,1.4,14.6,8.1,26.2,1.3,0.6,11.5,4.7,2.7,7.4,0.131,3.8,-0.7,3.1,3.5,16.7,0.514,0.137,0.213,0.126,0.038,0.486,0.565,0.698,0.515,0.529,0.481,0.375,0.378,0.753,0.008,10,0.118,0.456,38,59,2,0,0,1.3,2.4,99,76,41,6,141,3,1046,35,75
Tyler Kolek,NYK,PG,23,41,0,296,7.2,N/a,N/a,N/a,2.0,0.7,0.2,0.5,1.7,0.3,0.1,0.4,0.6,27,82,0.329,14,47,0.298,13,35,0.371,13,17,0.765,0.415,13.6,4.5,11.7,2.0,0.7,3.0,109,116,10.3,0.453,0.573,0.207,15.8,3.1,7.3,5.2,29.5,2.0,1.3,16.7,0.1,0.3,0.4,0.058,-2.6,-0.3,-2.8,-0.1,17.2,0.427,0.159,0.195,0.061,0.012,0.573,0.371,0.462,0.25,0.4,1.0,0.298,0.231,1.0,0.0,0,0.234,0.364,100,0,0,0,0,0.4,-4.1,15,2,16,1,7,3,176,1,3
Tyrese Martin,BRK,SG,25,60,11,1315,21.9,N/a,N/a,N/a,8.7,3.7,1.0,2.7,2.0,0.6,0.2,1.2,1.3,189,465,0.406,99,282,0.351,90,183,0.492,46,58,0.793,0.513,19.8,8.3,4.6,1.3,0.3,2.8,105,118,10.9,0.533,0.606,0.125,18.8,4.8,14.6,9.5,14.6,1.3,0.7,13.1,0.0,0.9,0.9,0.033,-1.4,-1.2,-2.6,-0.2,18.0,0.394,0.127,0.176,0.073,0.017,0.606,0.492,0.746,0.354,0.412,0.375,0.351,0.522,0.939,0.013,6,0.305,0.384,20,55,23,2,0,-9.9,-3.6,46,21,34,1,28,3,302,2,15
Tyrese Haliburton,IND,PG,24,73,73,2451,33.6,N/a,N/a,N/a,18.6,3.5,0.6,3.0,9.2,1.4,0.7,1.6,1.3,476,1006,0.473,218,562,0.388,258,444,0.581,189,222,0.851,0.582,26.6,5.1,13.2,2.1,1.0,2.4,131,115,21.8,0.616,0.559,0.221,21.6,1.9,9.7,5.9,38.9,2.1,1.8,9.8,8.1,2.3,10.4,0.204,5.7,0.2,5.8,4.9,19.3,0.441,0.101,0.14,0.107,0.092,0.559,0.581,0.725,0.582,0.546,0.462,0.388,0.391,0.528,0.024,22,0.073,0.439,77,22,1,0,0,3.3,2.5,76,26,49,4,82,9,1614,23,23
Tyrese Maxey,PHI,PG,24,52,52,1960,37.7,N/a,N/a,N/a,26.3,3.3,0.3,3.1,6.1,1.8,0.4,2.4,2.2,477,1091,0.437,161,478,0.337,316,613,0.515,254,289,0.879,0.511,34.4,4.4,8.0,2.3,0.5,3.1,114,119,19.5,0.562,0.438,0.265,29.8,0.8,9.6,5.0,28.0,2.3,1.1,9.2,2.9,1.0,3.8,0.094,3.2,-1.1,2.0,2.0,15.1,0.562,0.226,0.22,0.071,0.044,0.438,0.515,0.644,0.408,0.462,0.479,0.337,0.307,0.491,0.014,15,0.084,0.275,83,17,0,0,0,-3.8,5.1,56,41,56,7,122,8,791,38,61
Tyus Jones,PHO,PG,28,81,58,2174,26.8,N/a,N/a,N/a,10.2,2.4,0.5,1.9,5.3,0.9,0.1,1.1,0.8,306,683,0.448,166,401,0.414,140,282,0.496,51,57,0.895,0.57,18.9,4.5,9.8,1.6,0.2,2.1,124,122,14.5,0.585,0.587,0.083,16.2,2.1,7.8,5.0,27.7,1.6,0.3,11.4,4.0,0.3,4.4,0.096,1.4,-1.3,0.1,1.1,18.3,0.413,0.06,0.174,0.16,0.019,0.587,0.496,0.78,0.479,0.422,0.385,0.414,0.393,0.873,0.0,0,0.344,0.5,96,4,0,0,0,-3.1,-0.7,67,11,29,3,17,13,1072,3,26
Vasilije Micić,PHO,PG,31,41,16,785,19.1,N/a,N/a,N/a,6.6,2.2,0.5,1.7,3.1,0.4,0.0,1.9,1.1,95,273,0.348,45,125,0.36,50,148,0.338,34,41,0.829,0.43,16.9,5.6,8.0,0.9,0.0,4.8,92,121,6.5,0.462,0.458,0.15,19.9,2.7,9.6,6.0,24.3,0.9,0.0,20.9,-1.2,0.2,-1.0,-0.06,-4.6,-2.4,-7.0,-1.0,17.0,0.542,0.154,0.161,0.095,0.132,0.458,0.338,0.571,0.205,0.192,0.333,0.36,0.34,0.533,0.0,0,0.032,0.25,89,11,1,0,0,-7.8,1.6,45,21,23,3,16,8,295,4,23
Victor Wembanyama,SAS,C,21,46,46,1527,33.2,N/a,N/a,N/a,24.3,11.0,1.8,9.2,3.7,1.1,3.8,3.2,2.3,408,857,0.476,142,403,0.352,266,454,0.586,158,189,0.836,0.559,35.3,16.0,5.3,1.6,5.6,4.7,109,108,24.2,0.594,0.47,0.221,30.4,5.7,29.8,17.7,18.3,1.6,10.4,13.7,1.0,2.8,3.8,0.118,3.6,2.9,6.5,3.3,17.0,0.53,0.208,0.13,0.095,0.098,0.47,0.586,0.809,0.468,0.432,0.417,0.352,0.703,0.859,0.114,91,0.065,0.346,0,0,0,0,100,2.9,9.6,69,59,56,10,86,11,387,23,27
Vince Williams Jr.,MEM,SG,24,27,5,499,18.5,N/a,N/a,N/a,6.6,3.6,0.8,2.8,2.0,0.4,0.3,1.2,1.7,67,167,0.401,26,95,0.274,41,72,0.569,19,24,0.792,0.479,16.7,9.1,5.1,1.1,0.7,3.1,104,115,9.2,0.504,0.569,0.144,17.0,4.7,15.9,10.4,13.8,1.1,1.3,15.7,-0.1,0.5,0.4,0.04,-2.5,-0.3,-2.8,-0.1,16.9,0.431,0.144,0.21,0.066,0.012,0.569,0.569,0.625,0.543,0.545,0.5,0.274,0.61,0.923,0.012,1,0.284,0.37,23,66,11,1,0,1.4,-4.1,22,8,24,1,9,6,131,2,7
Vít Krejčí,ATL,PG,24,57,16,1153,20.2,N/a,N/a,N/a,7.2,2.7,0.4,2.4,2.6,0.6,0.5,0.9,1.8,145,292,0.497,90,206,0.437,55,86,0.64,32,45,0.711,0.651,16.7,6.3,6.0,1.5,1.1,2.0,127,117,12.7,0.661,0.705,0.154,12.9,2.0,13.1,7.4,16.5,1.5,2.1,13.8,1.8,0.8,2.6,0.11,0.0,0.7,0.7,0.8,19.4,0.295,0.13,0.116,0.034,0.014,0.705,0.64,0.763,0.559,0.5,0.5,0.437,0.655,0.922,0.041,11,0.223,0.543,38,61,1,0,0,-2.5,-1.8,30,14,55,0,21,4,358,3,8
Walker Kessler,UTA,C,23,58,58,1740,30.0,N/a,N/a,N/a,11.1,12.2,4.6,7.6,1.7,0.6,2.4,1.5,2.2,278,419,0.663,6,34,0.176,272,385,0.706,79,152,0.52,0.671,17.7,19.5,2.7,1.0,3.8,2.4,130,115,20.0,0.66,0.081,0.363,13.7,16.6,27.1,21.9,8.3,1.0,7.4,15.0,3.6,1.8,5.4,0.149,1.1,0.7,1.8,1.7,4.3,0.919,0.611,0.301,0.005,0.002,0.081,0.706,0.77,0.595,0.0,0.0,0.176,0.618,1.0,0.329,131,0.235,0.5,0,0,0,0,100,-8.8,0.7,25,33,81,21,79,2,243,28,41
Wendell Carter Jr.,ORL,C,25,68,51,1758,25.9,N/a,N/a,N/a,9.1,7.2,2.2,5.0,2.0,0.8,0.6,1.1,2.9,226,491,0.46,37,158,0.234,189,333,0.568,129,175,0.737,0.498,17.6,14.0,3.8,1.5,1.2,2.2,115,109,13.7,0.544,0.322,0.356,16.0,9.4,23.4,16.0,11.5,1.5,2.2,11.9,1.6,3.0,4.6,0.125,-2.2,0.9,-1.2,0.3,12.1,0.678,0.324,0.196,0.1,0.059,0.322,0.568,0.748,0.417,0.429,0.31,0.234,0.757,1.0,0.179,78,0.361,0.263,0,0,0,15,85,0.3,1.5,25,25,101,25,81,9,317,17,31
Wendell Moore Jr.,CHO,SG,23,36,1,499,13.9,N/a,N/a,N/a,4.2,2.6,0.8,1.8,1.2,0.6,0.1,0.8,0.9,59,126,0.468,14,41,0.341,45,85,0.529,18,22,0.818,0.524,14.6,9.3,4.1,2.0,0.5,2.6,110,115,11.0,0.553,0.325,0.175,13.8,6.4,14.3,10.3,11.6,1.9,1.0,16.6,0.2,0.5,0.7,0.063,-2.6,-0.1,-2.7,-0.1,11.1,0.675,0.389,0.175,0.071,0.04,0.325,0.529,0.612,0.5,0.333,0.2,0.341,0.6,0.929,0.04,5,0.537,0.409,1,31,50,17,0,-12.9,-9.1,16,10,17,1,13,0,106,4,12
Xavier Tillman Sr.,BOS,C,26,33,2,231,7.0,N/a,N/a,N/a,1.0,1.3,0.3,1.0,0.2,0.3,0.2,0.4,0.5,13,53,0.245,5,32,0.156,8,21,0.381,3,4,0.75,0.292,7.4,9.3,1.5,2.4,1.1,3.0,67,109,2.4,0.31,0.604,0.075,13.1,4.7,15.5,10.1,3.8,2.4,2.0,20.4,-0.7,0.4,-0.3,-0.057,-8.4,0.3,-8.1,-0.4,17.2,0.396,0.094,0.264,0.038,0.0,0.604,0.381,0.8,0.214,0.5,N/a,0.156,0.375,1.0,0.0,0,0.344,0.091,0,0,1,71,28,-2.4,-12.2,3,8,14,1,1,0,20,0,4
Yves Missi,NOP,C,20,73,67,1956,26.8,N/a,N/a,N/a,9.1,8.2,3.5,4.7,1.4,0.5,1.3,1.1,2.0,269,492,0.547,0,1,0.0,269,491,0.548,127,204,0.623,0.547,16.5,14.9,2.5,0.9,2.4,2.0,120,119,15.4,0.572,0.002,0.415,14.3,13.7,19.7,16.6,7.2,0.9,4.8,12.4,2.5,1.1,3.6,0.089,-1.6,-1.4,-3.0,-0.5,2.8,0.998,0.667,0.311,0.018,0.002,0.002,0.548,0.619,0.405,0.444,0.0,0.0,0.677,N/a,0.297,116,0.0,N/a,0,0,0,17,83,-12.9,-6.4,39,23,98,10,108,3,237,20,65
Zaccharie Risacher,ATL,SF,19,75,73,1843,24.6,N/a,N/a,N/a,12.6,3.6,1.1,2.4,1.2,0.7,0.5,1.2,2.0,357,779,0.458,122,344,0.355,235,435,0.54,106,149,0.711,0.537,23.9,6.8,2.3,1.3,0.9,2.3,108,118,12.2,0.558,0.442,0.191,20.9,5.0,11.1,8.0,7.1,1.3,1.8,9.8,0.6,1.1,1.8,0.046,-1.7,-1.8,-3.5,-0.7,13.5,0.558,0.28,0.216,0.033,0.03,0.442,0.54,0.651,0.458,0.308,0.348,0.355,0.732,0.975,0.095,67,0.41,0.433,0,4,75,21,0,-3.4,-4.2,32,37,95,6,72,9,233,17,53
Zach LaVine,SAC,SG,29,74,74,2602,35.2,N/a,N/a,N/a,23.3,4.3,0.3,4.0,4.2,0.8,0.2,2.8,1.6,625,1223,0.511,239,536,0.446,386,687,0.562,235,285,0.825,0.609,31.6,5.8,5.7,1.1,0.2,3.8,116,119,17.3,0.639,0.438,0.233,25.3,0.9,12.0,6.5,18.3,1.1,0.4,13.4,3.7,1.4,5.1,0.094,2.3,-1.6,0.7,1.8,15.9,0.562,0.242,0.131,0.07,0.119,0.438,0.562,0.723,0.488,0.442,0.386,0.446,0.495,0.544,0.06,68,0.17,0.473,1,38,52,8,0,-1.3,-0.9,100,76,72,8,138,2,740,34,48
Zach Collins,CHI,PF,27,64,12,977,15.3,N/a,N/a,N/a,6.4,4.5,1.6,2.9,1.7,0.5,0.5,0.9,2.1,153,302,0.507,32,106,0.302,121,196,0.617,69,78,0.885,0.56,19.7,14.0,5.4,1.4,1.4,2.9,122,115,16.0,0.605,0.351,0.258,17.1,11.1,19.9,15.6,15.6,1.4,2.6,15.1,1.7,1.0,2.7,0.132,-0.8,0.8,0.0,0.5,11.6,0.649,0.358,0.235,0.046,0.01,0.351,0.617,0.722,0.521,0.357,0.333,0.302,0.818,1.0,0.073,19,0.236,0.28,0,0,0,2,98,-1.7,0.5,21,21,81,13,35,7,259,8,19
Zach Edey,MEM,C,22,66,55,1416,21.5,N/a,N/a,N/a,9.2,8.3,3.5,4.8,1.0,0.5,1.3,1.3,2.8,251,433,0.58,18,52,0.346,233,381,0.612,90,127,0.709,0.6,20.0,18.0,2.1,1.2,2.8,2.9,124,110,18.2,0.624,0.12,0.293,16.4,17.5,23.4,20.5,6.1,1.2,5.5,15.3,2.7,2.2,4.9,0.165,-0.2,0.1,-0.1,0.7,6.1,0.88,0.501,0.335,0.035,0.009,0.12,0.612,0.76,0.414,0.4,0.5,0.346,0.635,1.0,0.236,94,0.308,0.25,0,0,0,0,100,5.7,1.1,26,21,108,25,65,1,165,24,31
Zeke Nnaji,DEN,PF,24,57,4,608,10.7,N/a,N/a,N/a,3.2,1.6,0.6,1.0,0.4,0.4,0.7,0.2,1.1,70,141,0.496,17,52,0.327,53,89,0.596,27,44,0.614,0.557,14.6,7.1,1.8,2.0,3.0,1.1,120,114,12.0,0.574,0.369,0.312,12.2,6.3,9.8,8.1,4.6,2.0,5.6,8.0,0.6,0.6,1.2,0.097,-2.1,0.7,-1.3,0.1,11.4,0.631,0.383,0.199,0.007,0.043,0.369,0.596,0.741,0.321,1.0,0.5,0.327,0.792,0.941,0.184,22,0.519,0.296,0,0,0,65,35,-1.0,-5.8,5,4,47,3,21,2,56,2,13
Ziaire Williams,BRK,SF,23,63,45,1541,24.5,N/a,N/a,N/a,10.0,4.6,1.0,3.6,1.3,1.0,0.4,1.1,2.4,214,520,0.412,103,302,0.341,111,218,0.509,101,123,0.821,0.511,20.4,9.3,2.7,2.0,0.9,2.2,109,114,11.9,0.55,0.581,0.237,18.2,4.3,17.5,10.6,8.5,2.0,1.8,10.5,0.5,1.6,2.1,0.065,-2.2,-0.1,-2.3,-0.1,16.2,0.419,0.242,0.135,0.027,0.015,0.581,0.509,0.659,0.3,0.429,0.125,0.341,0.631,0.981,0.092,38,0.411,0.315,1,18,67,14,1,-9.9,-4.0,36,19,75,3,47,19,198,6,38
Zion Williamson,NOP,PF,24,30,30,857,28.6,N/a,N/a,N/a,24.6,7.2,2.5,4.7,5.3,1.2,0.9,3.0,2.7,288,508,0.567,3,13,0.231,285,495,0.576,158,241,0.656,0.57,41.7,12.2,9.0,2.1,1.5,5.1,117,118,27.3,0.6,0.026,0.474,34.7,9.3,18.2,13.6,36.6,2.1,3.0,12.8,1.9,0.6,2.5,0.141,5.9,1.0,7.0,1.9,4.8,0.974,0.429,0.494,0.047,0.004,0.026,0.576,0.679,0.51,0.375,0.0,0.231,0.46,0.667,0.085,39,0.077,0.0,0,0,32,61,8,-3.1,8.4,35,34,41,17,133,0,406,35,61
